정류장명,정류장 번호,승차인원수,하차인원수,승차인원수(카드),하차인원수(카드),승차인원수(현금),일평균 승하차인원수
(주)경동세라믹스,89146,955,32,955,32,0,32.9
(주)경인양행앞,42096,2174,1253,2174,1253,0,114.23
(주)경인양행앞,42097,2218,5252,2218,5252,0,249
(주)대한특수금속,39050,1006,77,1006,77,0,36.1
(주)두남,39135,161,82,161,82,0,8.1
(주)세모입구(린나이코리아),37585,1519,2051,1519,2051,0,119
(주)세모입구(린나이코리아),40893,447,721,447,721,0,38.93
(주)스킨이데아,89388,1352,3465,1352,3465,0,160.57
(주)스킨이데아,89389,2990,46,2990,46,0,101.2
(주)우리김치,39133,434,3184,434,3184,0,120.6
(주)우리김치,39134,2124,477,2124,477,0,86.7
(주)창원,39029,3321,2913,3321,2913,0,207.8
(주)창원,39030,3682,3501,3682,3501,0,239.43
(주)하나금속,39124,16,64,16,64,0,2.67
17사단.다임메가타운,40895,2661,5128,2661,5128,0,259.63
2001아울렛,40154,3667,6016,3667,6016,0,322.77
2001아울렛,40159,31581,13219,31581,13219,0,1493.33
2001아울렛,40162,10999,21996,10999,21996,0,1099.83
2001아울렛부평점,40158,3915,4149,3915,4149,0,268.8
2차풍림아이원,42584,18,10088,18,10088,0,336.87
3단지,40736,264,1508,264,1508,0,59.07
3단지관리사무소,40107,1722,300,1722,300,0,67.4
41번구종점,42174,1973,6188,1973,6188,0,272.03
510번차고지,36145,822,551,822,551,0,45.77
540번종점,39470,2864,4159,2864,4159,0,234.1
6공단사거리,37577,230,2227,230,2227,0,81.9
6공단입구,37442,511,951,511,951,0,48.73
6공단입구,37443,986,1434,986,1434,0,80.67
8부두,35181,276,2159,276,2159,0,81.17
8부두,35182,1818,3218,1818,3218,0,167.87
BMNR&D센터,89451,570,0,570,0,0,19
BMNR&D센터,89452,5,427,5,427,0,14.4
BMX경기장,90459,8,8,8,8,0,0.53
BMX경기장,90477,3,4,3,4,0,0.23
CJ인천2공장,35591,462,3247,462,3247,0,123.63
CJ인천2공장,35592,2682,139,2682,139,0,94.03
E편한세상,42453,396,401,396,401,0,26.57
E편한세상,42649,1384,6784,1384,6784,0,272.27
E편한세상,42726,6789,1478,6789,1478,0,275.57
GS25편의점,36142,1132,2490,1132,2490,0,120.73
GS칼텍스,35168,598,39,598,39,0,21.23
GS칼텍스,35557,4,2301,4,2301,0,76.83
GS칼텍스,89220,78,699,78,699,0,25.9
GS칼텍스,89224,315,2490,315,2490,0,93.5
GS칼텍스주유소,39814,55,122,55,122,0,5.9
HD현대인프라코어,36081,937,1623,937,1623,0,85.33
HD현대인프라코어,36083,2264,873,2264,873,0,104.57
HD현대인프라코어후문,36078,3237,786,3237,786,0,134.1
JC회관,37383,4179,4330,4179,4330,0,283.63
JST기술연구소,89491,5,2238,5,2238,0,74.77
JST기술연구소,89492,998,27,998,27,0,34.17
KCC아파트,42391,2003,1311,2003,1311,0,110.47
KG모빌리티인천서비스센터,36144,76,1341,76,1341,0,47.23
KG스틸,42008,2549,4487,2549,4487,0,234.53
KTX광명역4번출구,58057,3,29,3,29,0,1.07
KT부평지사,40381,10058,7161,10058,7161,0,573.97
KT부평지사,40384,8198,13033,8198,13033,0,707.7
KT서인천지사,42932,1652,2647,1652,2647,0,143.3
KT서인천지사,42933,1474,826,1474,826,0,76.67
KT송도지점,38568,740,429,740,429,0,38.97
KT온수분국,43523,609,520,609,520,0,37.63
KT인천공항지사,35095,270,301,270,301,0,19.03
KT인천공항지사,35109,6055,3982,6054,3982,1,334.57
KT인천지사,37415,6694,5344,6694,5344,0,401.27
KT인천지사,39319,8199,5287,8199,5287,0,449.53
KT중동지사,55081,920,225,920,225,0,38.17
KT중동지사,55082,216,1142,216,1142,0,45.27
LG마그나,89029,5168,2313,5168,2313,0,249.37
LG마그나,89264,4384,6376,4384,6376,0,358.67
LG물류센터,39043,628,127,628,127,0,25.17
LG물류센터,39044,135,614,135,614,0,24.97
LG전자(주),42297,6043,5195,6043,5195,0,374.6
LH1단지,35494,8348,3911,8347,3911,1,408.63
LH49단지행복주택아파트,35768,736,1670,736,1670,0,80.2
LH49단지행복주택아파트,35769,2228,833,2228,833,0,102.03
LH7단지,35451,3718,2717,3716,2717,2,214.5
LH7단지,35452,2753,4197,2753,4197,0,231.67
LH미추홀3단지,37222,3773,6756,3773,6756,0,350.97
LH미추홀3단지,37635,6436,3254,6436,3254,0,323
NKG물류센터,89212,263,261,263,261,0,17.47
SH글로벌,41083,1128,450,1128,450,0,52.6
SH글로벌,41084,586,2284,586,2284,0,95.67
SK.GS주유소,89230,1853,1747,1853,1747,0,120
SK.GS주유소,89231,1615,2084,1615,2084,0,123.3
SKLPG충전사업소,35636,942,9,942,9,0,31.7
SKLPG충전사업소,35638,4,757,4,757,0,25.37
SK뷰아파트,42888,1544,4688,1544,4688,0,207.73
SK뷰아파트,42889,5486,1264,5486,1264,0,225
SK스카이뷰,37601,254,30526,254,30526,0,1026
SK스카이뷰104동,37587,7796,92,7796,92,0,262.93
SK스카이뷰109동,37607,8134,90,8134,90,0,274.13
SK인천석유화학,42767,2142,2502,2142,2502,0,154.8
SK인천석유화학,42768,1812,1971,1812,1971,0,126.1
SK주유소,42956,1000,1068,1000,1068,0,68.93
SK주유소앞,35287,1713,203,1713,203,0,63.87
SK주유소앞,35539,127,1313,127,1313,0,48
SK충전소,35085,17,2292,17,2292,0,76.97
e편한세상(109동앞),32062,871,1660,871,1660,0,84.37
e편한세상(109동앞),38643,1140,473,1140,473,0,53.77
e편한세상1차(정문),35662,1649,2254,1649,2254,0,130.1
e편한세상1차(정문),35663,2745,1419,2745,1419,0,138.8
e편한세상검단어반센트로,89554,1847,2402,1847,2402,0,141.63
e편한세상검단어반센트로,89555,3150,1845,3150,1845,0,166.5
e편한세상계양,41037,13191,4113,13191,4113,0,576.8
e편한세상계양,41038,6004,14065,6004,14065,0,668.97
e편한세상부평그랑힐스정문,40928,3271,273,3271,273,0,118.13
e편한세상부평그랑힐스정문,40929,384,3252,384,3252,0,121.2
e편한세상부평그랑힐스후문,40930,3105,2481,3105,2481,0,186.2
e편한세상영종센텀베뉴정문,35510,990,4849,990,4849,0,194.63
e편한세상영종오션하임,35674,1489,778,1489,778,0,75.57
e편한세상영종오션하임,35761,844,1223,844,1223,0,68.9
e편한세상영종하늘도시,35646,997,709,997,709,0,56.87
e편한세상영종하늘도시,35647,371,725,371,725,0,36.53
e편한세상정문,38624,25538,3303,25538,3303,0,961.37
e편한세상주안에듀서밋아파트,37158,3190,2144,3190,2144,0,177.8
e편한세상주안에듀서밋아파트,37159,967,4169,967,4169,0,171.2
gym80fitness,37081,3027,1079,3027,1079,0,136.87
㈜한슬,42814,0,198,0,198,0,6.6
가경공원,89365,1462,1128,1462,1128,0,86.33
가구단지사거리,37455,2684,3682,2684,3682,0,212.2
가구단지사거리,37456,2837,1798,2837,1798,0,154.5
가구전시장,42072,1279,2148,1279,2148,0,114.23
가구전시장,42074,3012,923,3012,923,0,131.17
가나안마을앞,43904,0,12,0,12,0,0.4
가나안마을앞,43905,13,3,13,3,0,0.53
가능포,43969,14,8,14,8,0,0.73
가능포,43970,1,30,1,30,0,1.03
가림고등학교,42078,15394,13692,15394,13692,0,969.53
가산디지털단지역9번출구,18106,2,1624,2,1624,0,54.2
가산디지털단지역9번출구,18107,1641,30,1641,30,0,55.7
가야,42807,1894,3,1894,3,0,63.23
가야,42808,6,1931,6,1931,0,64.57
가오대입구,80033,137,436,137,436,0,19.1
가오대입구,80034,97,662,97,662,0,25.3
가원초등학교,42952,7079,5083,7079,5083,0,405.4
가원초등학교,89118,3282,6681,3282,6681,0,332.1
가재우물터,35678,31,23,31,23,0,1.8
가재우물터,35700,40,20,39,20,1,2
가재울사거리,42039,3050,5752,3050,5752,0,293.4
가재울사거리,42042,8699,5240,8699,5240,0,464.63
가재울역1번출구,42035,1492,692,1492,692,0,72.8
가재울역2번출구,42033,14667,9540,14667,9540,0,806.9
가재울역3번출구,42032,10557,3062,10557,3062,0,453.97
가재울역4번출구,42034,2627,2663,2627,2663,0,176.33
가정(루원시티)역,89050,14853,55997,14853,55997,0,2361.67
가정(루원시티)역,89051,77385,20667,77385,20667,0,3268.4
가정(루원시티)역,89075,90499,110625,90499,110625,0,6704.13
가정(루원시티)역,89078,103314,79888,103314,79888,0,6106.73
가정2지구3단지아파트,89626,37,26,37,26,0,2.1
가정2지구3단지아파트,89627,25,35,25,35,0,2
가정3동성당,42226,420,3470,420,3470,0,129.67
가정LH3단지정문앞,89041,18057,4526,18057,4526,0,752.77
가정고등학교,42200,11520,5242,11520,5242,0,558.73
가정고등학교,42203,3506,8139,3506,8139,0,388.17
가정교,89502,52,1180,52,1180,0,41.07
가정교,89503,2196,325,2196,325,0,84.03
가정교차로,89390,1496,1224,1496,1224,0,90.67
가정교차로,89391,362,3046,362,3046,0,113.6
가정동성당,89102,3350,4130,3350,4130,0,249.33
가정동성당,89105,2540,1604,2540,1604,0,138.13
가정로사거리,89625,181,378,181,378,0,18.63
가정보금자리,89119,2455,1055,2455,1055,0,117
가정보금자리,89120,273,1958,273,1958,0,74.37
가정여자중학교,42041,1322,7945,1322,7945,0,308.9
가정여자중학교,89527,1234,1977,1234,1977,0,107.03
가정중앙시장역,42215,1522,1914,1522,1914,0,114.53
가정중앙시장역,42219,1662,1949,1662,1949,0,120.37
가정택지삼거리,89385,309,180,309,180,0,16.3
가정택지삼거리,89386,241,628,241,628,0,28.97
가정휴먼시아3단지,89186,953,1449,953,1449,0,80.07
가정휴먼시아3단지,89187,1555,1014,1555,1014,0,85.63
가좌2동행정복지센터,42073,5383,399,5383,399,0,192.73
가좌2동행정복지센터,42076,162,6043,162,6043,0,206.83
가좌3동행정복지센터,42075,11790,13785,11790,13785,0,852.5
가좌4동행정복지센터,42062,3452,1718,3452,1718,0,172.33
가좌고등학교,42060,14573,12742,14573,12742,0,910.5
가좌고등학교,42061,6569,8711,6569,8711,0,509.33
가좌공단,42526,30,10486,30,10486,0,350.53
가좌공단,42945,7924,1122,7924,1122,0,301.53
가좌교회,42055,2558,2743,2558,2743,0,176.7
가좌교회,42057,3808,3914,3808,3914,0,257.4
가좌녹지공원,42029,1534,3539,1534,3539,0,169.1
가좌녹지공원,42030,2110,1526,2110,1526,0,121.2
가좌농협,42066,8233,6814,8233,6814,0,501.57
가좌농협,42067,6046,6099,6046,6099,0,404.83
가좌동차고,42939,3475,427,3475,427,0,130.07
가좌동차고지,42522,10,1253,10,1253,0,42.1
가좌두산위브104동앞,42090,4503,3710,4503,3710,0,273.77
가좌사거리,42043,30,221,30,221,0,8.37
가좌사거리,42044,388,3692,388,3692,0,136
가좌진주아파트,42100,15223,31106,15223,31106,0,1544.3
가좌초등학교,42069,3981,4314,3981,4314,0,276.5
가좌초등학교,42070,4982,2543,4982,2543,0,250.83
가좌테니스장,37454,1944,992,1944,992,0,97.87
가좌테니스장,37457,802,1086,802,1086,0,62.93
가좌현대아파트,42130,8439,2283,8439,2283,0,357.4
가좌현대아파트,42133,909,9443,909,9443,0,345.07
가좌홈플러스(쌍마아파트),42101,10960,7178,10960,7178,0,604.6
가좌홈플러스(쌍마아파트),42103,6950,11864,6950,11864,0,627.13
가좌환경사업소,42631,8229,5106,8229,5106,0,444.5
가좌환경사업소북측,89341,233,501,233,501,0,24.47
가좌환경사업소북측,89342,21,262,21,262,0,9.43
가천대학교,38270,1617,1397,1617,1397,0,100.47
가천대학교,38284,8288,3700,8288,3700,0,399.6
가천대학교(노인복지회관),38269,790,1284,790,1284,0,69.13
가천의대,43237,8,29,8,29,0,1.23
가천의대,43897,12,3,12,3,0,0.5
가톨릭대,43156,8,0,8,0,0,0.27
가톨릭대,43325,3,92,3,92,0,3.17
가현오일뱅크,42734,27,16,27,16,0,1.43
가현중학교,42722,3196,2927,3196,2927,0,204.1
가현초교앞(루에블리아파트),89242,2114,3445,2114,3445,0,185.3
가현초교앞(센트럴타운아파트),89243,5244,1462,5244,1462,0,223.53
각곡,43602,13,124,13,124,0,4.57
각곡,43772,167,20,161,20,6,6.23
간석4거리,39538,228,246,228,246,0,15.8
간석4동행정복지센터,39403,3714,7677,3714,7677,0,379.7
간석4동행정복지센터,39412,5514,2555,5514,2555,0,268.97
간석금호어울림아파트,39334,25481,14628,25481,14628,0,1336.97
간석남부역,37429,4201,1074,4201,1074,0,175.83
간석남부역,37435,10267,7489,10267,7489,0,591.87
간석남부역,37529,1617,3803,1617,3803,0,180.67
간석동용광경로당,39394,838,566,838,566,0,46.8
간석래미안.자이,39333,17340,17538,17340,17538,0,1162.6
간석북부역,39806,4411,105,4411,105,0,150.53
간석북부역,39807,14,2797,14,2797,0,93.7
간석북부역·우성1차,39368,13968,5046,13968,5046,0,633.8
간석북부역·우성1차,39370,5386,11040,5386,11040,0,547.53
간석사거리,39413,14058,9170,14058,9170,0,774.27
간석사거리,39414,4701,10179,4701,10179,0,496
간석사거리,39430,2780,2690,2780,2690,0,182.33
간석사거리(상인천중학교),39422,13218,29020,13218,29020,0,1407.93
간석사거리(상인천중학교),39426,31618,20167,31618,20167,0,1726.17
간석시장,39434,11709,28464,11709,28464,0,1339.1
간석시장,39436,55026,32479,55026,32479,0,2916.83
간석시장,39437,17323,23803,17323,23803,0,1370.87
간석오거리,39460,15185,16748,15185,16748,0,1064.43
간석오거리,39597,4704,3677,4704,3677,0,279.37
간석오거리(교원공제조합),39444,35524,29070,35524,29070,0,2153.13
간석오거리(교원공제조합),39446,15985,14245,15985,14245,0,1007.67
간석오거리(인천웨딩홀),39406,8404,12240,8404,12240,0,688.13
간석오거리(인천웨딩홀),39423,34905,20500,34905,20500,0,1846.83
간석오거리역(2번출구),39448,13715,18953,13715,18953,0,1088.93
간석오거리역(7번출구),39447,17078,33626,17078,33626,0,1690.13
간석오거리역(8번출구),39449,62793,68785,62793,68785,0,4385.93
간석지구대,39535,702,554,702,554,0,41.87
간석지구대,39536,549,805,549,805,0,45.13
간석풍림아파트,92053,854,626,854,626,0,49.33
간석한신더휴아파트맞은편,37447,2361,521,2361,521,0,96.07
간재울초등학교,42347,5932,3797,5932,3797,0,324.3
간촌,43504,15,69,15,69,0,2.8
간촌,43518,72,28,72,28,0,3.33
갈산1동행정복지센터,40943,290,1258,290,1258,0,51.6
갈산대동아파트,40550,634,1006,634,1006,0,54.67
갈산동아아파트,40567,1915,1616,1915,1616,0,117.7
갈산동입구,40622,62,3727,62,3727,0,126.3
갈산동천주교회,40652,945,5361,945,5361,0,210.2
갈산동천주교회맞은편,40650,7178,5156,7178,5156,0,411.13
갈산두산아파트,40544,4975,6023,4975,6023,0,366.6
갈산사거리,40631,2361,4907,2361,4907,0,242.27
갈산사거리,40634,3227,4411,3227,4411,0,254.6
갈산새마을금고,40635,8957,2215,8957,2215,0,372.4
갈산시장,40628,6815,6300,6815,6300,0,437.17
갈산시장.갈산도서관,40629,2102,5618,2102,5618,0,257.33
갈산역,40601,36573,12406,36573,12406,0,1632.63
갈산역,40602,9982,44298,9982,44298,0,1809.33
갈산역(1번출구),40604,23320,7290,23320,7290,0,1020.33
갈산역(부평4공단)4번출구,40606,7009,19155,7009,19155,0,872.13
갈산주공1단지,40578,3224,2079,3224,2079,0,176.77
갈산주공1단지105동,40813,4471,2464,4471,2464,0,231.17
갈산주공2단지,40562,651,1461,651,1461,0,70.4
갈산주공2단지,40577,4671,7753,4671,7753,0,414.13
갈산태화아파트,40542,559,1377,559,1377,0,64.53
갈산태화아파트,40664,3558,861,3558,861,0,147.3
갈산태화아파트,40666,282,1530,282,1530,0,60.4
갈산태화아파트,40667,623,2686,623,2686,0,110.3
갈삼사거리,40940,624,890,624,890,0,50.47
갈월초등학교,40531,126,1083,126,1083,0,40.3
갈현경로당,41491,172,468,172,468,0,21.33
갈현경로당앞,41607,337,193,337,193,0,17.67
갈현교,41608,5,1,5,1,0,0.2
갈현교,41609,0,9,0,9,0,0.3
갈현교입구,41492,189,32,189,32,0,7.37
갈현교입구,41617,34,199,34,199,0,7.77
갈현동마을,41351,552,703,552,703,0,41.83
갈현동마을,41352,196,801,196,801,0,33.23
갑곶돈대.강화전쟁박물관,43365,4,10,4,10,0,0.47
갑곶돈대.강화전쟁박물관,43728,3,18,3,18,0,0.7
갑곶돈대입구,43367,13,12,12,12,1,0.83
갑곶돈대입구,43726,11,2,11,2,0,0.43
갑륭초교,43374,5,8,5,8,0,0.43
갑륭초교,43724,11,261,11,261,0,9.07
갑문,35125,13,502,13,502,0,17.17
갑문,35504,216,8,216,8,0,7.47
강남시장,42172,18333,13551,18333,13551,0,1062.8
강남시장,42173,9069,9656,9069,9656,0,624.17
강남역도시에빛,31076,5419,7418,5419,7418,0,427.9
강남역서초현대타워앞,31016,52684,31942,52684,31942,0,2820.87
강남중교,43213,286,14,286,14,0,10
강남중교,43278,49,354,49,354,0,13.43
강서구청사거리.서울디지털대학교(중),16007,1300,478,1300,478,0,59.27
강서구청사거리.서울디지털대학교(중),16008,750,1488,750,1488,0,74.6
강서중학교,43660,7,140,6,140,1,4.9
강서중학교,43898,148,11,145,11,3,5.3
강인여객,40020,1136,1543,1136,1543,0,89.3
강인여객,40022,1135,766,1135,766,0,63.37
강화갯벌장어,43633,1,0,1,0,0,0.03
강화갯벌장어,43671,0,3,0,3,0,0.1
강화고등학교,43564,4,56,3,56,1,2
강화고등학교,43761,23,109,23,109,0,4.4
강화군노인문화센터,90373,67,79,67,79,0,4.87
강화군노인문화센터,90374,67,56,67,56,0,4.1
강화군청,43065,3707,1267,3658,1267,49,165.8
강화군청,43108,1444,3118,1436,3118,8,152.07
"강화군청,수라면옥",90487,160,24,159,24,1,6.13
"강화군청,수라면옥",90488,7,256,7,256,0,8.77
강화군행복센터,43055,226,2475,224,2475,2,90.03
강화군행복센터,43056,69,417,69,417,0,16.2
강화루지.강남상회,43150,150,95,150,95,0,8.17
강화루지.강남상회,43250,60,203,60,203,0,8.77
강화마니산,43001,48,69,48,69,0,3.9
강화마니산,43002,673,231,673,231,0,30.13
강화문화원.종합전시관,43097,70,82,70,82,0,5.07
강화문화원.종합전시관,43098,247,747,247,747,0,33.13
강화병원,43088,46,3532,43,3532,3,119.27
강화병원,43089,2314,103,2314,103,0,80.57
강화산단,90123,0,7,0,7,0,0.23
강화산단,90124,0,2,0,2,0,0.07
강화산단입구,90096,7,35,7,35,0,1.4
강화산단입구,90097,5,0,5,0,0,0.17
강화산성서문,43080,443,426,443,426,0,28.97
강화산성서문,43081,65,136,64,136,1,6.7
강화서문,43063,741,424,740,424,1,38.83
강화서문,43064,434,785,423,785,11,40.63
강화소방서,43364,95,336,95,336,0,14.37
강화소방서,43587,329,88,329,88,0,13.9
강화수양관앞,43467,79,15,79,15,0,3.13
강화수양관앞,43732,8,39,8,39,0,1.57
강화슈퍼,43066,1317,1530,1310,1530,7,94.9
강화슈퍼,43068,1952,729,1920,729,32,89.37
강화여자중학교,90334,20,168,20,168,0,6.27
강화여자중학교,90481,38,23,38,23,0,2.03
강화역사박물관(고인돌),43601,589,55,579,55,10,21.47
강화역사박물관(고인돌),43670,39,606,38,606,1,21.5
강화유치원,90484,2,3,2,3,0,0.17
강화유치원,90485,2,34,2,34,0,1.2
강화장례식장,43918,1761,212,1728,212,33,65.77
강화장례식장,43946,45,2221,45,2221,0,75.53
강화중학교,43207,57,102,57,102,0,5.3
강화중학교,43623,49,78,49,78,0,4.23
강화터미널,43057,9,790,9,790,0,26.63
강화터미널,43058,326,872,324,872,2,39.93
강화터미널,43096,74794,51217,74459,51217,335,4200.37
개항동어울터,35197,7852,1760,7852,1760,0,320.4
개항동어울터,35198,2084,8610,2084,8610,0,356.47
개화119안전센터,25023,36,1540,36,1540,0,52.53
개화119안전센터,25024,1443,36,1443,36,0,49.3
개화역1번출구.개화검문소,25030,473,8752,473,8752,0,307.5
개화역1번출구.개화검문소,25031,3179,434,3179,434,0,120.43
개화역광역환승센터,25182,1367,2283,1367,2283,0,121.67
갤러리84입구,35666,23,26,23,26,0,1.63
갤러리84입구,35667,31,42,31,42,0,2.43
갯벌슈퍼,43410,6,22,6,22,0,0.93
갯벌슈퍼,43513,8,0,8,0,0,0.27
거북시장,42132,11989,10233,11989,10233,0,740.73
거북시장,42136,11696,9871,11696,9871,0,718.9
거산정공.(주)록키,39137,1664,2286,1664,2286,0,131.67
거여목체육공원,41674,1,31,1,31,0,1.07
거잠포선착장,35302,36,187,36,187,0,7.43
거잠포선착장,35303,267,78,267,78,0,11.5
거잠포회센터,35588,30,51,30,51,0,2.7
건설기술교육원,39353,6864,11283,6864,11283,0,604.9
건설기술교육원,39354,5369,4602,5369,4602,0,332.37
건영아파트·나사렛국제병원,38069,14820,41185,14820,41185,0,1866.83
건일아파트,43015,586,304,586,304,0,29.67
건일아파트,43094,264,430,264,430,0,23.13
건지사거리,42882,91,1,91,1,0,3.07
건지사거리,42883,0,131,0,131,0,4.37
건평,43168,187,82,187,82,0,8.97
건평,43186,5,59,5,59,0,2.13
건평리,43187,32,22,31,22,1,1.8
건평리,43651,15,54,15,54,0,2.3
건평마을회관,43594,15,24,15,24,0,1.3
건평입구,43170,3,18,3,18,0,0.7
건평입구,43331,3,15,3,15,0,0.6
걸포북변역.국민연금공단,35560,788,5576,788,5576,0,212.13
걸포북변역.국민연금공단,35610,4402,825,4402,825,0,174.23
걸포사거리.김포우리병원,35657,174,903,174,903,0,35.9
걸포사거리.우리병원,35561,925,445,925,445,0,45.67
검단1교차로,89575,73,122,73,122,0,6.5
검단1교차로,89576,31,328,31,328,0,11.97
검단1차피오레·금호어울림아파트,89457,1114,297,1114,297,0,47.03
검단1차피오레·금호어울림아파트,89458,141,1051,141,1051,0,39.73
검단2교차로,89581,9,418,9,418,0,14.23
검단AA25단지,89619,3,81,3,81,0,2.8
검단LH13단지후문,89558,1021,913,1021,913,0,64.47
검단LH13단지후문,89559,553,620,553,620,0,39.1
검단LH26단지아파트,89545,1001,1056,1001,1056,0,68.57
검단LH26단지후문,89553,363,329,363,329,0,23.07
검단LH36단지,89548,1220,658,1220,658,0,62.6
검단LH36단지,89549,964,1186,964,1186,0,71.67
검단LH행복주택,89408,4159,3669,4159,3669,0,260.93
검단공구상가,89053,19,625,19,625,0,21.47
검단공구상가,89065,376,179,376,179,0,18.5
검단금호어울림센트럴아파트,89546,884,569,884,569,0,48.43
검단노인복지관,42695,33,90,33,90,0,4.1
검단농기구센터,89316,83,4,83,4,0,2.9
검단농기구센터,89324,9,183,9,183,0,6.4
검단농협,42432,24247,7438,24226,7438,21,1056.17
검단농협,42434,5480,13625,5476,13625,4,636.83
검단대성베르힐,89467,1730,706,1730,706,0,81.2
검단동행정복지센터(검단고교),42441,3709,7406,3708,7406,1,370.5
검단동행정복지센터(검단고교),42445,3872,5277,3872,5277,0,304.97
검단디에트르리버파크,89476,1003,3251,1003,3251,0,141.8
검단디에트르리버파크,89477,3277,904,3277,904,0,139.37
검단로744번길,89611,1140,457,1140,457,0,53.23
검단로744번길,89612,277,1174,277,1174,0,48.37
검단로제비앙라포레,89483,4363,1428,4363,1428,0,193.03
검단로지스틱스파크,41339,2032,810,2032,810,0,94.73
검단로지스틱스파크,42395,995,3964,995,3964,0,165.3
검단메가박스,42383,2123,1600,2123,1600,0,124.1
검단메가박스,42384,385,1047,385,1047,0,47.73
검단모아미래도엘리트,89466,1856,4305,1856,4305,0,205.37
검단모아엘가그랑데아파트,42483,1818,1645,1818,1645,0,115.43
검단사거리(구.검단출장소),42423,14563,10772,14563,10772,0,844.5
검단사거리(구.검단출장소),42424,4744,9349,4744,9349,0,469.77
검단사거리역,42419,14970,14764,14970,14764,0,991.13
검단사거리역,42426,2509,8973,2509,8973,0,382.73
검단사거리역,42427,7490,3525,7485,3525,5,367.17
검단사거리역,42537,9797,13089,9797,13089,0,762.87
검단소방서,42428,2313,4179,2313,4179,0,216.4
검단소방서,42431,604,2674,604,2674,0,109.27
검단소방서후문,89550,63,400,63,400,0,15.43
검단신도시예미지더시그너스,89415,4052,1844,4052,1844,0,196.53
검단신도시예미지더시그너스,89416,1491,3421,1491,3421,0,163.73
검단신도시우미린리버포레,89409,5568,5320,5568,5320,0,362.93
검단신안인스빌어반퍼스트,89511,2032,240,2032,240,0,75.73
검단신안인스빌어반퍼스트,89512,281,1218,281,1218,0,49.97
검단예미지트리플에듀,89543,1201,1392,1201,1392,0,86.43
검단예미지트리플에듀,89551,1314,623,1314,623,0,64.57
검단예미지트리플에듀2701동,89552,298,296,298,296,0,19.8
검단예미지트리플에듀아파트,89484,636,1494,636,1494,0,71
검단오류공단,42702,3,475,3,475,0,15.93
검단오류공단,42703,247,10,247,10,0,8.57
검단오류역,89057,8199,1321,8199,1321,0,317.33
검단오류역,89060,1037,8942,1037,8942,0,332.63
검단오류역우방아이유쉘,89067,783,1204,783,1204,0,66.23
검단오류역우방아이유쉘,89068,1494,480,1494,480,0,65.8
검단오류풍림아이원,89251,536,440,536,440,0,32.53
검단오류풍림아이원,89252,602,527,602,527,0,37.63
검단우미린더헤리티지,89525,105,126,105,126,0,7.7
검단우미린더헤리티지,89526,187,226,187,226,0,13.77
검단우미린파크뷰1단지,89499,512,415,512,415,0,30.9
검단우미린파크뷰1단지,89500,514,145,514,145,0,21.97
검단우미린파크뷰2단지,89469,4364,2237,4364,2237,0,220.03
검단우미린파크뷰2단지,89501,3261,3541,3261,3541,0,226.73
검단우방아이유쉘아파트,42688,392,803,392,803,0,39.83
검단원흥아파트,42400,1482,905,1482,905,0,79.57
검단원흥아파트,42401,1038,2477,1038,2477,0,117.17
검단유승한내들에듀파크정문,89567,2107,892,2107,892,0,99.97
검단지식산업센타,89054,6900,148,6900,148,0,234.93
검단지식산업센타,89063,133,4851,133,4851,0,166.13
검단천로,89590,336,36,336,36,0,12.4
검단천로,89591,13,317,13,317,0,11
검단초등학교,42475,10512,7244,10512,7244,0,591.87
검단초등학교,42482,6966,4906,6966,4906,0,395.73
검단초등학교,89332,105,151,102,151,3,8.53
검단초등학교,89333,109,192,106,192,3,10.03
검단탑종합병원,42877,644,715,644,715,0,45.3
검단탑종합병원,89596,191,10,191,10,0,6.7
검단하나아파트,42421,3383,520,3383,520,0,130.1
검단하나아파트,42422,451,818,450,818,1,42.3
검단한신더휴캐널파크1103동,89404,3672,8015,3672,8015,0,389.57
검단한신더휴캐널파크1103동,89405,10430,4966,10430,4966,0,513.2
검단한신더휴캐널파크정문,89566,629,1614,629,1614,0,74.77
검단호수공원역,89584,2384,536,2384,536,0,97.33
검단호수공원역,89585,136,3770,136,3770,0,130.2
검단힐스테이트4차,89597,165,12,165,12,0,5.9
검단힐스테이트5차아파트,42557,570,356,570,356,0,30.87
검단힐스테이트5차아파트,42558,283,948,283,948,0,41.03
검마루로.검단AA21단지,89607,220,3,220,3,0,7.43
검마루로.금강펜테리움,89618,6,446,6,446,0,15.07
검마루로.중흥S클래스,89620,183,87,183,87,0,9
검마루로.풍경채어바니티2차,89606,3,514,3,514,0,17.23
검마루로.풍경채어바니티2차,89608,378,1,378,1,0,12.63
검문소,43662,3,3,3,3,0,0.2
검문소,43812,5,100,5,100,0,3.5
검문소,90042,0,3,0,3,0,0.1
검문소,90043,76,164,75,164,1,8
검바위역,42348,5311,859,5311,859,0,205.67
검바위역,42349,1013,5247,1013,5247,0,208.67
검암경서동행정복지센터,42352,2554,5115,2554,5115,0,255.63
검암경서동행정복지센터,42353,6090,2218,6090,2218,0,276.93
검암사거리,42356,2782,5058,2782,5058,0,261.33
검암사거리,42357,6169,2282,6169,2282,0,281.7
검암사거리,42358,8531,2285,8531,2285,0,360.53
검암역(시내방면),42364,9592,356,9592,356,0,331.6
검암역(원당방면),42363,6277,30434,6277,30434,0,1223.7
검암역.서해그랑블아파트,42360,8115,6185,8115,6185,0,476.67
검암역로열파크씨티푸르지오1단지,89167,11235,76,11235,76,0,377.03
검암역로열파크씨티푸르지오1단지,89168,28,10304,28,10304,0,344.4
검암역로열파크씨티푸르지오2단지,89169,2798,2051,2798,2051,0,161.63
검암역로열파크씨티푸르지오2단지,89170,30,5527,30,5527,0,185.23
검암역입구,42851,20075,9049,20075,9049,0,970.8
검암역입구,42852,13772,13311,13772,13311,0,902.77
검암역입구(시천교밑),89250,13710,3291,13710,3291,0,566.7
검암중학교,42359,3904,2049,3904,2049,0,198.43
검암중학교,42362,2559,2831,2559,2831,0,179.67
검암초등학교,42361,532,6049,532,6049,0,219.37
겐트대학교글로벌캠퍼스,38769,214,0,214,0,0,7.13
겐트대학교글로벌캠퍼스,38770,108,1559,108,1559,0,55.57
경기국제통상고.포도마을뉴서울.중앙공원,55042,618,1824,618,1824,0,81.4
경기국제통상고.포도마을뉴서울.중앙공원,55043,1433,1039,1433,1039,0,82.4
경기도교육청학생교육원,43162,0,80,0,80,0,2.67
경기도교육청학생교육원,43222,194,38,193,38,1,7.73
경기주유소,43051,168,468,168,468,0,21.2
경남1차,40343,7949,328,7949,328,0,275.9
경남1차아파트,40376,13334,8214,13334,8214,0,718.27
경남2차,40305,8605,64,8605,64,0,288.97
경남아너스빌,42099,3833,1463,3833,1463,0,176.53
경남아너스빌,42102,1515,3055,1515,3055,0,152.33
경남아너스빌아파트,42110,7344,3445,7344,3445,0,359.63
경남아너스빌아파트,42111,2224,3493,2224,3493,0,190.57
경남아파트,35143,9039,3633,9039,3633,0,422.4
경남아파트,35147,2282,3739,2282,3739,0,200.7
경남아파트,38281,7705,7179,7705,7179,0,496.13
경남아파트,41011,13218,4346,13218,4346,0,585.47
경남아파트,41014,4243,6846,4243,6846,0,369.63
경남아파트,42332,7458,2989,7458,2989,0,348.23
경남아파트,42334,2770,7406,2770,7406,0,339.2
경남아파트308동앞,40334,29,5985,29,5985,0,200.47
경남아파트311동앞,40300,27,4569,27,4569,0,153.2
경남아파트313동앞,40287,31,8232,31,8232,0,275.43
경동택배,89315,57,1,56,1,1,1.93
경동택배,89325,0,67,0,67,0,2.23
경명초등학교,89216,1462,428,1462,428,0,63
경명초등학교,89277,6583,8092,6583,8092,0,489.17
경명초등학교,89278,4351,7723,4351,7723,0,402.47
경방신약,39136,4873,1339,4873,1339,0,207.07
경복예식장,39399,10746,5529,10746,5529,0,542.5
경서3구역입구,89592,24,467,24,467,0,16.37
경서3구역입구,89593,31,179,31,179,0,7
경서농원,42333,289,476,289,476,0,25.5
경서농원,42335,113,1502,113,1502,0,53.83
경서북청라푸르지오트레시엘,89419,161,710,161,710,0,29.03
경서북청라푸르지오트레시엘,89621,339,100,339,100,0,14.63
경서지구입구,42301,9333,2526,9333,2526,0,395.3
경서지구입구,42303,1436,7589,1436,7589,0,300.83
경서지구입구,42671,3121,3174,3121,3174,0,209.83
경서지구입구,42672,4578,3606,4578,3606,0,272.8
경서초등학교,42569,5197,3073,5197,3073,0,275.67
경서초등학교,42570,2991,3460,2991,3460,0,215.03
경신마을,39646,230,189,230,189,0,13.97
경신마을,39982,87,405,87,405,0,16.4
경신아파트,41216,1894,897,1894,897,0,93.03
경신아파트,41223,1877,3260,1877,3260,0,171.23
경연초중학교,89271,7713,3610,7713,3610,0,377.43
경연초중학교,89272,3567,6153,3567,6153,0,324
경연초중학교·청라센텀로제비앙,89286,3382,1745,3382,1745,0,170.9
경연초중학교·청라호반써밋,89285,2373,2517,2373,2517,0,163
경인계량소,42549,988,2,988,2,0,33
경인계량소,42550,1,718,1,718,0,23.97
경인교대.부평향교,41138,987,1202,987,1202,0,72.97
경인교대.부평향교,41139,1064,1118,1064,1118,0,72.73
경인교대역입구,41428,8976,6170,8976,6170,0,504.87
경인교대역입구,41429,6288,8026,6288,8026,0,477.13
경인교회앞,40077,912,3369,912,3369,0,142.7
경인방송,37003,167,379,167,379,0,18.2
경인방송,37004,40,306,40,306,0,11.53
경인산업,39688,658,2022,658,2022,0,89.33
경인아라뱃길여객터미널,42869,291,15,291,15,0,10.2
경인여대,41277,10152,17855,10152,17855,0,933.57
경인여대,41278,6245,7869,6245,7869,0,470.47
경인특장,42547,367,2,367,2,0,12.3
경인항다목적부두,89151,211,3,211,3,0,7.13
경인항다목적부두,89152,0,209,0,209,0,6.97
경전말,43934,11,2,11,2,0,0.43
경제자유구역청,38514,3743,4033,3743,4033,0,259.2
경제자유구역청,38515,3897,6148,3897,6148,0,334.83
경중로.로데오시티포레안,89594,2747,1472,2747,1472,0,140.63
경중로.로데오시티포레안,89595,2108,1911,2108,1911,0,133.97
경진브로아,39042,1234,1337,1234,1337,0,85.7
경흥빌라,43372,670,1,664,1,6,22.37
경흥빌라,43616,8,307,8,307,0,10.5
경희유치원앞,39991,182,600,182,600,0,26.07
경희유치원앞,39992,204,112,204,112,0,10.53
계량소,40195,2176,340,2176,340,0,83.87
계룡리슈빌,55225,5610,2546,5610,2546,0,271.87
계산공고,41167,3362,4212,3362,4212,0,252.47
계산공고,41170,5533,7761,5533,7761,0,443.13
계산공고앞,41169,3315,2641,3315,2641,0,198.53
계산국민체육센터,41276,2474,3531,2474,3531,0,200.17
계산국민체육센터,41613,2620,3002,2620,3002,0,187.4
계산동수협,41533,3947,4113,3947,4113,0,268.67
계산동아아파트,41231,456,2,456,2,0,15.27
계산동우체국,41427,8334,4907,8334,4907,0,441.37
계산삼거리(신도브래뉴),41199,10877,7512,10877,7512,0,612.97
계산삼거리(신도브래뉴),41201,4232,8970,4232,8970,0,440.07
계산시장,41176,2793,4493,2793,4493,0,242.87
계산여고,41576,986,2154,986,2154,0,104.67
계산여자고등학교,41224,903,1274,903,1274,0,72.57
계산역,41247,5722,4861,5722,4861,0,352.77
계산역,41371,15797,3594,15797,3594,0,646.37
계산역,41426,33733,24934,33733,24934,0,1955.57
계산역,41431,26618,32847,26618,32847,0,1982.17
계산우체국,41430,10637,12343,10637,12343,0,766
계산주공아파트,41423,12838,13230,12838,13230,0,868.93
계산중학교,41577,259,52,259,52,0,10.37
계양1동주민자치센터,41476,6913,943,6913,943,0,261.87
계양1동주민자치센터,41520,778,7664,778,7664,0,281.4
계양CGV,41140,4226,3537,4226,3537,0,258.77
계양경찰서,41184,9104,7614,9104,7614,0,557.27
계양경찰서,41185,5888,8919,5888,8919,0,493.57
계양경찰서,41195,19801,4468,19801,4468,0,808.97
계양경찰서·계양구청,41194,3952,16382,3952,16382,0,677.8
계양구청,41177,4839,4617,4839,4617,0,315.2
계양구청,41180,8453,10722,8453,10722,0,639.17
계양구청,41188,3766,1831,3766,1831,0,186.57
계양구청,41197,13,2537,13,2537,0,85
계양구청앞,41204,8171,4141,8171,4141,0,410.4
계양도서관,41251,6180,8865,6180,8865,0,501.5
계양문화회관,41248,1737,1776,1737,1776,0,117.1
계양문화회관,41255,2767,4721,2767,4721,0,249.6
계양산성박물관,41285,1252,2085,1252,2085,0,111.23
계양산성박물관,41286,897,2151,897,2151,0,101.6
계양산장미원입구,41186,1905,1790,1905,1790,0,123.17
계양산장미원입구,41189,935,1830,935,1830,0,92.17
계양산전통시장,41297,692,4698,692,4698,0,179.67
계양산전통시장,41298,4383,1429,4383,1429,0,193.73
계양산전통시장,41306,14985,16436,14985,16436,0,1047.37
계양산지구대,41281,957,1305,957,1305,0,75.4
계양산지구대,41282,1036,1498,1036,1498,0,84.47
계양새마을금고,41094,1577,1773,1577,1773,0,111.67
계양새마을금고,41097,1833,2161,1833,2161,0,133.13
계양세무서,41054,826,519,826,519,0,44.83
계양세무서,41058,553,951,553,951,0,50.13
계양센트레빌1단지,41550,3794,5065,3794,5065,0,295.3
계양센트레빌1단지,41627,2563,1417,2563,1417,0,132.67
계양센트레빌1단지,41628,173,975,173,975,0,38.27
계양센트레빌1단지(111동앞),41551,5157,4108,5157,4108,0,308.83
계양센트레빌2단지,41625,65,823,65,823,0,29.6
계양여성회관,41404,4698,4338,4698,4338,0,301.2
계양역,41357,102368,73635,102368,73635,0,5866.77
계양역,41358,63309,50652,63309,50652,0,3798.7
계양역(귤현역방면),41659,8145,191,8145,191,0,277.87
계양임광그대가아파트,41118,3546,330,3546,330,0,129.2
계양종합사회복지관,41120,501,958,501,958,0,48.63
계양종합사회복지관,41121,1230,670,1230,670,0,63.33
계양중학교,41340,2359,1353,2359,1353,0,123.73
계양중학교,41341,1482,4953,1482,4953,0,214.5
계양체육관(벨로드롬경기장),41666,645,1700,645,1700,0,78.17
계양체육관(아시아드양궁장),41454,563,892,563,892,0,48.5
계양체육관(아시아드양궁장),41455,2293,870,2293,870,0,105.43
계양체육관(아시아드양궁장),41567,4299,1306,4299,1306,0,186.83
계양체육관(아시아드양궁장),41568,1462,6953,1462,6953,0,280.5
계양체육관(효성해링턴플레이스),41440,4579,1125,4579,1125,0,190.13
계양체육관.대동아파트,41173,101,1944,101,1944,0,68.17
계양효성해링턴플레이스,41669,43,1263,43,1263,0,43.53
고구1리입구,90006,93,17,89,17,4,3.67
고구1리입구,90007,17,94,17,94,0,3.7
고구2리마을회관입구,90014,0,127,0,127,0,4.23
고구2리마을회관입구,90015,148,8,138,8,10,5.2
고구저수지,90008,2,24,2,24,0,0.87
고구저수지,90009,18,5,18,5,0,0.77
고구촌,90012,0,60,0,60,0,2
고구촌,90013,79,3,78,3,1,2.73
고능2리능촌마을회관,90371,0,2,0,2,0,0.07
고능2리종점,90372,11,2,11,2,0,0.43
고능리공소,90208,129,100,128,100,1,7.63
고능리입구,43291,15,58,15,58,0,2.43
고능리입구,43534,50,1,50,1,0,1.7
고다니마을9단지,80362,98,116,98,116,0,7.13
고려산업,39486,1023,1167,1023,1167,0,73
고려양행,39111,1690,1609,1690,1609,0,109.97
고려저수지입구,43249,36,82,36,82,0,3.93
고려저수지입구,43486,39,25,38,25,1,2.13
고비고개정상,43569,42,7,42,7,0,1.63
고비고개정상,43844,8,158,8,158,0,5.53
고산마을입구,90016,0,44,0,44,0,1.47
고산마을입구,90017,32,2,31,2,1,1.13
고산촌,43544,164,84,164,84,0,8.27
고산촌,43779,74,148,73,148,1,7.4
고상골,43269,9,45,9,45,0,1.8
고상골,43382,42,11,42,11,0,1.77
고상골입구,43266,155,15,152,15,3,5.67
고상골입구,43552,35,106,35,106,0,4.7
고속터미널,31017,23144,537,23144,537,0,789.37
고속터미널(중),31018,955,30836,955,30836,0,1059.7
고시기(가재골),43770,8,0,8,0,0,0.27
고시기(가재골),90126,0,2,0,2,0,0.07
고염나무골,35473,24,173,24,173,0,6.57
고염나무골,35474,260,9,260,9,0,8.97
고인돌입구,43550,0,21,0,21,0,0.7
고인돌체육관앞,90045,195,545,195,545,0,24.67
고인돌체육관앞,90046,712,215,710,215,2,30.9
고잔고등학교,39691,183,2110,183,2110,0,76.43
고잔마을,43284,95,2,95,2,0,3.23
고잔마을,43532,0,51,0,51,0,1.7
고창마을.KCC,80328,280,290,280,290,0,19
고창촌,43076,52,105,52,105,0,5.23
고창촌입구,43166,34,0,34,0,0,1.13
고창촌입구,43345,1,37,1,37,0,1.27
고천3리마을회관,43341,91,11,90,11,1,3.4
고천3리마을회관,43574,5,75,4,75,1,2.67
고천5리마을회관,90341,11,1,10,1,1,0.4
고천5리마을회관,90345,0,16,0,16,0,0.53
고천교,43339,3,65,3,65,0,2.27
고천교,43849,81,4,81,4,0,2.83
고천당,90420,2,18,2,18,0,0.67
고천당,90421,21,1,21,1,0,0.73
고촌역,80061,4996,1979,4996,1979,0,232.5
고촌역,80062,1938,7587,1938,7587,0,317.5
고합아파트,70036,172,222,172,222,0,13.13
고향산천,43464,7,5,7,5,0,0.4
고향산천,43610,22,14,22,14,0,1.2
곡촌,43427,18,26,18,26,0,1.47
곡촌,43457,73,36,72,36,1,3.63
곡촌,43789,70,33,64,33,6,3.43
곡촌,43816,4,84,4,84,0,2.93
곤능,43197,8,95,8,95,0,3.43
곤능,43319,82,1,81,1,1,2.77
골드클래스,42936,479,915,479,915,0,46.47
공개마을,90195,23,1,21,1,2,0.8
공개마을,90196,4,27,4,27,0,1.03
공구상가,36092,412,1930,412,1930,0,78.07
공구상가.간동입구,80021,1114,141,1114,141,0,41.83
공군회관,19255,696,35,696,35,0,24.37
공군회관,20107,51,1287,51,1287,0,44.6
공단공원앞,42739,165,444,165,444,0,20.3
공단공원앞,42740,755,283,755,283,0,34.6
공단본부,42270,260,956,260,956,0,40.53
공단본부,42756,2683,726,2683,726,0,113.63
공단본부,42757,706,2752,706,2752,0,115.27
공단사거리,40599,5197,3645,5197,3645,0,294.73
공단사거리,40600,2560,3288,2560,3288,0,194.93
공단소방서,39062,1920,3438,1920,3438,0,178.6
공단시장,37426,2886,5012,2886,5012,0,263.27
공단시장,37427,6646,3987,6646,3987,0,354.43
공단오거리,40565,2989,1116,2989,1116,0,136.83
공단오거리,40566,949,3696,949,3696,0,154.83
공단유통상가,42940,19,837,19,837,0,28.53
공단유통상가,42941,897,28,897,28,0,30.83
공단자동차,42022,1928,2119,1928,2119,0,134.9
공단치안센터,37444,1836,1107,1836,1107,0,98.1
공단치안센터,37445,466,1820,466,1820,0,76.2
공덕역6번출구,14149,1473,835,1473,835,0,76.93
공설운동장,43091,41,559,41,559,0,20
공설운동장,43092,301,140,301,140,0,14.7
공수부대입구,92069,74,50,74,50,0,4.13
공숙입구,43290,157,181,157,181,0,11.27
공숙입구,43490,127,154,127,154,0,9.37
공영산업,89148,48,1555,48,1555,0,53.43
공작아파트,39479,2089,3636,2089,3636,0,190.83
공작아파트,39480,3199,4920,3199,4920,0,270.63
공장단지입구,42555,295,101,295,101,0,13.2
공촌마을,42323,4844,2753,4844,2753,0,253.23
공촌마을,42598,2358,5056,2358,5056,0,247.13
공촌사거리,42324,18823,12697,18823,12697,0,1050.67
공촌사거리,42330,18496,17889,18496,17889,0,1212.83
공촌사거리,42331,1169,858,1169,858,0,67.57
공촌사거리(한국아파트),42322,4194,4553,4194,4553,0,291.57
공촌유수지체육공원,89478,185,1055,185,1055,0,41.33
공촌유수지체육공원,89479,309,190,309,190,0,16.63
공촌정수장,42340,162,129,162,129,0,9.7
공촌정수장,42341,159,242,159,242,0,13.37
공촌천,89539,149,183,149,183,0,11.07
공항고등학교,35116,2362,959,2362,959,0,110.7
공항교회앞,35123,1778,2332,1778,2332,0,137
공항신도시(메디컬사거리),35258,1028,1990,1028,1990,0,100.6
공항중학교,16307,120,7,120,7,0,4.23
공항중학교,35117,1189,1601,1189,1601,0,93
공항중학교.마곡엠밸리9단지,16308,7,193,7,193,0,6.67
공항초등학교,35087,482,482,482,482,0,32.13
과학고.국제고.운서중,35922,193,552,193,552,0,24.83
관곡마을,90104,1,23,1,23,0,0.8
관곡마을,90105,51,1,51,1,0,1.73
관광밸트입구,43874,0,5,0,5,0,0.17
관교노인복지관·승학초등학교,37679,2288,2100,2288,2100,0,146.27
관교여자중학교,37226,8753,8050,8753,8050,0,560.1
관교여자중학교,37229,2946,2474,2946,2474,0,180.67
관교여자중학교,37231,2872,2999,2872,2999,0,195.7
관교중학교,37200,446,1045,446,1045,0,49.7
관교중학교(약수터),37202,3725,6387,3725,6387,0,337.07
관교중학교(약수터),37203,9217,5575,9217,5575,0,493.07
관리공단본부,42720,767,127,767,127,0,29.8
관창마을,35252,1658,847,1658,847,0,83.5
관창마을,35253,1684,2170,1684,2170,0,128.47
광명아파트,37434,13842,6462,13842,6462,0,676.8
광명아파트,39348,7128,13584,7128,13584,0,690.4
광명아파트,39835,11,970,11,970,0,32.7
광명아파트,40590,2408,890,2408,890,0,109.93
광명아파트,40817,8125,2154,8125,2154,0,342.63
광명아파트,41096,787,2297,787,2297,0,102.8
광명아파트,41098,2290,942,2290,942,0,107.73
광명아파트,41108,14453,21713,14453,21713,0,1205.53
광명아파트,41448,3085,8355,3085,8355,0,381.33
광명역IC출입(미정차),53042,0,1,0,1,0,0.03
광명항,35708,96,1,96,1,0,3.23
광명항,35714,2230,1793,2223,1793,7,134.1
광명항(샘꾸미),35730,146,137,141,137,5,9.43
광성보,43674,75,61,74,61,1,4.53
광성오리,43128,5,4,5,4,0,0.3
광성오리,43862,1,8,1,8,0,0.3
광일아파트,40855,4176,1197,4176,1197,0,179.1
광일아파트,40874,2530,4097,2530,4097,0,220.9
교대역,31013,19370,23893,19370,23893,0,1442.1
교대입구,41141,1894,3455,1894,3455,0,178.3
교대입구,41142,4121,1960,4121,1960,0,202.7
교대후문,41362,1099,501,1099,501,0,53.33
교대후문,41363,356,2367,356,2367,0,90.77
교동중고후문,90024,4,197,4,197,0,6.7
교동중고후문,90025,45,4,45,4,0,1.63
교보생명,37357,32086,119782,32086,119782,0,5062.27
교산교회,43496,15,11,15,11,0,0.87
교산교회,43719,1,11,1,11,0,0.4
교산리입구,43694,42,39,40,39,2,2.7
교산리입구,43748,29,37,28,37,1,2.2
교산상회앞,43494,8,4,8,4,0,0.4
교산상회앞,43715,3,4,3,4,0,0.23
교통방송사거리,37538,1175,2792,1175,2792,0,132.23
교통방송사거리,37539,586,1342,586,1342,0,64.27
교통연수원,41191,913,3247,913,3247,0,138.67
교통연수원,41192,2928,1387,2928,1387,0,143.83
교회앞,43216,30,12,30,12,0,1.4
교회앞,43309,27,33,27,33,0,2
교회앞,43430,9,8,9,8,0,0.57
교회앞,43818,25,25,24,25,1,1.67
교회앞,90338,5,29,5,29,0,1.13
교회앞,90348,22,1,22,1,0,0.77
구검문소,43196,0,70,0,70,0,2.33
구검문소,43622,130,1,128,1,2,4.37
구능재,90193,19,6,19,6,0,0.83
구능재,90194,4,14,4,14,0,0.6
구도일주유소,40902,122,1350,122,1350,0,49.07
구두물입구,35219,189,289,189,289,0,15.93
구래리,80006,557,1541,557,1541,0,69.93
구래리,80007,1767,729,1767,729,0,83.2
구래역,80337,9575,19352,9575,19352,0,964.23
구래역,80338,21128,9742,21128,9742,0,1029
구렁목,43950,171,10,171,10,0,6.03
구렁목,43951,7,124,7,124,0,4.37
구로디지털단지역,17229,247,0,247,0,0,8.23
구로디지털단지역(중),21002,13,160,13,160,0,5.77
구름다리,35735,66,232,66,232,0,9.93
구름다리,35736,20,30,20,30,0,1.67
구반포역.세화고등학교,31031,2144,18,2144,18,0,72.07
구봉도입구,62035,31,395,31,395,0,14.2
구봉도입구,62037,358,26,358,26,0,12.8
구북성초교,43506,12,17,12,17,0,0.97
구북성초교,43656,4,4,4,4,0,0.27
구산사거리,40233,1357,713,1357,713,0,69
구산사거리,40842,380,22214,380,22214,0,753.13
구산사거리,40843,9230,9160,9230,9160,0,613
구산중학교,40518,1050,1057,1050,1057,0,70.23
구선택초교,43239,13,4,12,4,1,0.57
구선택초교,43896,1,16,1,16,0,0.57
구월1동행정복지센터,39967,842,2,842,2,0,28.13
구월1동행정복지센터,39981,0,340,0,340,0,11.33
구월2동행정복지센터,39586,4446,632,4446,632,0,169.27
구월2동행정복지센터,39607,540,3990,540,3990,0,151
구월도매전통시장,39192,25253,19508,25253,19508,0,1492.03
구월도매전통시장,39193,29232,37267,29232,37267,0,2216.63
구월동로데오거리,39195,4779,1130,4779,1130,0,196.97
구월동우체국,39211,4910,17757,4910,17757,0,755.57
구월동트레이더스,92085,159,34,159,34,0,6.43
구월동트레이더스,92086,48,180,48,180,0,7.6
구월동팬더아파트,39237,9146,8790,9146,8790,0,597.87
구월동팬더아파트,39238,9811,7794,9811,7794,0,586.83
구월서초등학교,39204,9096,7113,9096,7113,0,540.3
구월서초등학교,39205,5837,7050,5837,7050,0,429.57
구월아시아드1단지,39912,411,0,411,0,0,13.7
구월아시아드1단지,39913,1,69,1,69,0,2.33
구월아시아드5단지정문,39883,3007,4082,3007,4082,0,236.3
구월아시아드5단지후문,39881,2787,3517,2787,3517,0,210.13
구월아시아드6단지,39885,23837,9065,23837,9065,0,1096.73
구월아시아드6단지,39886,8705,18924,8705,18924,0,920.97
구월아시아드7단지,39892,3139,4515,3139,4515,0,255.13
구월아시아드8단지,39891,5837,2399,5837,2399,0,274.53
구월아시아드8단지,39948,97,514,97,514,0,20.37
구월아시아드8단지,39949,151,219,151,219,0,12.33
구월아시아드선수촌센트럴자이,39884,3451,2705,3451,2705,0,205.2
구월아시아드선수촌아파트,39202,1052,642,1052,642,0,56.47
구월아시아드선수촌아파트,39203,1026,2121,1026,2121,0,104.9
구월우체국,39213,12347,8300,12347,8300,0,688.23
구월중학교,39281,33490,21083,33490,21083,0,1819.1
구월중학교,39286,21972,33957,21972,33957,0,1864.3
구월체육공원,39384,4145,5590,4145,5590,0,324.5
구월초등학교,39832,1622,3169,1622,3169,0,159.7
구월초등학교,39833,3158,2074,3158,2074,0,174.4
구월한내들퍼스티지,39882,3919,2194,3919,2194,0,203.77
구장수파출소,39375,1412,940,1412,940,0,78.4
구재이,43282,48,8,45,8,3,1.87
구재이,43551,5,12,5,12,0,0.57
구정슈퍼앞,35498,0,36,0,36,0,1.2
구정슈퍼앞,35587,126,42,126,42,0,5.6
구정정미소,90284,13,17,13,17,0,1
구정정미소,90306,5,1,5,1,0,0.2
구중학교앞,44119,4,3,4,3,0,0.23
구중학교앞,44148,2,0,2,0,0,0.07
구하1리입구,43259,2,34,1,34,1,1.2
구하1리입구,43562,152,3,139,3,13,5.17
구하2리마을회관,43254,59,3,56,3,3,2.07
구하2리마을회관,43256,76,0,76,0,0,2.53
구하2리마을회관,43373,0,63,0,63,0,2.1
구하2리마을회관,43559,0,58,0,58,0,1.93
국궁장앞,70151,62,195,62,195,0,8.57
국립생물자원관,89111,218,612,218,612,0,27.67
국립생물자원관입구,42741,435,578,435,578,0,33.77
국립인천공항검역소,35430,32,164,32,164,0,6.53
국립인천공항검역소,35431,90,81,89,81,1,5.7
국립인천해양박물관,35128,210,12551,210,12551,0,425.37
국립인천해양박물관,35502,8059,85,8059,85,0,271.47
국민건강보험남부지사,37274,16397,14005,16397,14005,0,1013.4
국민건강보험인천부평지사,40620,1160,4404,1160,4404,0,185.47
국민건강보험인천부평지사,40621,4004,1409,4004,1409,0,180.43
국민은행,38148,2415,6268,2415,6268,0,289.43
국민은행,38149,6537,2694,6537,2694,0,307.7
국민은행연수중앙지점,38129,3821,2971,3821,2971,0,226.4
국민은행연수중앙지점,38571,1449,3071,1449,3071,0,150.67
국제금융단지,89292,10616,6054,10616,6054,0,555.67
국제금융단지,89293,2894,8806,2894,8806,0,390
국제성모병원,89030,681,3006,681,3006,0,122.9
국제성모병원,89031,3475,1176,3475,1176,0,155.03
국제성모병원(종점),89369,3,126,3,126,0,4.3
국제업무단지(공항청사),35026,16004,4424,16004,4424,0,680.93
국제업무지구역,38528,3856,4273,3856,4273,0,270.97
국제업무지구역5번출구,38619,10305,5751,10305,5751,0,535.2
국제이노베이션,37573,1,1864,1,1864,0,62.17
국제콘크리트,90050,56,77,56,77,0,4.43
국제콘크리트,90051,71,103,71,103,0,5.8
국제학교,38457,3407,1274,3407,1274,0,156.03
국제학교,38462,1737,2851,1737,2851,0,152.93
국촌,43251,50,2,50,2,0,1.73
국촌,43371,0,34,0,34,0,1.13
국화리야영장앞,43353,88,5,88,5,0,3.1
국화리야영장앞,43843,3,64,2,64,1,2.23
국화맨션,43359,1,2,1,2,0,0.1
국화맨션,43566,50,17,50,17,0,2.23
군인아파트,43046,105,44,105,44,0,4.97
군인아파트,43047,67,83,67,83,0,5
굴다리,37142,8562,110,8562,110,0,289.07
굴다리오거리,40231,16318,8314,16318,8314,0,821.07
굴다리오거리,40232,15269,21254,15269,21254,0,1217.43
굴다리입구,37152,8206,3658,8206,3658,0,395.47
굴포천,40506,2810,3137,2810,3137,0,198.23
굴포천,40509,3342,4735,3342,4735,0,269.23
굴포천역(롯데마트),40814,38719,23984,38719,23984,0,2090.1
굴포천역(롯데마트),40815,18442,20223,18442,20223,0,1288.83
굴포천역(부평농협),40507,6866,10027,6866,10027,0,563.1
굴포천역(부평농협),40508,10829,5512,10829,5512,0,544.7
굴포천역(신복사거리),40485,3871,19724,3871,19724,0,786.5
굴포천역(신복사거리),40498,26490,6673,26490,6673,0,1105.43
굴포천역(욱일아파트),40519,4991,14106,4991,14106,0,636.57
굴포천역(욱일아파트),40522,9990,3670,9990,3670,0,455.33
궁골,43346,0,14,0,14,0,0.47
궁골,43572,20,0,20,0,0,0.67
궁현사거리,37575,4,1217,4,1217,0,40.7
궁현사거리,37576,676,12,676,12,0,22.93
귀뚜라미보일러,42003,0,269,0,269,0,8.97
귀뚜라미보일러,42004,273,0,273,0,0,9.1
귤현감리교회,41385,1860,4435,1860,4435,0,209.83
귤현감리교회,41386,3297,2646,3297,2646,0,198.1
귤현동마을입구,41326,491,140,491,140,0,21.03
귤현동마을입구,41328,90,619,90,619,0,23.63
귤현아이파크정문,41572,3750,400,3750,400,0,138.33
귤현역,41331,1441,5401,1441,5401,0,228.07
귤현역,41332,1490,532,1490,532,0,67.4
귤현차량기지(센트레빌3단지),41443,1716,599,1716,599,0,77.17
귤현차량기지(센트레빌3단지),41444,818,2803,818,2803,0,120.7
귤현차량기지(안골공원),41618,1823,1715,1823,1715,0,117.93
귤현차량기지(안골공원),41619,79,1351,79,1351,0,47.67
귤현차량사업소,41670,280,394,280,394,0,22.47
귤현현대아이파크,41620,326,2266,326,2266,0,86.4
그린나래지하차도,35648,14,956,14,956,0,32.33
그린나래지하차도,35649,3299,1429,3299,1429,0,157.6
그린빌라,42222,1761,1198,1761,1198,0,98.63
그린빌라,42602,1063,2638,1063,2638,0,123.37
그린힐아파트.e편한세상아파트,40194,303,1634,303,1634,0,64.57
극동.금호아파트,39272,5292,7576,5292,7576,0,428.93
극동.금호아파트,39278,5736,5749,5736,5749,0,382.83
극지연구소,39918,3195,3193,3195,3193,0,212.93
극지연구소,39919,4197,3394,4197,3394,0,253.03
근대문화거리입구,35369,1880,3163,1880,3163,0,168.1
근대문화거리입구,35370,2544,1817,2544,1817,0,145.37
근로복지공단인천병원,40145,11942,16074,11942,16074,0,933.87
근로복지공단인천병원,40155,23591,11838,23591,11838,0,1180.97
글로벌캠퍼스푸르지오,39841,1784,9131,1784,9131,0,363.83
글로벌파크베르디움,39840,7492,1401,7492,1401,0,296.43
글로스터호텔인천,92075,193,1779,193,1779,0,65.73
금강다이아몬드,39007,458,1423,458,1423,0,62.7
금강다이아몬드,39008,830,452,830,452,0,42.73
금강마을,55066,2123,2633,2123,2633,0,158.53
금강마을,55068,5266,993,5266,993,0,208.63
금강요양병원,37291,8219,5587,8219,5587,0,460.2
금강종합상가,42858,941,12,941,12,0,31.77
금강찜질방,44149,22,7,22,7,0,0.97
금강찜질방,44150,6,20,6,20,0,0.87
금강찜질방,44151,10,3,10,3,0,0.43
금강탱크터미널,42758,1463,2408,1463,2408,0,129.03
금강펜테리움더시글로,89392,5919,9214,5919,9214,0,504.43
금강펜테리움더시글로,89459,3963,1739,3963,1739,0,190.07
금곡교차로,89370,18,191,18,191,0,6.97
금곡동,42471,7,202,7,202,0,6.97
금곡동,42587,45,14,45,14,0,1.97
금곡종점,89319,69,48,68,48,1,3.9
금란마트,89056,164,888,164,888,0,35.07
금란마트,89061,3,292,3,292,0,9.83
금마초등학교,40833,4664,1304,4664,1304,0,198.93
금산,35718,120,1001,118,1001,2,37.37
금산,35719,7,440,7,440,0,14.9
금산경로당,35564,12,507,12,507,0,17.3
금산경로당,35565,226,105,225,105,1,11.03
금성목재,42812,0,358,0,358,0,11.93
금운교,43298,32,64,32,64,0,3.2
금운교,43858,12,52,12,52,0,2.13
금월리종점,43777,155,92,155,92,0,8.23
금정골입구,90301,7,4,7,4,0,0.37
금정로.검단AA20단지,89604,6,656,6,656,0,22.07
금정로.검단AA21단지,89605,340,9,340,9,0,11.63
금정로.우미린클래스원,89602,4,726,4,726,0,24.33
금정로.우미린클래스원,89603,450,127,450,127,0,19.23
금정부락,90300,13,6,13,6,0,0.63
금천패션아울렛사거리.W몰,18114,3,321,3,321,0,10.8
금호2차아파트,37031,8397,1249,8397,1249,0,321.53
금호2차아파트,37033,1703,6588,1703,6588,0,276.37
금호베스트빌1단지.영종도서관,35112,1855,2622,1855,2622,0,149.23
금호베스트빌1단지.영종도서관,35113,4388,1472,4383,1472,5,195.33
금호아파트,37061,171,585,171,585,0,25.2
금호아파트,38302,671,1191,671,1191,0,62.07
금호아파트,38349,12367,4104,12367,4104,0,549.03
금호아파트,40441,3011,1622,3011,1622,0,154.43
금호아파트,40795,22215,20413,22215,20413,0,1420.93
금호아파트,40845,8356,9099,8356,9099,0,581.83
금호어울림,35313,3043,1422,3043,1422,0,148.83
금호어울림,35384,1153,2582,1153,2582,0,124.5
금호어울림,37048,1051,3232,1051,3232,0,142.77
금호어울림2차,35597,252,2,252,2,0,8.47
금호어울림2차,35598,5,111,5,111,0,3.87
금호어울림아파트,42137,4420,2517,4420,2517,0,231.23
금호어울림아파트,42139,2475,2838,2475,2838,0,177.1
금호어울림아파트,42592,254,2874,254,2874,0,104.27
금호어울림아파트,42593,2750,597,2750,597,0,111.57
금호이수마운트밸리,40316,544,1108,544,1108,0,55.07
금호종합열처리,42801,688,81,688,81,0,25.63
금호타운,37024,13680,3283,13680,3283,0,565.43
금호타운,37026,4693,15438,4693,15438,0,671.03
금홍염전,35543,942,460,942,460,0,46.73
금홍염전,35544,770,4424,770,4424,0,173.13
기계공고,37294,4882,3196,4882,3196,0,269.27
기계철제단지,36129,9,183,9,183,0,6.4
기계철제단지,36149,114,46,114,46,0,5.33
기신정기,39567,1027,2036,1027,2036,0,102.1
기업은행앞,70152,181,66,181,66,0,8.23
기점(미정차)_517519,37677,1007,0,1007,0,0,33.57
기점(미정차)_동춘동차고지,38793,506,0,506,0,0,16.87
길병원,39250,84736,83980,84736,83980,0,5623.87
길병원,39262,14363,12450,14363,12450,0,893.77
길병원,39264,6872,9847,6872,9847,0,557.3
길병원,39590,79507,76059,79507,76059,0,5185.53
길병원사거리,39212,22718,22606,22718,22606,0,1510.8
길병원사거리,39216,21899,27350,21899,27350,0,1641.63
길상교회,43148,49,13,49,13,0,2.07
길상교회,43701,19,46,19,46,0,2.17
길상군립어린이집,43959,31,31,31,31,0,2.07
길상군립어린이집,43960,39,92,39,92,0,4.37
길상낚시터,43149,5,13,5,13,0,0.6
길상낚시터,43883,7,9,7,9,0,0.53
길상면주민복합센터,90409,108,272,108,272,0,12.67
길상면주민복합센터,90410,357,268,357,268,0,20.83
길상보건지소,43021,237,691,237,691,0,30.93
길상보건지소,43069,383,358,383,358,0,24.7
길정저수지,90054,31,5,31,5,0,1.2
길정저수지,90055,9,8,9,8,0,0.57
길직1리,43270,216,169,216,169,0,12.83
길직리,43031,229,288,229,288,0,17.23
길직리입구,43304,4,64,4,64,0,2.27
길직리입구,43313,43,2,43,2,0,1.5
길훈4차아파트,80040,14,320,14,320,0,11.13
길훈4차아파트,80041,368,3,368,3,0,12.37
길훈아파트,42494,10826,7771,10826,7771,0,619.9
김미현골프장,39749,1536,870,1536,870,0,80.2
김미현골프장,39751,757,1998,757,1998,0,91.83
김소골,35675,53,80,53,80,0,4.43
김지곡,43455,3,95,3,95,0,3.27
김지곡,43831,133,4,132,4,1,4.57
김포공항국내선,25029,818,2530,818,2530,0,111.6
김포공항국내선,25091,532,90,532,90,0,20.73
김포공항국제선,25006,546,4112,546,4112,0,155.27
김포공항국제선,25164,158,151,158,151,0,10.3
김포대학입구,80257,768,101,768,101,0,28.97
김포대학입구,80258,82,891,82,891,0,32.43
김포초교,80028,62,508,62,508,0,19
김포초교,80030,456,26,456,26,0,16.07
김포한강신협,80032,829,912,829,912,0,58.03
김포한강신협,80035,947,971,947,971,0,63.93
까치공원.작전도서관,41149,15380,12910,15380,12910,0,943
까치말사거리,41563,12453,5607,12453,5607,0,602
까치말사거리,41564,5734,9531,5734,9531,0,508.83
꿈동산.사랑마을,55022,1298,2460,1298,2460,0,125.27
꿈동산.사랑마을,55024,1667,71,1667,71,0,57.93
꿈에그린아파트,92023,4924,5029,4924,5029,0,331.77
꿈쟁이지역아동센터,38278,5140,4590,5140,4590,0,324.33
꿈쟁이지역아동센터,38743,281,897,281,897,0,39.27
나누리병원,40398,25024,21235,25024,21235,0,1541.97
나누리병원,40784,23929,19772,23929,19772,0,1456.7
나래병원,38142,3414,2400,3414,2400,0,193.8
나룻개,35593,32,169,32,169,0,6.7
나룻개,35594,171,35,170,35,1,6.87
나룻개입구,35385,53,291,53,291,0,11.47
나룻개입구,35386,289,46,289,46,0,11.17
나무깨,90183,3,4,3,4,0,0.23
나무깨,90184,6,8,6,8,0,0.47
나무다리,90340,0,9,0,9,0,0.3
나무다리,90344,7,0,7,0,0,0.23
나비공원입구사거리,40937,198,1758,198,1758,0,65.2
나사렛국제병원앞,38068,51337,16114,51337,16114,0,2248.37
나은병원,42056,5697,2292,5697,2292,0,266.3
낚시터매점,43356,4,63,4,63,0,2.23
낚시터매점,43840,50,1,50,1,0,1.7
낚시터입구,42802,97,726,97,726,0,27.43
난곳정미소,90286,33,32,33,32,0,2.17
난정1리마을회관,90285,13,31,13,31,0,1.47
난정1리마을회관,90287,17,1,17,1,0,0.6
난정보건진료소앞,90289,2,5,2,5,0,0.23
난정초등학교입구,90305,11,4,11,4,0,0.5
남광로얄아파트,37257,17322,24500,17322,24500,0,1394.07
남광하우스토리,42841,1852,542,1852,542,0,79.8
남광하우스토리,42920,5864,2412,5864,2412,0,275.87
남광하우스토리,42921,2521,5652,2521,5652,0,272.43
남동경기장,92055,490,406,490,406,0,29.87
남동경찰서,39178,727,1635,727,1635,0,78.73
남동경찰서·남동세무서,39887,23158,13598,23158,13598,0,1225.2
남동경찰서·남동세무서,39888,15848,25320,15848,25320,0,1372.27
남동고등학교,92035,179,139,179,139,0,10.6
남동고등학교,92036,9,39,9,39,0,1.6
남동구청,39263,11482,8639,11482,8639,0,670.7
남동구청,39279,10754,11007,10754,11007,0,725.37
남동구청역,39318,14997,8723,14997,8723,0,790.67
남동구청역,39324,14525,17762,14525,17762,0,1076.23
남동구청후문,39287,6136,12159,6136,12159,0,609.83
남동구청후문,39288,5817,3355,5817,3355,0,305.73
남동국가산업단지(기신정기),39568,1451,1449,1451,1449,0,96.67
남동국가산업단지입구,39853,621,1307,621,1307,0,64.27
남동근린공원,39073,4912,1159,4912,1159,0,202.37
남동근린공원,39075,882,5368,882,5368,0,208.33
남동대교,38090,2480,7316,2480,7316,0,326.53
남동대교(스퀘어원),39063,5126,2397,5126,2397,0,250.77
남동빌라,39330,5314,2028,5314,2028,0,244.73
남동산단1단지공구상가,92048,0,41,0,41,0,1.37
남동산단우편취급국,39076,2024,7560,2024,7560,0,319.47
남동새마을금고,39343,3395,5755,3395,5755,0,305
남동새마을금고,39346,3028,2717,3028,2717,0,191.5
남동소래아트홀,39743,667,130,667,130,0,26.57
남동소래아트홀,39744,385,181,385,181,0,18.87
남동소래아트홀,39748,303,280,303,280,0,19.43
남동소래아트홀,39792,82,563,82,563,0,21.5
남동소방서,39252,1237,2799,1237,2799,0,134.53
남동소방서,39587,10931,6711,10931,6711,0,588.07
남동시범공단앞,39100,3802,6059,3802,6059,0,328.7
남동시범공단앞,39102,6922,3018,6922,3018,0,331.33
남동아시아드럭비경기장,39214,635,958,635,958,0,53.1
남동아시아드럭비경기장,39215,460,790,460,790,0,41.67
남동인더스파크역,39074,16145,2605,16145,2605,0,625
남동인더스파크역1번출구,92045,344,1,344,1,0,11.5
남동인더스파크역1번출구,92050,2,726,2,726,0,24.27
남동정수장,39372,336,865,336,865,0,40.03
남동중학교,39220,11528,7810,11528,7810,0,644.6
남동중학교,39224,8094,7796,8094,7796,0,529.67
남동체육관,39930,956,809,956,809,0,58.83
남동체육관,39947,774,1641,774,1641,0,80.5
남동체육관(체조경기장),39682,2027,2909,2027,2909,0,164.53
남동체육관(체조경기장),39862,1422,1126,1422,1126,0,84.93
남동초등학교,39254,15766,24196,15766,24196,0,1332.07
남동초등학교,39255,27550,14393,27550,14393,0,1398.1
남동초등학교,39265,4345,562,4345,562,0,163.57
남동화원,39300,6520,6730,6520,6730,0,441.67
남디4거리,35271,515,927,515,927,0,48.07
남디4거리,35280,614,611,614,611,0,40.83
남부고가교남측,40738,24,1513,24,1513,0,51.23
남부고가교남측,40739,618,68,618,68,0,22.87
남산뒤,90447,146,103,146,103,0,8.3
남산리,43324,1,0,1,0,0,0.03
남산리,43628,21,14,21,14,0,1.17
남산유스호스텔,43982,30,0,30,0,0,1
남산유스호스텔,43985,67,17,61,17,6,2.8
남산포입구,90030,0,93,0,93,0,3.1
남산포입구,90031,113,1,111,1,2,3.8
남성네고개,35426,70,256,70,256,0,10.87
남성네고개,35427,235,31,235,31,0,8.87
남성네고개삼거리,35938,0,1,0,1,0,0.03
남씨농원앞,41495,2,38,2,38,0,1.33
남씨농원앞,41511,19,0,19,0,0,0.63
남인천농협백운지점,37174,239,994,239,994,0,41.1
남인천새마을금고중앙지점,37300,11399,15418,11399,15418,0,893.9
남인천여자중학교,39190,19268,6092,19268,6092,0,845.33
남인천여자중학교,39191,7949,18144,7949,18144,0,869.77
남중학교,37331,6624,754,6624,754,0,245.93
남중학교,37336,11400,28955,11400,28955,0,1345.17
남청라TG,89379,331,5,331,5,0,11.2
남청라TG,89380,4,256,4,256,0,8.67
남촌농산물도매시장,92031,5517,801,5517,801,0,210.6
남촌농산물도매시장,92032,13,3330,13,3330,0,111.43
남촌농산물도매시장서측,39763,4301,4353,4301,4353,0,288.47
남촌농산물도매시장서측,39764,1217,4573,1217,4573,0,193
남촌농산물도매시장업무동,39147,3448,1709,3448,1709,0,171.9
남촌농산물도매시장업무동,39148,2077,1572,2077,1572,0,121.63
남촌농산물도매시장채소동앞,92033,96,1362,96,1362,0,48.6
남촌농산물도매시장채소동앞,92034,345,476,345,476,0,27.37
남촌동다목적센터,39908,158,1254,158,1254,0,47.07
남촌동다목적체육센터,39907,280,298,280,298,0,19.27
남촌동입구,39166,3861,8490,3861,8490,0,411.7
남촌입구,39156,337,669,337,669,0,33.53
남촌입구,39157,591,1751,591,1751,0,78.07
남촌풍림2차아파트,39171,5959,10883,5959,10883,0,561.4
남촌풍림3차아파트,39165,4959,4749,4959,4749,0,323.6
남촌풍림3차아파트,39167,4373,5240,4373,5240,0,320.43
남촌풍림아파트,39172,11394,3219,11394,3219,0,487.1
남항유어선부두,35078,8692,1274,8692,1274,0,332.2
남항유어선부두,35079,279,6977,279,6977,0,241.87
납섬입구,90185,46,11,46,11,0,1.9
납섬입구,90186,12,29,12,29,0,1.37
내2리마을회관앞,44138,7,1,7,1,0,0.27
내2리마을회관앞,44152,7,15,7,15,0,0.73
내3리다목적회관앞,44121,0,1,0,1,0,0.03
내3리다목적회관앞,44153,1,0,1,0,0,0.03
내3리마을회관,44155,2,14,2,14,0,0.53
내3리마을회관,44156,15,4,15,4,0,0.63
내4리마을회관,44104,37,90,37,90,0,4.23
내4리마을회관,44157,180,37,180,37,0,7.23
내7리마을회관,44118,1,4,1,4,0,0.17
내7리마을회관,44159,3,17,3,17,0,0.67
내가면사무소(맞은편),43906,71,45,69,45,2,3.87
내가면사무소(사무소),43907,34,149,34,149,0,6.1
내가시장,43392,304,307,300,307,4,20.37
내가시장,43484,442,221,431,221,11,22.1
내가초등학교,43368,131,22,128,22,3,5.1
내가초등학교,43554,13,156,13,156,0,5.63
내건너,90167,72,52,70,52,2,4.13
내건너,90168,29,44,29,44,0,2.43
내동교회,44114,8,11,8,11,0,0.63
내동교회,44206,3,1,3,1,0,0.13
내동삼거리,44111,1,5,1,5,0,0.2
내리고개넘어,44102,5,9,5,9,0,0.47
내리교회,43395,37,21,37,21,0,1.93
내리교회,43543,41,48,41,48,0,2.97
내리쉼터,43968,8,9,8,9,0,0.57
내리쉼터,43972,20,6,20,6,0,0.87
내리어촌계사무실,44204,1,0,1,0,0,0.03
내리주유소.한국화장품삼거리,57016,1529,1967,1529,1967,0,116.53
내리주유소.한국화장품삼거리,57018,2808,1831,2808,1831,0,154.63
내방역1번출구,22836,103,309,103,309,0,13.73
내촌,43343,72,34,72,34,0,3.53
내촌,43581,42,16,40,16,2,1.93
내촌입구,90394,13,169,13,169,0,6.07
내촌입구,90395,69,33,69,33,0,3.4
넘말,43140,4,2,4,2,0,0.2
넘말,43438,0,7,0,7,0,0.23
넙디,35574,2121,8742,2121,8742,0,362.1
넙디,35575,10407,1406,10407,1406,0,393.77
넙디마을입구,35389,1417,414,1417,414,0,61.03
노랑새고개,43273,149,57,149,57,0,6.87
노랑새고개,43570,55,170,55,170,0,7.5
노인복지관,92072,3854,2182,3854,2182,0,201.2
노인복지관,92073,2507,8862,2507,8862,0,378.97
노인복지관,92079,2012,349,2012,349,0,78.7
노인복지회관,37599,169,813,169,813,0,32.73
노인인력개발센터,40134,1190,249,1190,249,0,47.97
노인인력개발센터,40745,86,1361,86,1361,0,48.23
녹청자박물관,42668,3317,512,3317,512,0,127.63
녹청자박물관,42669,241,2556,241,2556,0,93.23
논고개길,39687,2217,2732,2217,2732,0,164.97
논고개길,39819,2009,2251,2009,2251,0,142
논고개길사거리,39870,325,7,325,7,0,11.07
논골.파크골프장정문,35318,7,12,7,12,0,0.63
논골.파크골프장정문,35394,28,9,28,9,0,1.23
논골4길,35926,141,68,141,68,0,6.97
논골4길,35927,56,126,56,126,0,6.07
논골경로당입구,35770,6,2,6,2,0,0.27
논골경로당입구,35771,2,18,2,18,0,0.67
논현10단지별빛마을웰카운티A정문,39121,5863,3174,5863,3174,0,301.23
논현10단지별빛마을웰카운티A후문,39599,1056,1666,1056,1666,0,90.73
논현12단지산뒤마을,39609,5581,13382,5581,13382,0,632.1
논현14단지등대마을,39610,10235,1821,10235,1821,0,401.87
논현14단지등대마을휴먼시아아파트,39612,9821,4066,9821,4066,0,462.9
논현1동행정복지센터,39598,1576,871,1576,871,0,81.57
논현2단지범마을,39625,2476,11301,2476,11301,0,459.23
논현2동행정복지센터,39571,1375,251,1375,251,0,54.2
논현2동행정복지센터,39572,200,1150,200,1150,0,45
논현2동행정복지센터,39636,1467,4526,1467,4526,0,199.77
논현2동행정복지센터,39697,3940,1640,3940,1640,0,186
논현3단지하늘마을301동,39631,208,3795,208,3795,0,133.43
논현3단지하늘마을302동,39624,17496,5099,17496,5099,0,753.17
논현3단지하늘마을305동,39626,2356,7363,2356,7363,0,323.97
논현3단지하늘마을305동,39627,5850,2476,5850,2476,0,277.53
논현5단지달맞이마을,39079,9654,3887,9654,3887,0,451.37
논현6단지어진마을한화꿈에그린A정문,39078,4373,7578,4373,7578,0,398.37
논현8단지동산마을,39104,4923,2256,4923,2256,0,239.3
논현8단지동산마을,39569,1068,1988,1068,1988,0,101.87
논현8단지동산마을,39570,1546,808,1546,808,0,78.47
논현9단지냇마을신영지웰A,39101,2510,4656,2510,4656,0,238.87
논현9단지냇마을신영지웰A,39602,360,198,360,198,0,18.6
논현9단지냇마을신영지웰A,39603,48,748,48,748,0,26.53
논현9단지냇마을신영지웰A정문,39600,2201,1020,2201,1020,0,107.37
논현고잔동행정복지센터,39707,10038,16942,10038,16942,0,899.33
논현단풍마을트리플에듀,39582,3995,5602,3995,5602,0,319.9
논현단풍마을트리플에듀,39616,414,225,414,225,0,21.3
논현동힐스테이트,39708,23361,11075,23361,11075,0,1147.87
논현사거리,39504,5254,4556,5254,4556,0,327
논현사거리,39505,4677,5060,4677,5060,0,324.57
논현센트럴뷰·에코메트로5단지,39693,748,983,748,983,0,57.7
논현신일해피트리아파트,39088,2629,7396,2629,7396,0,334.17
논현신일해피트리아파트,39089,7078,3137,7078,3137,0,340.5
논현역,32008,9096,66,9096,66,0,305.4
논현역(중),32007,238,6106,238,6106,0,211.47
논현유승한내들,39839,1863,3168,1863,3168,0,167.7
논현유승한내들,39923,3328,1467,3328,1467,0,159.83
논현주공1단지,39112,15093,6694,15093,6694,0,726.23
논현주공2단지,39106,11803,15207,11803,15207,0,900.33
논현주공아파트(인천금융고),39096,13547,11388,13547,11388,0,831.17
논현주공아파트(인천금융고),39098,16473,14062,16473,14062,0,1017.83
논현중앙공원·남동논현도서관,39604,460,1885,460,1885,0,78.17
논현중학교,39573,1809,321,1809,321,0,71
논현중학교,39574,224,946,224,946,0,39
논현초등학교,39601,847,2002,847,2002,0,94.97
논현파크포레,39649,6079,3909,6079,3909,0,332.93
논현파크포레,39722,1614,3944,1614,3944,0,185.27
논현포대근린공원,92056,70,53,70,53,0,4.1
논현푸르지오.유호엔시티,39822,2424,125,2424,125,0,84.97
논현화훼단지,39830,221,1378,221,1378,0,53.3
논현화훼단지,39831,364,724,364,724,0,36.27
농기계은행앞,90036,0,12,0,12,0,0.4
농기계은행앞,90037,18,3,18,3,0,0.7
농도원,43178,36,101,36,101,0,4.57
농도원,43355,137,30,135,30,2,5.57
농막골,90189,15,5,15,5,0,0.67
농막골,90190,2,14,2,14,0,0.53
농산물시장,40688,4100,917,4100,917,0,167.23
농어바위캠핑장,44140,9,5,9,5,0,0.47
농어바위캠핑장,44164,40,36,40,36,0,2.53
농어촌공사앞,43268,126,19,125,19,1,4.83
농어촌공사앞,43489,24,150,24,150,0,5.8
농업기술센터,43357,199,118,198,118,1,10.57
농업기술센터,43573,162,315,162,315,0,15.9
농장주유소,39472,309,871,309,871,0,39.33
농장주유소,39508,123,670,123,670,0,26.43
농협로타리,40244,1890,3084,1890,3084,0,165.8
농협로타리,40248,2308,1430,2308,1430,0,124.6
농협로타리,40251,1537,2841,1537,2841,0,145.93
농협로타리,40751,4214,2836,4214,2836,0,235
농협하나로마트,44117,4,2,4,2,0,0.2
농협하나로마트,44165,0,8,0,8,0,0.27
높은마을입구,35685,181,36,180,36,1,7.23
높은마을입구,35693,87,197,87,197,0,9.47
누촌,43238,32,214,30,214,2,8.2
누촌,43360,170,13,167,13,3,6.1
뉴그린아트빌,40875,1478,958,1478,958,0,81.2
뉴그린아트빌,40876,276,1455,276,1455,0,57.7
뉴서울1차아파트,40275,12460,7136,12460,7136,0,653.2
뉴서울3차아파트,41026,2178,3899,2178,3899,0,202.57
뉴서울3차아파트,41029,7809,966,7809,966,0,292.5
뉴서울3차아파트,41032,1083,4969,1083,4969,0,201.73
뉴서울6차아파트,41632,2105,348,2105,348,0,81.77
뉴서울6차아파트,41635,469,2124,469,2124,0,86.43
뉴서울아파트,38303,1745,1491,1745,1491,0,107.87
뉴서울아파트,39234,8416,182,8416,182,0,286.6
뉴서울아파트,39235,278,4653,278,4653,0,164.37
뉴서울아파트,40505,2079,974,2079,974,0,101.77
뉴서울아파트,40514,771,787,771,787,0,51.93
뉴서울아파트,40526,2077,5004,2077,5004,0,236.03
뉴서울아파트,41153,6103,6234,6103,6234,0,411.23
뉴서울아파트,89071,10728,22956,10728,22956,0,1122.8
느티나무,43182,8,95,8,95,0,3.43
느티나무,43232,104,25,104,25,0,4.3
늘목,35414,122,693,122,693,0,27.17
늘목,35415,621,82,621,82,0,23.43
늘목마을입구,35529,14,1,14,1,0,0.5
늘목마을입구,35725,13,28,13,28,0,1.37
늘목마을입구삼거리,35889,1,11,1,11,0,0.4
늘목마을입구삼거리,35904,17,2,17,2,0,0.63
늘푸른벽산.서강2차,70021,10,2500,10,2500,0,83.67
능곡마을회관,43553,62,13,62,13,0,2.5
능곡마을회관,43649,16,51,16,51,0,2.23
능골,90442,3,30,3,30,0,1.1
능미,43921,44,20,43,20,1,2.13
능미,43922,5,49,4,49,1,1.8
능안,43276,112,39,112,39,0,5.03
능안,43571,22,67,22,67,0,2.97
능촌삼거리,90370,0,5,0,5,0,0.17
능촌입구,43560,14,1,14,1,0,0.5
능촌입구,43854,0,22,0,22,0,0.73
능허대공원,38567,749,1100,749,1100,0,61.63
능허대공원,38777,304,167,304,167,0,15.7
능허대로.소암마을,38811,11,153,11,153,0,5.47
능허대로.소암마을,38812,213,46,213,46,0,8.63
다남동소촌마을입구,41329,585,39,585,39,0,20.8
다남동소촌마을입구,41330,42,897,42,897,0,31.3
다남동역골입구,41333,2,174,2,174,0,5.87
다남동역골입구,41334,127,335,127,335,0,15.4
다남성결교회,41664,5,7,5,7,0,0.4
다남식당,41477,1634,5011,1634,5011,0,221.5
다남식당,41478,620,2666,620,2666,0,109.53
다리목,43717,13,7,13,7,0,0.67
다리목,43845,14,13,14,13,0,0.9
다사랑마을입구,35887,65,25,65,25,0,3
다사랑마을입구,35888,15,90,15,90,0,3.5
다운,43605,90,130,87,130,3,7.33
다운,43822,32,120,32,120,0,5.07
다운1리,43582,11,41,11,41,0,1.73
다운1리,43821,19,5,19,5,0,0.8
다운마을,43398,6,82,6,82,0,2.93
다운마을,43824,89,1,89,1,0,3
다임메가타운,40870,85,1831,85,1831,0,63.87
단봉초등학교,42380,4266,888,4266,888,0,171.8
단봉초등학교,42382,957,3960,957,3960,0,163.9
달빛축제공원,38620,127,159,127,159,0,9.53
달빛축제공원,38621,99,288,99,288,0,12.9
달빛축제공원대공연장,38733,270,941,270,941,0,40.37
달빛축제공원대공연장,38734,1457,545,1457,545,0,66.73
담방로사거리,39275,11999,4015,11999,4015,0,533.8
담방아파트,39226,645,48,645,48,0,23.1
당곡고개,80048,124,654,124,654,0,25.93
당곡고개,80049,695,56,695,56,0,25.03
당미마을,41552,4514,6627,4514,6627,0,371.37
당미마을,41553,4621,3843,4621,3843,0,282.13
당산119안전센터.당산역,19996,710,17,710,17,0,24.23
당산리,43450,3,101,3,101,0,3.47
당산리,43700,127,9,125,9,2,4.53
당산리검문소,43699,143,9,141,9,2,5.07
당산리검문소,43752,6,115,6,115,0,4.03
당산역.삼성래미안아파트,19175,300,33,300,33,0,11.1
당산역.지하철2호선,19645,22,1166,22,1166,0,39.6
당산역광역환승센터,19019,416,7720,416,7720,0,271.2
당산종점,43669,0,10,0,10,0,0.33
당산종점,43725,13,1,13,1,0,0.47
당산초등학교,41418,5728,3192,5728,3192,0,297.33
당산초등학교,41419,2085,2865,2085,2865,0,165
당산초등학교아래사거리,41644,2,166,2,166,0,5.6
당산초등학교아래사거리,41645,728,617,728,617,0,44.83
당하대주파크빌,42392,2213,1776,2213,1776,0,132.97
당하동탑스빌아파트,42639,3842,3585,3842,3585,0,247.57
당하동행정복지센터,42886,8224,6557,8224,6557,0,492.7
당하메디칼,42402,1781,2590,1781,2590,0,145.7
당하초등학교,42396,1491,1128,1491,1128,0,87.3
당하초등학교,42399,1479,1262,1479,1262,0,91.37
당하탑스빌아파트,42393,2194,2753,2194,2753,0,164.9
당하푸르지오,42403,1305,980,1305,980,0,76.17
당하푸르지오,42502,992,4410,992,4410,0,180.07
당하풍림아이원2차,42661,77,920,77,920,0,33.23
당하풍림아이원2차,42662,630,185,630,185,0,27.17
당하풍림아파트,42405,1497,11731,1497,11731,0,440.93
대경화성,39789,1176,710,1176,710,0,62.87
대경화성,39790,963,1629,963,1629,0,86.4
대곶사거리,80008,1664,5859,1664,5859,0,250.77
대곶사거리,80009,6838,1751,6838,1751,0,286.3
대기이에스티,39013,159,464,159,464,0,20.77
대동1차후문(종점),40553,688,728,688,728,0,47.2
대동도어(주),39983,922,10,922,10,0,31.07
대동도어(주),39984,6,990,6,990,0,33.2
대동아파트,37042,9256,2669,9256,2669,0,397.5
대동아파트,37504,5495,9524,5495,9524,0,500.63
대동아파트,39256,358,4899,358,4899,0,175.23
대동아파트,39473,3915,204,3915,204,0,137.3
대동아파트,39474,114,6992,114,6992,0,236.87
대동아파트,40491,492,214,492,214,0,23.53
대동아파트,40569,8198,4164,8198,4164,0,412.07
대동아파트,41172,2922,816,2922,816,0,124.6
대동아파트,42304,1982,3611,1982,3611,0,186.43
대동아파트,42306,2327,1574,2327,1574,0,130.03
대동아파트정문앞,40277,1679,1125,1679,1125,0,93.47
대동아파트후문,41137,2454,4138,2454,4138,0,219.73
대동월드,38116,4935,3106,4935,3106,0,268.03
대동특수철강,39049,161,1232,161,1232,0,46.43
대룡2리마을회관앞,90026,1,35,0,35,1,1.2
대룡2리마을회관앞,90027,67,2,67,2,0,2.3
대룡시장,90020,307,1274,305,1274,2,52.7
대룡시장,90021,1451,351,1439,351,12,60.07
대륭맨숀,40242,11697,5980,11697,5980,0,589.23
대륭맨숀,40247,10537,11947,10537,11947,0,749.47
대림3차아파트301동앞,38681,400,37,400,37,0,14.57
대림3차아파트301동앞,38684,68,753,68,753,0,27.37
대림아파트,37053,10518,4725,10518,4725,0,508.1
대림아파트,37054,3467,7186,3467,7186,0,355.1
대림아파트,38257,7440,1682,7440,1682,0,304.07
대림아파트,40382,2589,9661,2589,9661,0,408.33
대림아파트,42609,1932,2429,1932,2429,0,145.37
대림아파트,42610,529,1744,529,1744,0,75.77
대림아파트후문,40397,1976,1443,1976,1443,0,113.97
대명아파트,37537,2591,6199,2591,6199,0,293
대명초교,80002,1846,110,1846,110,0,65.2
대명초교,80003,215,1438,215,1438,0,55.1
대명휴먼아파트,37698,662,202,662,202,0,28.8
대문리고개입구,43546,745,570,740,570,5,43.83
대문리고개입구,90466,409,533,408,533,1,31.4
대문목재,89206,201,181,201,181,0,12.73
대문목재,89207,295,10,295,10,0,10.17
대문촌마을,90058,1,4,1,4,0,0.17
대문촌마을,90059,1,20,1,20,0,0.7
대박주유소,36091,2499,2756,2499,2756,0,175.17
대부고교차로,18388,0,2,0,2,0,0.07
대부관광호텔,62040,271,35,271,35,0,10.2
대부도서관,18389,0,29,0,29,0,0.97
대부도서관,18391,4,19,4,19,0,0.77
대부동행정복지센터,62011,386,1394,386,1394,0,59.33
대부동행정복지센터,62012,1445,259,1445,259,0,56.8
대부중고등학교,62027,381,83,381,83,0,15.47
대부중고등학교,62028,57,231,57,231,0,9.6
대부파출소앞,62036,4,124,4,124,0,4.27
대부파출소앞,62042,100,5,100,5,0,3.5
대사마을,43947,10,171,10,171,0,6.03
대사마을,43948,111,23,110,23,1,4.47
 대산-기점,90259,58,0,58,0,0,1.93
 대산-종점,90261,36,39,36,39,0,2.5
대산1리마을회관,90449,137,2,137,2,0,4.63
대산1리마을회관,90468,3,91,3,91,0,3.13
대산1리삼거리,90450,219,6,218,6,1,7.5
대산1리삼거리,90469,0,31,0,31,0,1.03
대산2리마을회관,90451,209,3,207,3,2,7.07
대산2리마을회관,90470,12,148,12,148,0,5.33
대산리고인돌앞,90452,44,9,44,9,0,1.77
대산리고인돌앞,90471,0,68,0,68,0,2.27
대산침례교회앞,90465,20,1,20,1,0,0.7
대상스틸,89007,106,1011,106,1011,0,37.23
대성베르힐아파트(가정성당),89240,1863,3165,1863,3165,0,167.6
대성베르힐아파트(가정성당),89241,6299,2764,6299,2764,0,302.1
대성유니드아파트,40674,1257,4739,1257,4739,0,199.87
대성유니드아파트,40675,2686,513,2686,513,0,106.63
대신아파트,41406,5993,1642,5993,1642,0,254.5
대신철강,42859,3,1034,3,1034,0,34.57
대야초교.ABC학습타운입구,70017,346,2072,346,2072,0,80.6
대야초교.ABC학습타운입구,70020,2207,484,2207,484,0,89.7
대양자동차학원,35073,11,1852,11,1852,0,62.1
대우삼환아파트,38078,6755,4641,6755,4641,0,379.87
대우삼환아파트,38591,1422,3189,1422,3189,0,153.7
대우실업,41485,22,40,22,40,0,2.07
대우실업,41505,55,5,55,5,0,2
대우아파트,38206,4276,4079,4276,4079,0,278.5
대우아파트,38208,4109,3452,4109,3452,0,252.03
대우아파트,40321,201,327,201,327,0,17.6
대우아파트,40340,952,388,952,388,0,44.67
대우자동차운전학원,42262,595,211,595,211,0,26.87
대우자동차운전학원,42263,188,540,188,540,0,24.27
대우재아파트,39702,7,381,7,381,0,12.93
대우재아파트,39703,505,441,505,441,0,31.53
대우푸르지오,42407,28603,4492,28603,4492,0,1103.17
대우푸르지오,42842,620,1744,620,1744,0,78.8
대우푸르지오복합상가,39605,2107,1189,2107,1189,0,109.87
대우하나아파트,89073,15516,11880,15516,11880,0,913.2
대우하나아파트·2차리더스뷰106동,89074,9118,11733,9118,11733,0,695.03
대웅실업앞,92003,79,325,79,325,0,13.47
대원레스피아1단지아파트,42643,9732,53,9732,53,0,326.17
대원정밀,39475,393,668,393,668,0,35.37
대월초등학교,90094,4,12,4,12,0,0.53
대월초등학교,90095,42,34,42,34,0,2.53
대은교회,42143,4772,8480,4772,8480,0,441.73
대인고등학교,42344,1784,3544,1784,3544,0,177.6
대인고등학교,42345,4521,1997,4521,1997,0,217.27
대인고등학교,89490,663,2130,663,2130,0,93.1
대인고등학교,89622,4,27,4,27,0,1.03
대일엠앤쿡,39059,815,1595,815,1595,0,80.33
대장간마을,43703,228,127,226,127,2,11.83
대정,90117,2,76,2,76,0,2.6
대정,90118,43,4,43,4,0,1.57
대주아파트,42469,2577,10988,2577,10988,0,452.17
대주파크빌,42466,5932,1614,5932,1614,0,251.53
대진아파트,40415,2342,2503,2342,2503,0,161.5
대촌,43393,56,93,56,93,0,4.97
대촌,43545,41,13,41,13,0,1.8
대촌마을,41663,37,8,37,8,0,1.5
대토단지앞,39813,443,57,443,57,0,16.67
대한솔루션알앤디센터,39557,84,296,84,296,0,12.67
대한제당,35169,1260,44,1260,44,0,43.47
대한제당,35220,22,1476,22,1476,0,49.93
대현목재,89205,214,279,214,279,0,16.43
대화초등학교,37397,7187,3004,7187,3004,0,339.7
대화초등학교,37399,2625,4708,2625,4708,0,244.43
대흥,43194,38,316,38,316,0,11.8
대흥,43591,345,19,337,19,8,12.13
대흥식당,35688,38,62,38,62,0,3.33
더리미경로당,43363,15,8,15,8,0,0.77
더리미경로당,43731,22,15,22,15,0,1.23
더리미미술관,43961,67,13,67,13,0,2.67
더리미미술관,43962,0,2,0,2,0,0.07
더리미장어마을,43680,10,116,10,116,0,4.2
더리미장어마을,43864,24,8,24,8,0,1.07
더샵그린스퀘어105동,92021,5912,818,5912,818,0,224.33
더샵그린스퀘어107동,92022,621,6254,621,6254,0,229.17
더샵그린애비뉴,38486,15172,9026,15172,9026,0,806.6
더샵그린애비뉴,38510,1163,67,1163,67,0,41
더샵그린워크1단지,38495,5836,2420,5836,2420,0,275.2
더샵부평센트럴시티(101동),40061,2482,3264,2482,3264,0,191.53
더샵부평센트럴시티(101동),40065,3054,1770,3054,1770,0,160.8
더샵부평센트럴시티(127동),40050,10815,14967,10815,14967,0,859.4
더샵센트럴시티204동,92020,89,4417,89,4417,0,150.2
더샵센트럴시티205동,92019,6580,2835,6580,2835,0,313.83
더샵송도마리나베이,38765,1362,2387,1362,2387,0,124.97
더샵송도마리나베이,38766,1619,845,1619,845,0,82.13
더샵송도센터니얼,38794,475,1673,475,1673,0,71.6
더샵송도센터니얼,38795,1392,369,1392,369,0,58.7
더샵송도프라임뷰20단지,38561,1473,4646,1473,4646,0,203.97
더샵아르테아파트,37686,778,2605,778,2605,0,112.77
더샵엑스포빌리지,38480,8592,3614,8592,3614,0,406.87
더샵퍼스트파크13단지,38601,1168,162,1168,162,0,44.33
더샵퍼스트파크13단지,38602,95,655,95,655,0,25
더샵하버뷰,38485,13808,9905,13808,9905,0,790.43
더샵하버뷰,38487,3615,2168,3615,2168,0,192.77
더샵하버뷰(D13),38453,2635,1926,2635,1926,0,152.03
더샵하버뷰(D13),38466,4165,2946,4165,2946,0,237.03
더샵하버뷰(D14),38454,1886,1228,1886,1228,0,103.8
더샵하버뷰14단지,38504,3098,2332,3098,2332,0,181
더월드스테이트2단지,37657,812,582,812,582,0,46.47
더월드스테이트후문,37422,123,795,123,795,0,30.6
더포레스트아파트,39876,8296,2054,8296,2054,0,345
더포레스트아파트,39877,4768,8723,4768,8723,0,449.7
더프라우,38410,8721,27770,8721,27770,0,1216.37
더필립요양병원,40461,2268,3853,2268,3853,0,204.03
덕고개삼거리,43723,47,39,47,39,0,2.87
덕고개삼거리,43750,12,80,12,80,0,3.07
덕골,43397,30,5,30,5,0,1.17
덕골,43399,19,26,19,26,0,1.5
덕교3거리,35012,179,28,179,28,0,6.9
덕교동,35003,644,179,644,179,0,27.43
덕교동,35005,155,1137,155,1137,0,43.07
덕교동,35259,1101,307,1101,307,0,46.93
덕교삼거리,35214,15,220,15,220,0,7.83
덕신고등학교(강화읍교회),90228,29,115,29,115,0,4.8
덕신고등학교(강화읍교회),90229,44,82,44,82,0,4.2
덕유마을.설악마을,11187,2733,1443,2733,1443,0,139.2
덕유마을.설악마을,55073,1266,719,1266,719,0,66.17
덕음,43657,22,12,22,12,0,1.13
덕응,43983,6,13,6,13,0,0.63
덕응,43986,18,20,18,20,0,1.27
덕정가든,43173,1,64,1,64,0,2.17
덕정가든,43296,111,2,111,2,0,3.77
덕진사거리,43870,20,14,19,14,1,1.13
덕진사거리,90310,23,47,23,47,0,2.33
덕진진,43637,16,59,16,59,0,2.5
덕진진,43672,95,14,95,14,0,3.63
덕창기계,39723,171,47,171,47,0,7.27
덕포리,43006,389,256,388,256,1,21.5
덕포리,43100,201,323,201,323,0,17.47
덕하교앞,43449,42,35,42,35,0,2.57
덕하교앞,43727,24,57,24,57,0,2.7
덕화2리,43468,55,13,55,13,0,2.27
덕화2리,43730,4,29,4,29,0,1.1
덕화2리마을회관,43923,31,12,31,12,0,1.43
덕화2리마을회관,43924,7,15,7,15,0,0.73
덕화3리마을회관,43609,164,120,162,120,2,9.47
덕화3리입구,43469,14,1,14,1,0,0.5
덕화3리입구,43729,15,30,15,30,0,1.5
덕화교회앞,90398,0,20,0,20,0,0.67
덕화교회앞,90399,20,1,19,1,1,0.7
도간마을,43612,5,0,5,0,0,0.17
도간마을,43664,0,40,0,40,0,1.33
도감말,43733,5,9,5,9,0,0.47
도감말,43754,17,6,14,6,3,0.77
도곡한신아파트,23504,34,63,34,63,0,3.23
도담공원.푸르지오더베뉴,89397,2732,2736,2732,2736,0,182.27
도담공원.푸르지오더베뉴,89398,2707,1812,2707,1812,0,150.63
도담공원·이음중고등학교,89482,1301,1830,1301,1830,0,104.37
도담공원·이음중고등학교,89547,2273,646,2273,646,0,97.3
도두리마을,41565,20068,3239,20068,3239,0,776.9
도두리마을,41566,4060,15135,4060,15135,0,639.83
도림고등학교,92066,310,277,310,277,0,19.57
도림동고개,39160,1251,661,1251,661,0,63.73
도림동고개,39161,744,1745,744,1745,0,82.97
도림동입구,39140,8896,2559,8896,2559,0,381.83
도림동입구,39141,6,2183,6,2183,0,72.97
도림아이파크아파트,39155,8629,6928,8629,6928,0,518.57
도림육교,39154,5690,7629,5690,7629,0,443.97
도림주공1단지,39152,14949,12270,14949,12270,0,907.3
도림주공1단지,39153,13660,11143,13660,11143,0,826.77
도림주공208동,39142,6942,3737,6942,3737,0,355.97
도림주공208동,39143,4747,7274,4747,7274,0,400.7
도림주공2단지,39146,4254,3563,4254,3563,0,260.57
도림주공2단지,39149,2871,2490,2871,2490,0,178.7
도림주철관1공장,89307,407,262,407,262,0,22.3
도림주철관공업(주),42293,2966,1169,2966,1169,0,137.83
도림포도원,39150,359,3378,359,3378,0,124.57
도림포도원,39151,449,458,449,458,0,30.23
도원고개(도원역),36001,3399,3096,3399,3096,0,216.5
도원고개(동구청방향),36170,91,37,91,37,0,4.27
도원동행정복지센터,35180,3430,2760,3430,2760,0,206.33
도원동행정복지센터,36128,119,301,119,301,0,14
도원동행정복지센터(앞),35788,101,258,101,258,0,11.97
도원동행정복지센터(앞),35798,202,76,202,76,0,9.27
도원역(인천축구전용경기장),35176,8724,4861,8724,4861,0,452.83
도원역(인천축구전용경기장),37549,1449,3891,1449,3891,0,178
도장골삼거리,44122,1,6,1,6,0,0.23
도장재마을,43167,48,2,48,2,0,1.67
도장재마을,43225,3,30,3,30,0,1.1
도화1동행정복지센터,37340,12090,10997,12090,10997,0,769.57
도화IC,37356,27542,24146,27542,24146,0,1722.93
도화e편한세상604동,37578,521,125,521,125,0,21.53
도화e편한세상아파트,37612,199,1994,199,1994,0,73.1
도화e편한세상아파트,37613,4734,1350,4734,1350,0,202.8
도화e편한세상아파트5단지,37624,3476,1747,3476,1747,0,174.1
도화e편한세상아파트6단지,37626,2383,5047,2383,5047,0,247.67
도화사거리.도화역,37390,777,716,777,716,0,49.77
도화사거리.도화역,37392,474,1275,474,1275,0,58.3
도화사거리·더샵인천스카이타워,37673,9265,4957,9265,4957,0,474.07
도화사거리·더샵인천스카이타워,37674,3544,7571,3544,7571,0,370.5
도화서희스타힐스,37625,1932,3180,1932,3180,0,170.4
도화역,37629,7401,7254,7401,7254,0,488.5
도화초등학교.수봉도서관,37366,8335,6875,8335,6875,0,507
도화초등학교.수봉도서관,37367,13841,15213,13841,15213,0,968.47
독골사거리,42175,3311,1319,3311,1319,0,154.33
독배로317번길(삼거리),37634,6962,171,6962,171,0,237.77
독장골,43351,0,17,0,17,0,0.57
독장골,43846,17,3,17,3,0,0.67
독쟁이고개,90433,474,143,474,143,0,20.57
독쟁이고개,90443,8,66,8,66,0,2.47
독정로.검단LH37단지,89600,1170,655,1170,655,0,60.83
독정로.검단LH37단지,89601,1120,1126,1120,1126,0,74.87
독정로.태평아파트,89598,254,159,254,159,0,13.77
독정로.태평아파트,89599,57,516,57,516,0,19.1
독정역(서구동구예비군훈련장),42377,9170,5973,9170,5973,0,504.77
독정역(서구동구예비군훈련장),42378,9724,10334,9724,10334,0,668.6
독정이고개,37234,27867,22701,27867,22701,0,1685.6
독정이고개,37238,21518,26781,21518,26781,0,1609.97
돈대마을,43925,44,3,44,3,0,1.57
돈대마을,43926,5,38,5,38,0,1.43
돈대모루,43422,11,35,11,35,0,1.53
돈대모루,43447,30,15,30,15,0,1.5
돌머루(대산종점),43707,100,68,99,68,1,5.6
돌산밑,35320,64,17,64,17,0,2.7
돌산밑,35396,10,168,10,168,0,5.93
돌팍재삼거리,35273,808,1094,808,1094,0,63.4
돌팍재삼거리,35277,1028,785,1028,785,0,60.43
돌팍재한뿌리,35304,215,355,215,355,0,19
돌팍재한뿌리,35315,315,356,315,356,0,22.37
동강리,35317,36,124,36,124,0,5.33
동강리,35393,351,38,344,38,7,12.97
동강리(그린빌앞),35245,80,111,73,111,7,6.37
동강리(그린빌앞),35246,28,15,27,15,1,1.43
동검도삼거리,43223,6,42,6,42,0,1.6
동검도삼거리,43642,58,2,58,2,0,2
동검리마을회관입구,90069,0,14,0,14,0,0.47
동검리마을회관입구,90070,3,0,3,0,0,0.1
동검리입구,43856,1,25,1,25,0,0.87
동검리입구,43877,14,8,14,8,0,0.73
동검리종점,43889,79,47,79,47,0,4.2
동검상회,43226,3,0,3,0,0,0.1
동검상회,43519,0,3,0,3,0,0.1
동광제일교회,40411,597,587,597,587,0,39.47
동교동삼거리,22012,5295,26,5295,26,0,177.37
동교동삼거리,23033,79,4095,79,4095,0,139.13
동구선거관리위원회,36110,3343,9533,3343,9533,0,429.2
동구청,36011,589,727,589,727,0,43.87
동구청소년수련관.달동네박물관,36026,15666,14928,15666,14928,0,1019.8
동국제강,36068,2227,3645,2227,3645,0,195.73
동국제강,36074,429,153,429,153,0,19.4
동국제강후문,36069,241,829,241,829,0,35.67
동국제강후문,36070,1095,187,1095,187,0,42.73
동남스포피아,38226,11381,9243,11381,9243,0,687.47
동남스포피아,38227,11222,9462,11222,9462,0,689.47
동남아파트,38267,1159,6953,1159,6953,0,270.4
동남아파트,38268,3232,1138,3232,1138,0,145.67
동남아파트,70039,589,764,589,764,0,45.1
동남아파트(무지개아파트),38337,1063,4013,1063,4013,0,169.2
동녘개,90147,3,12,3,12,0,0.5
동녘개,90148,40,18,39,18,1,1.93
동녘마을입구,39660,58,813,58,813,0,29.03
동들머리,43705,7,9,7,9,0,0.53
동들머리,43885,8,31,8,31,0,1.3
동막교회,43499,1,48,1,48,0,1.63
동막교회,43514,67,6,67,6,0,2.43
동막역(1번출구),38039,36500,53902,36500,53902,0,3013.4
동막역(3번출구),38433,48718,27945,48718,27945,0,2555.43
동막역(4번출구),38338,9189,1675,9189,1675,0,362.13
동막초등학교,38054,1176,4312,1176,4312,0,182.93
동막해변,43408,85,217,85,217,0,10.07
동막해변,43511,245,76,244,76,1,10.7
동문아파트,42436,17871,13191,17871,13191,0,1035.4
동방중학교,92038,313,438,313,438,0,25.03
동방초등학교,92037,28,114,28,114,0,4.73
동보2차아파트,41053,67,665,67,665,0,24.4
동보2차아파트,41059,1013,169,1013,169,0,39.4
동보노빌리티,35488,3267,4612,3265,4612,2,262.63
동보노빌리티,35489,4347,2653,4347,2653,0,233.33
동보아파트,39125,2736,5883,2736,5883,0,287.3
동보아파트,39126,5542,1755,5542,1755,0,243.23
동보아파트,41056,4239,829,4239,829,0,168.93
동보아파트,41063,1283,3674,1283,3674,0,165.23
동보아파트,41136,334,1010,334,1010,0,44.8
동보아파트,41143,13556,18101,13556,18101,0,1055.23
동보아파트,70040,343,610,343,610,0,31.77
동보아파트후문,41129,999,274,999,274,0,42.43
동부아파트,36052,1712,2432,1712,2432,0,138.13
동부아파트,37192,351,337,351,337,0,22.93
동산고,36018,13035,3558,13035,3558,0,553.1
동산고등학교,36021,5454,12668,5454,12668,0,604.07
동산교회,36010,1771,2455,1771,2455,0,140.87
동산교회,36012,2929,4179,2929,4179,0,236.93
동산교회,90303,4,10,4,10,0,0.47
동산리마을회관,90302,12,5,12,5,0,0.57
동산중고등학교(재능대정문),36029,10097,1296,10097,1296,0,379.77
동산휴먼시아2단지,36022,3375,541,3375,541,0,130.53
동산휴먼시아2단지,36023,1119,4897,1119,4897,0,200.53
동서식품,40623,2853,2502,2853,2502,0,178.5
동서식품,40624,2005,3468,2005,3468,0,182.43
동성.길훈아파트,42495,3100,7868,3100,7868,0,365.6
동성아파트,42496,6995,1848,6995,1848,0,294.77
동소정사거리,40188,8210,8860,8210,8860,0,569
동소정사거리,40189,11852,11937,11852,11937,0,792.97
동수교회,40184,120,1081,120,1081,0,40.03
동수역1번출구,40124,2017,12374,2017,12374,0,479.7
동수역2번출구,40108,3487,6407,3487,6407,0,329.8
동수역3번출구,40110,8386,6352,8386,6352,0,491.27
동아.팬더아파트,39233,7479,10509,7479,10509,0,599.6
동아.팬더아파트,39236,10962,6672,10962,6672,0,587.8
동아2단지정문,40324,1382,423,1382,423,0,60.17
동아금호아파트,38344,6831,12644,6831,12644,0,649.17
동아금호아파트,38347,7533,3451,7533,3451,0,366.13
동아아파트,37248,925,1250,925,1250,0,72.5
동아아파트,41070,3158,1686,3158,1686,0,161.47
동아아파트,41403,1563,4678,1563,4678,0,208.03
동아아파트,42404,3168,3532,3168,3532,0,223.33
동아아파트,42406,4891,2774,4891,2774,0,255.5
동아아파트후문,40257,2289,2395,2289,2395,0,156.13
동아아파트후문,40258,2200,1830,2200,1830,0,134.33
동아정밀,42037,1038,2640,1038,2640,0,122.6
동아풍림아파트,37037,15120,18733,15120,18733,0,1128.43
동암국민주택,40014,3297,676,3297,676,0,132.43
동암국민주택,40015,646,2189,646,2189,0,94.5
동암남부역,40034,34436,22295,34436,22295,0,1891.03
동암남부역,40797,133536,112757,133536,112757,0,8209.77
동암남부역,40861,681,6837,681,6837,0,250.6
동암남부역,40862,18431,13555,18431,13555,0,1066.2
동암북부역,40013,28429,12842,28429,12842,0,1375.7
동암북부역,40035,10570,28439,10570,28439,0,1300.3
동암북부역광장,40800,77690,64422,77690,64422,0,4737.07
동암사거리,40001,14869,15790,14869,15790,0,1021.97
동암사거리,40003,3812,6795,3812,6795,0,353.57
동양도서관,41522,6778,4179,6778,4179,0,365.23
동양도서관(휴먼빌아파트),41523,4575,4913,4575,4913,0,316.27
동양엔파트4단지,42820,3289,4895,3289,4895,0,272.8
동양엔파트4단지,42837,4800,2641,4800,2641,0,248.03
동양엔파트5단지,42986,2728,3946,2728,3946,0,222.47
동양주공1.2단지,41372,9583,2233,9583,2233,0,393.87
동양주공1.2단지,41373,2524,7886,2524,7886,0,347
동양지구입구,41445,3982,463,3982,463,0,148.17
동양지구입구,41446,983,5610,983,5610,0,219.77
동양체육문화센터,41554,2097,3539,2097,3539,0,187.87
동양체육문화센터,41555,2551,2206,2551,2206,0,158.57
동양하이테크,42966,212,221,212,221,0,14.43
동원로얄듀크마리나포레,35890,3287,1099,3287,1099,0,146.2
동원아파트,25166,288,493,288,493,0,26.03
동원아파트,25167,469,214,469,214,0,22.77
동원아파트,37376,4323,1987,4323,1987,0,210.33
동원아파트,37379,1706,2945,1706,2945,0,155.03
동인천,35188,26878,33612,26878,33612,0,2016.33
동인천(우리은행앞),35517,734,610,721,610,13,44.8
동인천동행정복지센터,35795,35,292,35,292,0,10.9
동인천동행정복지센터,35805,121,121,121,121,0,8.07
동인천역,35185,109292,49025,109292,49025,0,5277.23
동인천역,35187,5782,10528,5782,10528,0,543.67
동인천역,35191,71361,94349,71361,94349,0,5523.67
동인천역,35192,11932,23393,11932,23393,0,1177.5
동인천역북광장,36136,22682,17720,22682,17720,0,1346.73
동인천역북광장,36137,32901,14710,32901,14710,0,1587.03
동인천중학교,39229,1456,1012,1456,1012,0,82.27
동인천중학교,39230,1930,1271,1930,1271,0,106.7
동일방직,36031,3284,3197,3284,3197,0,216.03
동일방직,36032,3209,2668,3209,2668,0,195.9
동일아파트,35177,423,1654,423,1654,0,69.23
동작세무서,20005,135,2080,135,2080,0,73.83
동주농장,43349,4,9,4,9,0,0.43
동주농장,43401,36,2,34,2,2,1.27
동촌,43407,121,1,121,1,0,4.07
동촌,43793,3,88,3,88,0,3.03
동춘2동행정복지센터,38045,1840,6492,1840,6492,0,277.73
동춘2동행정복지센터,38046,5470,1156,5470,1156,0,220.87
동춘대동아파트,38345,5375,5752,5375,5752,0,370.9
동춘동종점,38037,670,1257,670,1257,0,64.23
동춘동차고지,38569,899,1206,899,1206,0,70.17
동춘롤러경기장,38704,581,638,581,638,0,40.63
동춘마을아파트,38082,7313,5875,7313,5875,0,439.6
동춘마을아파트,38087,3656,6417,3656,6417,0,335.77
동춘역,38346,35984,25150,35984,25150,0,2037.8
동춘역(이마트),38060,15289,618,15289,618,0,530.23
동춘역(이마트.스퀘어원),38070,33947,39907,33947,39907,0,2461.8
동화운수차고지(하차전용),41673,24,2461,24,2461,0,82.83
돼지슈퍼.간동입구,80019,127,909,127,909,0,34.53
두두미마을,43289,42,0,42,0,0,1.4
두두미마을,43869,0,20,0,20,0,0.67
두밀경노당,89328,5,106,5,106,0,3.7
두밀경노당,89331,113,7,113,7,0,4
두산밥캣코리아,36077,1,709,1,709,0,23.67
두산아파트,40564,2525,5078,2525,5078,0,253.43
두산위브더제니스센트럴여의아파트,37296,1720,1322,1720,1322,0,101.4
두산위브아파트,37043,16208,8781,16208,8781,0,832.97
두산위브아파트,40630,11549,647,11549,647,0,406.53
두산위브아파트,40648,434,1385,434,1385,0,60.63
두운1리마을회관앞,90047,21,88,20,88,1,3.63
두운1리마을회관앞,90048,59,5,59,5,0,2.13
두운리,43034,10,53,10,53,0,2.1
두운리,43540,63,231,63,231,0,9.8
둑실경로당,41498,1,24,1,24,0,0.83
둑실경로당,41514,43,0,43,0,0,1.43
둑실동(아라마루전망대),41494,10,97,10,97,0,3.57
둑실동(아라마루전망대),41512,220,3,220,3,0,7.43
둑실동회차지,41500,51,37,51,37,0,2.93
둥개마을오거리,35862,43,6,43,6,0,1.63
둥깨마을입구(세븐일레븐),35721,64,0,64,0,0,2.13
둥깨마을입구(세븐일레븐),35722,3,25,3,25,0,0.93
둥깨마을입구(용성철강),35724,30,76,30,76,0,3.53
뒤골입구,35668,28,4,28,4,0,1.07
뒤골입구,35669,3,24,3,24,0,0.9
뒷골입구,90377,0,7,0,7,0,0.23
뒷골입구,90380,8,0,8,0,0,0.27
뒷방죽들,39959,1387,9,1387,9,0,46.53
뒷방죽들,39960,6461,10614,6461,10614,0,569.17
드라이빙센터,35589,52,1797,52,1797,0,61.63
드림로갈산교,41342,321,333,321,333,0,21.8
드림로갈산교,41343,79,867,79,867,0,31.53
드림파크야생화단지,89363,4253,27,4253,27,0,142.67
드림파크야생화단지,89364,11,3913,11,3913,0,130.8
드무리해변,44011,11,480,11,480,0,16.37
드무리해변,44012,488,34,488,34,0,17.4
디에스솔텍,39035,3153,2989,3153,2989,0,204.73
디에스솔텍,39038,2395,2193,2395,2193,0,152.93
디에트르더힐(고산터널),89396,10310,7307,10310,7307,0,587.23
디에트르더힐·이음고등학교,89455,1189,4576,1189,4576,0,192.17
디에트르더힐·이음고등학교,89464,1997,455,1997,455,0,81.73
디지털1단지,17725,4,651,4,651,0,21.83
"디지털3단지,월드벤처센터",18108,7,289,7,289,0,9.87
디지털3단지사거리,18110,356,4,356,4,0,12
뗏마루어린이공원·신화아파트,39405,4769,6279,4769,6279,0,368.27
뚝배기이탈리아,43470,28,18,28,18,0,1.53
뚝배기이탈리아,43524,6,30,6,30,0,1.2
라이크홈기숙사앞,39993,1851,2451,1851,2451,0,143.4
라이크홈기숙사앞,39994,3413,1875,3413,1875,0,176.27
라이크홈기숙사앞,39995,1050,45,1050,45,0,36.5
라이프쇼핑앞,35070,6091,5876,6091,5876,0,398.9
라이프아파트,35060,124,6160,124,6160,0,209.47
라이프아파트,35062,14884,77,14884,77,0,498.7
"래미안아파트,파이낸셜뉴스",22905,10835,7266,10835,7266,0,603.37
래미안아파트.파이낸셜뉴스,31072,1107,27,1107,27,0,37.8
래미안아파트파이낸셜뉴스,32002,2441,1980,2441,1980,0,147.37
랜드마크시티1호수변공원,38767,397,840,397,840,0,41.23
랜드마크시티센트럴더샵,38636,115,4869,115,4869,0,166.13
랜드마크시티센트럴더샵(106동),38665,2400,10529,2400,10529,0,430.97
랜드마크시티센트럴더샵(106동),38666,10781,1681,10781,1681,0,415.4
랜드마크시티센트럴더샵(203동),38645,18888,2147,18888,2147,0,701.17
랜드마크시티센트럴더샵(203동),38650,2080,15404,2080,15404,0,582.8
럭키아파트,38115,4345,294,4345,294,0,154.63
럭키아파트,38132,757,7820,757,7820,0,285.9
레이크파크,42840,1360,3528,1360,3528,0,162.93
레전드호텔,35639,1667,1560,1667,1560,0,107.57
레전드호텔,35640,38,423,38,423,0,15.37
레지던스라이크홈,92012,756,5880,756,5880,0,221.2
로봇랜드입구,89022,5070,124,5070,124,0,173.13
로봇랜드입구,89023,14,3497,14,3497,0,117.03
로봇타워,89301,8,1134,8,1134,0,38.07
로봇타워,89302,1193,12,1193,12,0,40.17
로얄아파트,37247,33876,14426,33876,14426,0,1610.07
로얄아파트,37424,1174,289,1174,289,0,48.77
로얄호텔,43542,9,35,9,35,0,1.47
로얄호텔,43878,49,25,49,25,0,2.47
롯데마트,35108,4622,4685,4622,4685,0,310.23
롯데마트,41390,672,4,672,4,0,22.53
롯데마트,41391,8,2555,8,2555,0,85.43
롯데마트,42829,21368,10288,21368,10288,0,1055.2
롯데마트,42838,10637,24197,10637,24197,0,1161.13
롯데마트계양점(고용복지센터),41227,23465,15503,23465,15503,0,1298.93
롯데마트계양점(고용복지센터),41424,9316,16490,9316,16490,0,860.2
롯데마트송도점,38523,2647,863,2647,863,0,117
롯데몰.김포공항역,25174,450,4216,450,4216,0,155.53
롯데백화점(인천터미널),37513,163096,153702,163096,153702,0,10559.93
롯데백화점(인천터미널),39588,157129,108851,157129,108851,0,8866
롯데슈퍼,38072,8599,2961,8599,2961,0,385.33
롯데슈퍼,38074,2762,7503,2762,7503,0,342.17
롯데아파트,38110,7627,9152,7627,9152,0,559.3
롯데월드타워,37327,2663,5292,2663,5292,0,265.17
롯데캐슬,39795,622,293,622,293,0,30.5
롯데캐슬,39796,3125,1642,3125,1642,0,158.9
롯데캐슬,39797,796,121,796,121,0,30.57
롯데캐슬,39798,306,651,306,651,0,31.9
롯데캐슬,42835,7447,4756,7447,4756,0,406.77
롯데캐슬,42884,5884,10473,5884,10473,0,545.23
롯데캐슬,42999,1100,3508,1100,3508,0,153.6
롯데캐슬.모래내시장.구월시장,39309,56400,21007,56400,21007,0,2580.23
롯데캐슬·모래내시장·구월시장,39310,29990,53583,29990,53583,0,2785.77
롯데캐슬캠퍼스타운,39977,15,658,15,658,0,22.43
롯데캐슬캠퍼스타운,39978,2816,3355,2816,3355,0,205.7
롯데캐슬후문,39285,5603,5203,5603,5203,0,360.2
루에블리아파트,89283,3636,4551,3636,4551,0,272.9
루원더퍼스트아파트,89107,3848,7098,3848,7098,0,364.87
루원더퍼스트아파트,89108,10078,3005,10078,3005,0,436.1
루원더퍼스트아파트105동앞,89378,255,1159,255,1159,0,47.13
루원린스트라우스더린시티,42234,2285,1455,2285,1455,0,124.67
루원숲속마을,89383,703,1773,703,1773,0,82.53
루원숲속마을,89384,2,506,2,506,0,16.93
루원시티1차SK리더스뷰아파트,89284,6164,6270,6164,6270,0,414.47
루원시티2차리더스뷰아파트,89072,13161,14314,13161,14314,0,915.83
루원시티사거리,89076,1743,1066,1743,1066,0,93.63
루원시티사거리,89077,538,2034,538,2034,0,85.73
루원시티서한이다음아파트,89628,1,3,1,3,0,0.13
루원시티서한이다음아파트,89629,0,9,0,9,0,0.3
루원시티어울림아파트,89184,2039,4851,2039,4851,0,229.67
루원시티어울림아파트,89185,5913,4204,5913,4204,0,337.23
루원시티프라디움,89150,12670,3639,12670,3639,0,543.63
루원시티프라디움105동,89308,10390,9400,10390,9400,0,659.67
루원시티프라디움105동,89309,3425,5769,3425,5769,0,306.47
루원이편한세상하늘채(107동),42225,13339,16641,13339,16641,0,999.33
루원이편한세상하늘채(112동),42721,4072,2602,4072,2602,0,222.47
루원이편한세상하늘채(125동),42216,5595,3233,5595,3233,0,294.27
루원제일풍경채정문앞,89040,3983,11249,3983,11249,0,507.73
루원중학교,89493,1852,597,1852,597,0,81.63
루원중학교,89494,172,982,172,982,0,38.47
루원지웰시티푸르지오,42228,8659,8064,8659,8064,0,557.43
루원호반베르디움,89149,4054,12004,4054,12004,0,535.27
루원호반베르디움104동,89368,1334,1982,1334,1982,0,110.53
리안월드입구,90177,32,35,32,35,0,2.23
리안월드입구,90178,34,13,34,13,0,1.57
리튬코리아,39034,1665,946,1665,946,0,87.03
린나이코리아,40011,1,329,1,329,0,11
린나이코리아,40012,368,0,368,0,0,12.27
린스트라우스,42831,3257,3394,3257,3394,0,221.7
린스트라우스,42881,8207,4322,8207,4322,0,417.63
린스트라우스정문,42795,7311,4198,7311,4198,0,383.63
마곡나루역1번출구,16396,217,324,217,324,0,18.03
마곡나루역5번출구.서울식물원,16386,354,139,354,139,0,16.43
마곡동로사거리(중),16021,760,720,760,720,0,49.33
마곡동로사거리(중),16022,830,1019,830,1019,0,61.63
마곡역(중),16018,978,784,978,784,0,58.73
마곡역(중),16019,851,1093,851,1093,0,64.8
마곡역2번출구,16423,667,161,667,161,0,27.6
마그네,43028,172,272,171,272,1,14.8
마그네다리,43158,290,170,290,170,0,15.33
마그네다리,43900,38,33,38,33,0,2.37
마그네사거리,43029,413,473,413,473,0,29.53
마그네사거리,43030,564,415,564,415,0,32.63
마니교통차고지,89496,191,242,191,242,0,14.43
마니산상회,43417,76,31,76,31,0,3.57
마니산상회,43443,37,48,36,48,1,2.83
마니산입구,43102,223,648,223,648,0,29.03
마니산입구,43103,759,276,759,276,0,34.5
마당개,35681,2,0,2,0,0,0.07
마당개,35697,3,1,3,1,0,0.13
마미,43747,19,11,19,11,0,1
마미,43765,3,11,3,11,0,0.47
마송,80131,633,3155,633,3155,0,126.27
마송,80132,2692,733,2692,733,0,114.17
마시란,35424,109,275,109,275,0,12.8
마시란,35425,248,82,248,82,0,11
마시란해변(슈퍼앞),35262,6,37,6,37,0,1.43
마시란해변(슈퍼앞),35263,10,10,10,10,0,0.67
마시란해변(전주집),35260,1,5,1,5,0,0.2
마시란해변(전주집),35261,2,0,2,0,0,0.07
마시안갯벌체험장,35936,11,34,11,34,0,1.5
마시안갯벌체험장,35937,16,10,16,10,0,0.87
마을금고,40528,1401,5007,1401,5007,0,213.6
마을회관,43314,16,0,16,0,0,0.53
마을회관,43773,0,8,0,8,0,0.27
마을회관입구,35024,494,1915,494,1915,0,80.3
마을회관입구,35402,911,270,911,270,0,39.37
마장공원,40286,6596,25,6596,25,0,220.7
마장포고개,35677,38,57,38,57,0,3.17
마장포고개,35701,59,66,59,66,0,4.17
마장포삼거리,35679,156,370,154,370,2,17.53
마장포삼거리,35699,127,50,124,50,3,5.9
마장포입구,35680,27,57,27,57,0,2.8
마전고등학교,42752,120,8016,120,8016,0,271.2
마전고등학교,42753,7027,152,7027,152,0,239.3
마전역,42412,3911,8073,3911,8073,0,399.47
마전역,42413,18926,5004,18926,5004,0,797.67
마전주공아파트,42420,23,272,23,272,0,9.83
마전주공아파트,89322,7,8,7,8,0,0.5
마전지구대원아파트,42481,6830,52,6830,52,0,229.4
마전지구대원아파트,89446,26,6304,26,6304,0,211
마전지구버스차고지,89259,3378,199,3378,199,0,119.23
마전지구버스차고지,89345,15,2287,15,2287,0,76.73
마전초등학교,42408,5153,4783,5153,4783,0,331.2
마포역,14001,11,1481,11,1481,0,49.73
마포역,14002,1479,7,1479,7,0,49.53
막촌,43460,432,7,410,7,22,14.63
막촌,43776,2,166,1,166,1,5.6
만석동행정복지센터,36046,3865,1736,3865,1736,0,186.7
만석부두,36076,454,3340,454,3340,0,126.47
만석부두,36079,5036,1756,5036,1756,0,226.4
만석비치타운,36106,637,6209,637,6209,0,228.2
만석비치타운,36126,1864,2225,1864,2225,0,136.3
만석삼거리,36185,2644,7875,2644,7875,0,350.63
만석삼거리,36186,898,1349,898,1349,0,74.9
만석주공,36057,14891,2452,14891,2452,0,578.1
만석초등학교,36056,713,278,713,278,0,33.03
만석초등학교,36187,1,83,1,83,0,2.8
만수1동행정복지센터,39294,12585,5652,12585,5652,0,607.9
만수2동행정복지센터·포레시안,39731,15662,11038,15662,11038,0,890
만수2동행정복지센터·포레시안,39735,10841,11771,10841,11771,0,753.73
만수3동주민센터,39425,18419,24464,18419,24464,0,1429.43
만수3동주민센터,39427,30202,12585,30202,12585,0,1426.23
만수3동주민센터,39544,557,159,557,159,0,23.87
만수3동주민센터,39545,89,964,89,964,0,35.1
만수4동주민센터,39452,6957,7432,6957,7432,0,479.63
만수4동주민센터,39454,6917,12097,6917,12097,0,633.8
만수6동주민센터입구,39277,4673,13651,4673,13651,0,610.8
만수7.8단지앞,39497,1550,2396,1550,2396,0,131.53
만수7.8단지앞,39635,2832,3277,2832,3277,0,203.63
만수근린공원,39455,710,665,710,665,0,45.83
만수북중학교,39468,1264,1360,1264,1360,0,87.47
만수북중학교,39469,2131,725,2131,725,0,95.2
만수북초등학교,39420,5880,4589,5880,4589,0,348.97
만수산입구,89544,54,1820,54,1820,0,62.47
만수소방서,39428,8741,14884,8741,14884,0,787.5
만수소방서,39433,31939,13031,31939,13031,0,1499
만수신동아아파트·동인천고,39485,8104,9144,8104,9144,0,574.93
만수신동아아파트·동인천고,39578,724,36,724,36,0,25.33
만수역,39385,3820,144,3820,144,0,132.13
만수역,39388,453,18278,453,18278,0,624.37
만수종합시장,39451,29857,10078,29857,10078,0,1331.17
만수종합시장,39592,9689,23102,9689,23102,0,1093.03
만수주공1단지,39401,3535,3431,3535,3431,0,232.2
만수주공320동앞,39431,1431,1256,1431,1256,0,89.57
만수주공4단지,39440,8151,5565,8151,5565,0,457.2
만수주공4단지,39443,9814,9627,9814,9627,0,648.03
만수주공정문,39408,10145,8053,10145,8053,0,606.6
만수주공정문,39410,2862,3289,2862,3289,0,205.03
만수주공후문,39435,4199,10083,4199,10083,0,476.07
만수주공후문,39438,13371,3836,13371,3836,0,573.57
만수중(대토단지),39400,243,1158,243,1158,0,46.7
만수중학교후문,39745,134,915,134,915,0,34.97
만수초등학교,39303,2101,5240,2101,5240,0,244.7
만수초등학교,39307,597,1004,597,1004,0,53.37
만월종합사회복지관,92065,2,1694,2,1694,0,56.53
만월중학교,39962,2480,447,2480,447,0,97.57
만월중학교,39963,96,2739,96,2739,0,94.5
만의골입구,39666,194,59,194,59,0,8.43
만의골입구,39672,12,526,12,526,0,17.93
만정낚시터,35682,165,60,163,60,2,7.5
만정낚시터,35696,185,286,181,286,4,15.7
만정낚시터입구,35683,42,141,40,141,2,6.1
만정낚시터입구,35695,139,42,137,42,2,6.03
말죽거리공원사거리,22291,8,1337,8,1337,0,44.83
말죽거리공원사거리(중),31005,1120,4,1120,4,0,37.47
망양돈대,90224,0,20,0,20,0,0.67
망양돈대,90225,10,2,10,2,0,0.4
망월3리,43332,284,171,281,171,3,15.17
망월3리,43580,0,51,0,51,0,1.7
망월입구,43117,9,0,9,0,0,0.3
망월입구,43576,29,58,28,58,1,2.9
망월입구,43790,14,29,14,29,0,1.43
망월종점,43788,4,19,4,19,0,0.77
매수리마을,35725,3302,175,3302,175,0,115.9
매음1리마을회관,90173,19,41,19,41,0,2
매음1리마을회관,90174,54,7,53,7,1,2.03
매음3리마을회관(민머루),90321,18,11,18,11,0,0.97
매음3리마을회관(민머루),90322,3,4,3,4,0,0.23
매제미고개,43837,40,9,38,9,2,1.63
매제미고개,43988,0,9,0,9,0,0.3
매헌시민의숲.양재꽃시장,31002,22896,6867,22896,6867,0,992.1
매헌시민의숲.양재꽃시장,31003,2568,6780,2568,6780,0,311.6
먼우금사거리,38114,6616,5551,6616,5551,0,405.57
먼우금초등학교,38021,3343,10617,3343,10617,0,465.33
메이루즈커낼파크뷰,42747,3734,9303,3734,9303,0,434.57
메이루즈커낼파크뷰,42762,8778,4042,8778,4042,0,427.33
메이루즈커낼파크뷰정문,42794,4330,4720,4330,4720,0,301.67
메제미,43302,88,15,88,15,0,3.43
메제미,43598,27,127,27,127,0,5.13
면사무소입구,90018,8,289,8,289,0,9.9
면사무소입구,90019,160,15,160,15,0,5.83
면허시험장,39006,2881,2685,2881,2685,0,185.53
명보주택앞,43979,5,14,5,14,0,0.63
명보주택앞,43984,7,4,7,4,0,0.37
명신여자고등학교,40289,18375,4972,18375,4972,0,778.23
명신여자고등학교,40291,5253,12999,5253,12999,0,608.4
명신초등학교,43394,148,1,145,1,3,4.97
명신초등학교,43803,4,96,3,96,1,3.33
명진부페,43323,1,0,1,0,0,0.03
명진부페,43632,33,25,30,25,3,1.93
명현중학교,41405,2100,9133,2100,9133,0,374.43
명현초등학교,41559,9681,2748,9681,2748,0,414.3
명현초등학교,41560,2162,7258,2162,7258,0,314
명현초등학교(효성지구대),41069,4,744,4,744,0,24.93
모다아울렛,89190,3387,4066,3387,4066,0,248.43
모래내시장,39295,16232,12876,16232,12876,0,970.27
모래내시장,39298,12761,11534,12761,11534,0,809.83
모래내시장,39344,7526,5056,7526,5056,0,419.4
모래내시장,39350,11940,13022,11940,13022,0,832.07
모래내시장역(1번출구),39338,13280,11084,13280,11084,0,812.13
모래내시장역(2번출구),39909,11213,13950,11213,13950,0,838.77
모래내시장역(3번출구),39339,39485,37452,39485,37452,0,2564.57
모래내시장역(4번출구),39335,2650,7662,2650,7662,0,343.73
모래방죽사거리,89228,2397,1195,2397,1195,0,119.73
모래방죽사거리,89229,2484,3941,2484,3941,0,214.17
모름말,90255,0,1,0,1,0,0.03
모름말,90311,4,10,4,10,0,0.47
모리부락입구,90304,2,0,2,0,0,0.07
모아아파트,70033,205,891,205,891,0,36.53
모아아파트.세종프라자,70034,595,250,595,250,0,28.17
모현,43659,2,261,2,261,0,8.77
모현,43689,242,14,242,14,0,8.53
목감IC진입(미정차),70226,1,0,1,0,0,0.03
목개마을,90153,2,1,2,1,0,0.1
목개마을,90154,22,9,22,9,0,1.03
목너머,35863,36,12,36,12,0,1.6
목너머,35864,5,38,5,38,0,1.43
목련어린이집,40824,9659,2903,9659,2903,0,418.73
목비고개,43032,55,148,55,148,0,6.77
목비고개,43272,162,99,162,99,0,8.7
목상교입구,41493,5,3,5,3,0,0.27
목상교입구,41519,5,9,5,9,0,0.47
목상교차로,41636,27,330,27,330,0,11.9
목상교차로,41637,278,3095,278,3095,0,112.43
목상동(새봄농원입구),41323,0,66,0,66,0,2.2
목상동(새봄농원입구),41324,43,8,43,8,0,1.7
목상동마을입구,41318,6,213,6,213,0,7.3
목상동마을입구,41517,145,14,145,14,0,5.3
목상동솔밭.이주단지입구,41316,1257,139,1257,139,0,46.53
목상동솔밭.이주단지입구,41317,155,995,155,995,0,38.33
목장앞,43503,3,2,3,2,0,0.17
목장앞,43688,6,0,6,0,0,0.2
목재단지,42036,431,711,431,711,0,38.07
목재부두사거리,42949,5,277,5,277,0,9.4
목재부두사거리,42960,78,95,78,95,0,5.77
뫼골놀이공원,40933,11354,637,11354,637,0,399.7
뫼골놀이공원,40934,1115,14367,1115,14367,0,516.07
무내미마을,39496,716,867,716,867,0,52.77
무내미마을,40106,358,4792,358,4792,0,171.67
무선내,44199,10,30,10,30,0,1.33
무의공영주차장,35871,0,3,0,3,0,0.1
무의도입구,35001,3095,274,3092,274,3,112.3
무의도입구,35002,562,2914,562,2914,0,115.87
무의도주민자치센터,35738,279,37,278,37,1,10.53
무의도주민자치센터,35739,63,183,63,183,0,8.2
무지개.한양8차아파트,40271,6345,4136,6345,4136,0,349.37
무지개.한양8차아파트,40276,6284,9061,6284,9061,0,511.5
무지개아파트,38366,4934,3723,4934,3723,0,288.57
무지개아파트(동남아파트),38042,5223,1073,5223,1073,0,209.87
무학리입구,90276,23,15,23,15,0,1.27
묵골,43498,29,9,22,9,7,1.27
묵골,43684,7,16,5,16,2,0.77
문남마을,38250,8116,5221,8116,5221,0,444.57
문남초등학교,38214,2193,1832,2193,1832,0,134.17
문남초등학교,38216,2306,3273,2306,3273,0,185.97
문말,44214,0,124,0,124,0,4.13
문말삼거리,44001,322,18,322,18,0,11.33
문말삼거리,44002,38,219,38,219,0,8.57
문산교회앞,43340,35,68,35,68,0,3.43
문산교회앞,43589,82,69,82,69,0,5.03
문산리마을회관,43101,134,461,134,461,0,19.83
문일여고·하우스토리만수아파트,39313,1677,4453,1677,4453,0,204.33
문일여고·하우스토리만수아파트,39314,5984,966,5984,966,0,231.67
문일여자고등학교후문,39685,2313,3413,2313,3413,0,190.87
문학경기장(X게임장),37643,38,25,38,25,0,2.1
문학경기장(박태환수영장),38310,4523,2250,4523,2250,0,225.77
문학경기장(박태환수영장),38311,1096,4630,1096,4630,0,190.87
문학경기장(박태환수영장),38329,1813,1588,1813,1588,0,113.37
문학경기장(박태환수영장),38423,897,1833,897,1833,0,91
문학경기장(야구장),37144,10496,15893,10496,15893,0,879.63
문학경기장(월드컵경기장),37157,6488,13541,6488,13541,0,667.63
문학경로당,37087,4990,3224,4990,3224,0,273.8
문학경로당,37088,4483,3610,4483,3610,0,269.77
문학고개,37056,3075,2668,3075,2668,0,191.43
문학고개,37057,2729,3398,2729,3398,0,204.23
문학고개,37101,3635,4096,3635,4096,0,257.7
문학우체국,37520,4597,4744,4597,4744,0,311.37
문학우체국,37521,4939,3267,4939,3267,0,273.53
문학정보고입구,37107,5109,6518,5109,6518,0,387.57
문학정보고입구,37108,6714,2842,6714,2842,0,318.53
문학초등학교,37105,19620,8575,19620,8575,0,939.83
문학초등학교,37110,9225,14827,9225,14827,0,801.73
문현,43005,86,90,86,90,0,5.87
문현,43164,40,60,40,60,0,3.33
문현,43195,133,5,129,5,4,4.6
문현,43321,2,157,2,157,0,5.3
문화교회,40173,242,256,242,256,0,16.6
문화교회,40174,9387,11338,9387,11338,0,690.83
문화예술회관,39197,3397,5413,3397,5413,0,293.67
문화예술회관,39199,890,858,890,858,0,58.27
물류단지D블럭앞,35604,2208,26,2208,26,0,74.47
물류단지F블럭앞,35603,51,2062,51,2062,0,70.43
물왕TG(미정차),70223,2,1,2,1,0,0.1
미관광장,38508,299,169,299,169,0,15.6
미관광장,38512,11,116,11,116,0,4.23
미단교회사거리,35664,8,5,8,5,0,0.43
미단교회사거리,35665,26,21,26,21,0,1.57
미도아파트,37446,1179,1278,1179,1278,0,81.9
미도아파트,41027,12389,3770,12389,3770,0,538.63
미도아파트,41028,4026,12033,4026,12033,0,535.3
미래빌라,36088,7381,1123,7381,1123,0,283.47
미래빌라,36089,1814,5288,1814,5288,0,236.73
미래타운1.2단지,40683,3658,20779,3658,20779,0,814.57
미래타운1.2단지,40684,14973,2361,14973,2361,0,577.8
미래타운5단지,40672,1085,3324,1085,3324,0,146.97
미래타운5단지501동,40662,5525,304,5525,304,0,194.3
미래타운5단지505동,40669,4841,2788,4841,2788,0,254.3
미래테크원,92015,2826,953,2826,953,0,125.97
미루지,43420,15,15,15,15,0,1
미루지,43522,15,17,14,17,1,1.07
미륭아파트,36138,3483,763,3483,763,0,141.53
미륭아파트,36139,974,3096,974,3096,0,135.67
미림극장,36008,3426,8505,3426,8505,0,397.7
미림극장,36009,8381,2682,8381,2682,0,368.77
미림극장입구,36141,252,625,252,625,0,29.23
미산초등학교,40378,8382,9923,8382,9923,0,610.17
미송초등학교,38654,14343,1608,14343,1608,0,531.7
미송초등학교(하행),38653,2117,7157,2117,7157,0,309.13
미추홀경찰서(장미아파트),37524,567,1069,567,1069,0,54.53
미추홀공원,38368,9155,2863,9155,2863,0,400.6
미추홀구청,37304,6245,5488,6245,5488,0,391.1
미추홀구청,37307,1296,2365,1296,2365,0,122.03
미추홀구청입구,37306,10302,19317,10302,19317,0,987.3
미추홀구청입구,37312,11319,12800,11319,12800,0,803.97
미추홀서사거리,37678,281,1674,281,1674,0,65.17
미추홀아파트,40250,187,397,187,397,0,19.47
미추홀아파트,40254,222,354,222,354,0,19.2
미추홀외고,39689,741,981,741,981,0,57.4
미추홀외고,39690,859,852,859,852,0,57.03
미추홀퍼스트3단지,37647,1041,3704,1041,3704,0,158.17
민머루해수욕장,90336,1,5,1,5,0,0.2
민방위교육장,38610,80,762,80,762,0,28.07
민방위교육장,38611,725,537,725,537,0,42.07
민방위교육장,39733,7551,2696,7551,2696,0,341.57
민방위교육장,39734,34,2242,34,2242,0,75.87
민방위교육장입구,41043,1754,6745,1754,6745,0,283.3
바로크아파트,42530,1065,445,1065,445,0,50.33
박공현,43228,41,5,41,5,0,1.53
박공현,43294,18,25,18,25,0,1.43
박문여자고등학교,39799,1591,176,1591,176,0,58.9
박문여자고등학교,39800,999,948,999,948,0,64.9
박문중학교,39844,1187,448,1187,448,0,54.5
박문중학교,39847,574,3397,574,3397,0,132.37
박문중학교정문,39860,3247,357,3247,357,0,120.13
박문중학교후문,39859,628,104,628,104,0,24.4
박물관앞,43668,20,302,20,302,0,10.73
박물관앞,43698,265,9,261,9,4,9.13
박촌마을입구,35670,300,47,300,47,0,11.57
박촌마을입구,35671,14,1022,14,1022,0,34.53
박촌역,41309,15604,21280,15604,21280,0,1229.47
박촌역,41310,15920,11858,15920,11858,0,925.93
반달마을.법원.검찰청,55014,2108,4586,2108,4586,0,223.13
반도유보라,42904,485,1332,485,1332,0,60.57
반도유보라,42905,1794,541,1794,541,0,77.83
반도유보라,42963,2646,1800,2646,1800,0,148.2
반도유보라,42985,3642,1746,3642,1746,0,179.6
반찬단지,89426,152,480,152,480,0,21.07
반찬단지,89427,688,72,688,72,0,25.33
반포역,31034,441,5385,441,5385,0,194.2
반포역,31035,9541,201,9541,201,0,324.73
발산역(중),16013,1654,1121,1654,1121,0,92.5
발산역(중),16017,1391,1645,1391,1645,0,101.2
발전소삼거리,44115,51,105,51,105,0,5.2
밝게,43990,37,7,37,7,0,1.47
밝게,43991,2,35,2,35,0,1.23
밝은빛영광교회,35939,0,15,0,15,0,0.5
밝은빛영광교회,35940,9,6,9,6,0,0.5
밤나무골,43022,166,169,166,169,0,11.17
밤나무골,43023,175,148,175,148,0,10.77
방개마을,90141,99,17,99,17,0,3.87
방개마을,90142,4,37,4,37,0,1.37
방아머리,62008,309,62,309,62,0,12.37
방아머리,62032,43,198,43,198,0,8.03
방아머리선착장,62007,24,494,24,494,0,17.27
방아머리제1주차장,62031,50,317,50,317,0,12.23
방아머리제1주차장,62041,640,25,640,25,0,22.17
방죽말,43027,108,140,108,140,0,8.27
방죽말,43214,68,135,68,135,0,6.77
방죽삼거리,39173,434,1060,434,1060,0,49.8
방죽삼거리,39174,734,472,734,472,0,40.2
방죽삼거리,42681,1626,606,1626,606,0,74.4
방죽삼거리,42683,324,1445,324,1445,0,58.97
방촌공원,40419,4030,3769,4030,3769,0,259.97
방축삼거리,36159,623,387,623,387,0,33.67
방축삼거리,36190,54,36,54,36,0,3
방파제입구,35048,1,614,1,614,0,20.5
방화동도시개발11단지,25026,766,47,766,47,0,27.1
방화중학교,25008,2771,68,2771,68,0,94.63
방화중학교,25009,41,1230,41,1230,0,42.37
배다리,35186,10853,17996,10853,17996,0,961.63
배다리삼거리,36006,15860,7971,15860,7971,0,794.37
배다리삼거리,36007,7480,11603,7480,11603,0,636.1
배다리청과물시장,35184,3987,2991,3987,2991,0,232.6
배다리헌책방거리,36158,459,699,459,699,0,38.6
배수지입구,42774,712,3874,712,3874,0,152.87
백두아파트,42632,7094,8597,7094,8597,0,523.03
백련사입구,43419,31,288,31,288,0,10.63
백련사입구,43808,180,30,179,30,1,7
백련산입구,35773,7,15,7,15,0,0.73
백련산입구,35778,1,12,1,12,0,0.43
백마장입구,40389,10133,2872,10133,2872,0,433.5
백마장입구,40390,2326,10487,2326,10487,0,427.1
백마장입구,40399,20421,20630,20421,20630,0,1368.37
백마장입구,40407,10413,10285,10413,10285,0,689.93
백병원(송림패션몰),36151,447,202,447,202,0,21.63
백사장회센터,62033,14,208,14,208,0,7.4
백사장회센터,62039,226,13,226,13,0,7.97
백산아파트,38112,4090,4611,4090,4611,0,290.03
백산아파트,38113,4778,5147,4778,5147,0,330.83
백산아파트,38328,2121,1558,2121,1558,0,122.63
백석고가(하이마트),42381,4914,4955,4914,4955,0,328.97
백석고가(하이마트),42578,4862,4023,4862,4023,0,296.17
백석마을,35096,7,93,7,93,0,3.33
백석중.고등학교,42374,7586,2591,7586,2591,0,339.23
백석중.고등학교,42375,3405,7465,3405,7465,0,362.33
백석중사거리,89239,525,5022,525,5022,0,184.9
백승아파트,41383,69,706,69,706,0,25.83
백승아파트,41384,94,234,94,234,0,10.93
백암왕순대앞,38483,2592,2019,2592,2019,0,153.7
백영아파트,40058,16078,5089,16078,5089,0,705.57
백영아파트,41361,7219,2282,7219,2282,0,316.7
백운곡,43040,268,109,266,109,2,12.57
백운곡,43295,95,278,95,278,0,12.43
백운공원,40072,12,556,12,556,0,18.93
백운공원(부평아트센터),40075,1331,4491,1331,4491,0,194.07
백운공원(부평아트센터),40076,4183,2123,4183,2123,0,210.2
백운역,40079,14308,22501,14308,22501,0,1226.97
백운역,40080,25583,19366,25583,19366,0,1498.3
백운역,40081,61577,59417,61577,59417,0,4033.13
백운역,40716,14103,3235,14103,3235,0,577.93
백운역(파출소),40094,67,1685,67,1685,0,58.4
백운프라자,37181,4192,10581,4192,10581,0,492.43
백운프라자,37185,8121,4786,8121,4786,0,430.23
백조아파트,40386,433,808,433,808,0,41.37
백조아파트,40388,1409,1004,1409,1004,0,80.43
뱅뱅사거리,32001,2057,6,2057,6,0,68.77
버드러지,43428,10,29,10,29,0,1.3
버드러지,43476,67,25,67,25,0,3.07
번영로제1사거리,39113,475,1436,475,1436,0,63.7
번영로제3사거리,39036,830,316,830,316,0,38.2
번영로제3사거리,39037,210,972,210,972,0,39.4
벌말,43175,7,37,7,37,0,1.47
벌말,43297,46,5,46,5,0,1.7
벌판마을입구,35763,3,220,3,220,0,7.43
벌판마을입구,35764,183,176,183,176,0,11.97
범양상가,42118,4194,10120,4194,10120,0,477.13
범양상가,42122,8720,2239,8720,2239,0,365.3
범양아파트,42116,8489,2755,8489,2755,0,374.8
범양아파트(종점),42127,65,108,65,108,0,5.77
범허리종점,43973,2,0,2,0,0,0.07
범허리종점,43974,57,32,57,32,0,2.97
법원,37130,397,2346,397,2346,0,91.43
법원,37131,2340,1211,2340,1211,0,118.37
법원.검찰청,37074,10123,6779,10123,6779,0,563.4
법원.검찰청.복사골문화센터.반달마을,55020,4873,3110,4873,3110,0,266.1
법원검찰청입구,37078,4598,5767,4598,5767,0,345.5
법원길삼거리,37073,6016,6643,6016,6643,0,421.97
베어즈베스트골프장,89268,353,889,353,889,0,41.4
베어즈베스트골프장,89269,343,3289,343,3289,0,121.07
베어즈베스트청라GC,89046,54,126,54,126,0,6
베어즈베스트청라GC,89047,67,162,67,162,0,7.63
벧엘교회,39740,128,1274,128,1274,0,46.73
벽산.이삭아파트,39453,19645,24669,19645,24669,0,1477.13
벽산1차아파트,70023,104,1911,104,1911,0,67.17
벽산1차아파트,70024,2297,294,2297,294,0,86.37
벽산아파트,39459,1469,34,1469,34,0,50.1
벽산아파트,39549,11,3092,11,3092,0,103.43
벽산아파트(인천도서관),39273,11875,4698,11875,4698,0,552.43
벽산이삭아파트,39458,19731,14670,19731,14670,0,1146.7
별립산입구,43588,2,199,2,199,0,6.7
별립산입구,43778,102,0,99,0,3,3.4
병무청(학익풍림아이원),37013,42,8,42,8,0,1.67
병무청(학익풍림아이원),37671,38,1087,38,1087,0,37.5
병방사거리,41301,612,3021,612,3021,0,121.1
병방사거리,41303,6277,2151,6277,2151,0,280.93
병방초등학교,41302,451,996,451,996,0,48.23
병방초등학교,41304,1554,1339,1554,1339,0,96.43
병방초등학교(계양산전통시장),41299,14424,10328,14424,10328,0,825.07
보건소,43626,8,83,8,83,0,3.03
보건환경연구원,35158,1889,1646,1889,1646,0,117.83
보라매역.동작세무서,19013,1817,48,1817,48,0,62.17
보람프라자앞,42442,32056,16275,32056,16275,0,1611.03
보릿고개,43517,85,510,83,510,2,19.83
보릿고개,43880,402,186,402,186,0,19.6
보무기,90165,17,41,17,41,0,1.93
보무기,90166,43,18,43,18,0,2.03
보문사,90206,1668,1469,1658,1469,10,104.57
보스턴힐,89461,1338,3880,1338,3880,0,173.93
보스턴힐,89462,4757,2274,4757,2274,0,234.37
보트비,89424,14,410,14,410,0,14.13
보트비,89425,136,204,136,204,0,11.33
보훈회관,39484,4208,8186,4208,8186,0,413.13
복사골문화센터.한아름마을,55026,2583,3540,2583,3540,0,204.1
복지회관,38079,3214,1591,3214,1591,0,160.17
복지회관,38080,1578,4436,1578,4436,0,200.47
본향교회,39164,11318,3238,11318,3238,0,485.2
볼보트럭남인천사업소,35814,1746,1402,1746,1402,0,104.93
봉골,43535,20,9,20,9,0,0.97
봉골,43673,17,21,17,21,0,1.27
봉성(오상2리),43261,1,62,1,62,0,2.1
봉성(오상2리),43377,78,6,77,6,1,2.8
봉소리마을회관,43000,79,22,78,22,1,3.37
봉소리마을회관,90001,17,57,17,57,0,2.47
봉수대로501번길,89506,3236,1110,3236,1110,0,144.87
봉수대로501번길,89507,1456,1263,1456,1263,0,90.63
부개1동행정복지센터,40191,2500,6321,2500,6321,0,294.03
부개1동행정복지센터,40193,6470,4136,6470,4136,0,353.53
부개2동행정복지센터·부개주공7단지,40385,8772,3638,8772,3638,0,413.67
부개2파출소,40317,587,380,587,380,0,32.23
부개2파출소,40318,2781,8572,2781,8572,0,378.43
부개2파출소,40329,4553,1776,4553,1776,0,210.97
부개2파출소,40764,51,200,51,200,0,8.37
부개3동행정복지센터,40494,1011,221,1011,221,0,41.07
부개3동행정복지센터입구,40486,187,1141,187,1141,0,44.27
부개6단지후문.웅진플레이,55021,28,1538,28,1538,0,52.2
부개고입구,40345,3444,5526,3444,5526,0,299
부개고입구,40783,5856,2519,5856,2519,0,279.17
부개농협,40199,377,1963,377,1963,0,78
부개농협,40201,1973,1035,1973,1035,0,100.27
부개사거리,40923,344,1961,344,1961,0,76.83
부개서초등학교,40243,5652,1217,5652,1217,0,228.97
부개여고·부개119안전센터,40423,7183,6250,7183,6250,0,447.77
부개여고·부개119안전센터,40428,3798,5194,3798,5194,0,299.73
부개여자고등학교,40421,2577,2171,2577,2171,0,158.27
부개여자고등학교,40422,2994,2094,2994,2094,0,169.6
부개역,40222,1177,4517,1177,4517,0,189.8
부개역,40223,6503,3072,6503,3072,0,319.17
부개역,40256,21824,20807,21824,20807,0,1421.03
부개역,40944,10835,13951,10835,13951,0,826.2
부개역코오롱하늘채,40293,6480,3644,6480,3644,0,337.47
부개역코오롱하늘채,40301,6381,10677,6381,10677,0,568.6
부개우체국,40458,7957,7228,7957,7228,0,506.17
부개종합시장,40504,8394,2895,8394,2895,0,376.3
부개주공2단지,40772,753,790,753,790,0,51.43
부개주공3단지,40479,2669,1272,2669,1272,0,131.37
부개주공3단지정문,40460,357,718,357,718,0,35.83
부개주공3단지후문,40500,3528,5641,3528,5641,0,305.63
부개주공6단지,40442,4538,1723,4538,1723,0,208.7
부개주공6단지,40459,4472,4529,4472,4529,0,300.03
부개주공7단지,40387,4190,6223,4190,6223,0,347.1
부광여자고등학교,40471,590,1923,590,1923,0,83.77
부광초등학교,40434,1843,4305,1843,4305,0,204.93
부광초등학교,40440,5284,1874,5284,1874,0,238.6
부근삼거리,43586,1053,74,1051,74,2,37.57
부근삼거리,43652,132,791,131,791,1,30.77
부근삼거리,90403,1,42,1,42,0,1.43
부근삼거리,90404,11,16,11,16,0,0.9
부대아래,90106,16,13,16,13,0,0.97
부대아래,90107,19,6,19,6,0,0.83
부대앞,18392,247,12,247,12,0,8.63
부대앞,18397,3,79,3,79,0,2.73
부대앞,38594,81,299,81,299,0,12.67
부대앞,41321,237,581,237,581,0,27.27
부대앞,41322,427,989,427,989,0,47.2
부대앞,41531,91,136,91,136,0,7.57
부대앞,41532,186,169,186,169,0,11.83
부대앞,42342,447,620,447,620,0,35.57
부대앞,42343,145,365,145,365,0,17
부대앞,43435,12,38,12,38,0,1.67
부대앞,43787,81,21,81,21,0,3.4
부명고.순천향대학병원,55036,1905,6337,1905,6337,0,274.73
부석마을.상사마을입구,25027,36,142,36,142,0,5.93
부원여중·동아아파트,40202,5795,1988,5795,1988,0,259.43
부원여중·동아아파트,40208,1246,4419,1246,4419,0,188.83
부원중학교,40181,28186,17701,28186,17701,0,1529.57
부원중학교,40789,13816,30408,13816,30408,0,1474.13
부천IC,57023,2493,3001,2493,3001,0,183.13
부천IC,57025,4391,2405,4391,2405,0,226.53
부천시청역1번출구.부천아트센터,55061,1828,1327,1828,1327,0,105.17
부천시청역2번출구.현대백화점.이마트,55054,18545,8951,18545,8951,0,916.53
부천시청역3번출구.경기예고.현대백화점,55057,6066,11531,6066,11531,0,586.57
부천시청역4번출구.현대백화점.경기예고,55059,8965,5357,8965,5357,0,477.4
부천시청역5번출구.부천아트센터,55060,1649,3548,1649,3548,0,173.23
부천실내체육관,55075,1264,2149,1264,2149,0,113.77
부천오정물류단지(중),57042,707,1760,707,1760,0,82.23
부천오정물류단지(중),57043,910,1021,910,1021,0,64.37
부천자동차검사소,57017,1278,1331,1278,1331,0,86.97
부천자동차검사소,57041,1308,1894,1308,1894,0,106.73
부천터미널소풍,55051,3600,8401,3600,8401,0,400.03
부천테크노파크1.2단지,57001,2380,2665,2380,2665,0,168.17
부천테크노파크1단지,57003,2640,3248,2640,3248,0,196.27
부평2동행정복지센터,40744,184,1389,184,1389,0,52.43
부평4동성당,40377,4092,2765,4092,2765,0,228.57
부평4동성당,40922,4512,2904,4512,2904,0,247.2
부평4동행정복지센터,40402,3659,4036,3659,4036,0,256.5
부평4동행정복지센터,40416,3802,4170,3802,4170,0,265.73
부평6동우체국,40186,913,348,913,348,0,42.03
부평6동행정복지센터,40906,5723,56,5723,56,0,192.63
부평LH1단지·부평센트럴포레스트,40160,6998,8641,6998,8641,0,521.3
부평LH1단지·부평센트럴포레스트,40161,5699,5237,5699,5237,0,364.53
부평SKVIEW해모로아파트,40282,1296,1506,1296,1506,0,93.4
부평SKVIEW해모로아파트,40285,1343,1072,1343,1072,0,80.5
부평SKVIEW해모로아파트,40323,3955,713,3955,713,0,155.6
부평감리교회,40148,1678,603,1678,603,0,76.03
부평경찰서,40468,49057,17116,49057,17116,0,2205.77
부평경찰서,40794,14681,41284,14681,41284,0,1865.5
부평구노인복지관·삼산경찰서,40584,1513,3782,1513,3782,0,176.5
부평구보건소,40372,6182,2485,6182,2485,0,288.9
부평구보건소,40373,2491,6850,2491,6850,0,311.37
부평구보건소,40858,1786,2311,1786,2311,0,136.57
부평구보건소,40890,2724,4195,2724,4195,0,230.63
부평구자활센터,40651,17205,2145,17205,2145,0,645
부평구자활센터,40658,320,10399,320,10399,0,357.3
부평구청,40462,36008,28448,36008,28448,0,2148.53
부평구청,40482,5705,5284,5705,5284,0,366.3
부평구청,40484,5651,4724,5651,4724,0,345.83
부평구청,40492,5493,18481,5493,18481,0,799.13
부평구청·부평세무서,40451,27833,34799,27833,34799,0,2087.73
부평구청역,40841,24328,5978,24328,5978,0,1010.2
부평기적의도서관,40497,5744,4590,5744,4590,0,344.47
부평기적의도서관.삼부한신아파트,40490,3921,2880,3921,2880,0,226.7
부평남부역,40169,4473,5511,4473,5511,0,332.8
부평남부역입구,40170,6604,2954,6604,2954,0,318.6
부평남초등학교,40141,2698,2184,2698,2184,0,162.73
부평남초등학교앞,40136,2920,3166,2920,3166,0,202.87
부평농장,39772,221,896,221,896,0,37.23
부평농장사무소,39483,1033,1559,1033,1559,0,86.4
부평농장의원입구,39494,222,368,222,368,0,19.67
부평도서관,40082,5636,5100,5636,5100,0,357.87
부평도서관,40084,3518,5784,3518,5784,0,310.07
부평동중,40406,2376,3203,2376,3203,0,185.97
부평동중,55009,3129,2268,3129,2268,0,179.9
부평래미안아파트,40437,2801,3338,2801,3338,0,204.63
부평래미안아파트,40438,5092,2259,5092,2259,0,245.03
부평북초등학교,40656,834,535,834,535,0,45.63
부평북초등학교,40657,460,2639,460,2639,0,103.3
부평사거리,40073,3025,5972,3025,5972,0,299.9
부평사거리,40074,14113,9043,14113,9043,0,771.87
부평사거리,40887,1665,6245,1665,6245,0,263.67
부평삼거리,39489,11186,9491,11186,9491,0,689.23
부평삼거리역,39491,3327,1851,3327,1851,0,172.6
부평삼거리역,40066,11373,9845,11373,9845,0,707.27
부평샬레아파트(세일고등학교),40260,1173,8225,1173,8225,0,313.27
부평샬레아파트(세일고등학교),40263,6064,1952,6064,1952,0,267.2
부평서중·부광고,40092,681,748,681,748,0,47.63
부평서중·부광고,40095,509,675,509,675,0,39.47
부평시장,40262,60212,32208,60212,32208,0,3080.67
부평시장,40264,26337,37062,26337,37062,0,2113.3
부평시장,40265,12986,6656,12986,6656,0,654.73
부평시장,40283,17977,12104,17977,12104,0,1002.7
부평시장,40290,11902,8973,11902,8973,0,695.83
부평시장(가구의거리),40295,26754,24560,26754,24560,0,1710.47
부평시장(가구의거리),40296,29905,9549,29905,9549,0,1315.13
부평시장(당약국),40303,1253,1519,1253,1519,0,92.4
부평시장(용갈비),40344,6205,556,6205,556,0,225.37
부평시장(한남프라자),40259,15031,10097,15031,10097,0,837.6
부평시장(한라비발디),40328,6061,2639,6061,2639,0,290
부평시장(한라비발디),40336,10367,16622,10367,16622,0,899.63
부평시장역,40361,21325,54416,21325,54416,0,2524.7
부평시장역(부평대로우체국),40368,39692,17282,39692,17282,0,1899.13
부평시장입구,40288,4986,9020,4986,9020,0,466.87
부평시장입구(2번출구),40309,9917,12408,9917,12408,0,744.17
부평신일·쌍용아파트,40786,5288,18639,5288,18639,0,797.57
부평아트센터,40078,2408,1390,2408,1390,0,126.6
부평아트센터,40709,1076,3709,1076,3709,0,159.5
부평여자고등학교,40365,4053,1275,4053,1275,0,177.6
부평여자고등학교,40410,4292,6808,4292,6808,0,370
부평여자고등학교,40793,7691,7556,7691,7556,0,508.23
부평여자중학교,40342,529,415,529,415,0,31.47
부평여자중학교,40726,215,336,215,336,0,18.37
부평역,40190,10540,45834,10540,45834,0,1879.13
부평역,40209,43079,33140,43079,33140,0,2540.63
부평역,40226,25479,17539,25479,17539,0,1433.93
부평역,40228,39872,37444,39872,37444,0,2577.2
부평역,40234,19101,42074,19101,42074,0,2039.17
부평역,40237,13037,5037,13037,5037,0,602.47
부평역,40239,7753,8500,7753,8500,0,541.77
부평역,40865,2195,1168,2195,1168,0,112.1
부평역,40927,20076,16429,20076,16429,0,1216.83
부평역(12번출구),40781,33943,71710,33943,71710,0,3521.77
부평역(27번출구),40224,36608,7161,36608,7161,0,1458.97
부평역(CU편의점),40192,33294,3728,33294,3728,0,1234.07
부평역(대한극장),40196,14981,50712,14981,50712,0,2189.77
부평역(로터스프라자),40246,22081,24904,22081,24904,0,1566.17
부평역(북인천우체국),40197,48778,33110,48778,33110,0,2729.6
부평역사박물관,40597,343,605,343,605,0,31.6
부평역사박물관,40609,1082,301,1082,301,0,46.1
부평역사박물관,40798,635,135,635,135,0,25.67
부평역해링턴플레이스,40125,2336,2737,2336,2737,0,169.1
부평역해링턴플레이스,40131,2329,5379,2329,5379,0,256.93
부평역화성파크드림아파트,40804,1333,3856,1333,3856,0,172.97
부평역화성파크드림아파트,40805,3895,1331,3895,1331,0,174.2
부평우체국,40430,4463,5608,4463,5608,0,335.7
부평우체국,40432,7609,4845,7609,4845,0,415.13
부평우체국,40443,361,290,361,290,0,21.7
부평윤산부인과,40478,345,350,345,350,0,23.17
부평윤산부인과,40768,268,1143,268,1143,0,47.03
부평자이,40871,230,2905,230,2905,0,104.5
부평정수장,40647,2031,3634,2031,3634,0,188.83
부평제이타워3차지식산업센터,40644,4695,3083,4695,3083,0,259.27
부평중앙침례교회,40481,162,727,162,727,0,29.63
부평캐슬앤더샵퍼스트,40931,694,2615,694,2615,0,110.3
부평코오롱아파트106동,40404,945,928,945,928,0,62.43
부평코오롱하늘채아파트,40357,732,799,732,799,0,51.03
부평코오롱하늘채아파트,40360,1386,822,1386,822,0,73.6
부평테크노타워,40615,2043,1573,2043,1573,0,120.53
부평테크노타워,40616,2586,3484,2586,3484,0,202.33
부현동초등학교,41175,9907,4815,9907,4815,0,490.73
부흥로터리,40412,1533,1842,1533,1842,0,112.5
부흥오거리(부흥아파트),40392,5722,5848,5722,5848,0,385.67
부흥오거리(부흥아파트),40394,6841,4197,6841,4197,0,367.93
부흥오거리(시장로),40374,5544,8424,5544,8424,0,465.6
부흥오거리(시장로),40375,14393,10280,14393,10280,0,822.43
부흥초교,40302,7524,1754,7524,1754,0,309.27
부흥초등학교,40299,3542,7914,3542,7914,0,381.87
부흥초등학교,40304,13034,6935,13034,6935,0,665.63
부흥초등학교·굿케어요양병원,40878,4288,6372,4288,6372,0,355.33
북동삼거리,62001,458,85,458,85,0,18.1
북동삼거리,62002,92,405,92,405,0,16.57
북변환승센터.구터미널,80080,941,336,941,336,0,42.57
북변환승센터.구터미널,80081,236,424,236,424,0,22
북성교회,43744,22,14,22,14,0,1.2
북성교회,43764,11,11,11,11,0,0.73
북성마을,43136,161,21,161,21,0,6.07
북성마을,43528,28,101,28,101,0,4.3
북인천여자중학교,41007,6175,5077,6175,5077,0,375.07
북인천여자중학교,41008,5754,6033,5754,6033,0,392.9
북인천여자중학교,41015,937,12776,937,12776,0,457.1
북인천여자중학교,41016,7275,273,7275,273,0,251.6
북항다목적부두,89208,115,2866,115,2866,0,99.37
북항다목적부두,89209,2660,487,2660,487,0,104.9
북항배후단지입구,89343,16,946,16,946,0,32.07
북항배후로입구,89414,1,106,1,106,0,3.57
북항사업소,89210,16,1474,16,1474,0,49.67
북항사업소,89211,1346,58,1346,58,0,46.8
북항입구,89304,1111,3289,1111,3289,0,146.67
북항입구,89305,4382,765,4382,765,0,171.57
분오리어판장,43406,44,9,44,9,0,1.77
분오리어판장,43495,0,56,0,56,0,1.87
분오저수지,43493,9,5,9,5,0,0.47
분오저수지,43509,6,8,6,8,0,0.47
불로대곡동행정복지센터,42497,1172,1803,1172,1803,0,99.17
불로대곡동행정복지센터,42498,2099,2104,2099,2104,0,140.1
불로삼거리,89570,1481,1155,1481,1155,0,87.87
불로중학교,42648,586,2445,586,2445,0,101.03
불로중학교,42652,2495,1035,2495,1035,0,117.67
불은면주민센터,43035,869,537,867,537,2,46.87
불은초등학교,43293,177,19,177,19,0,6.53
불은초등학교,43530,6,63,6,63,0,2.3
불은파출소,43036,669,924,663,924,6,53.1
붉은노리삼거리,44112,128,150,128,150,0,9.27
뷰티풀파크관리공단,42805,121,5,121,5,0,4.2
뷰티풀파크관리공단,42806,0,52,0,52,0,1.73
뷰티풀파크버스공영차고지,42803,4,1060,4,1060,0,35.47
뷰티풀파크버스공영차고지,42804,1611,8,1611,8,0,53.97
브라운스톤.엠코타운아파트,40659,13908,18544,13908,18544,0,1081.73
브라운스톤더프라임,42152,4494,8161,4494,8161,0,421.83
브라운스톤더프라임,42603,4746,5582,4746,5582,0,344.27
블랙트리캠핑장,44124,3,19,3,19,0,0.73
블랙트리캠핑장,44174,35,2,35,2,0,1.23
블루오션골프클럽(앰코코리아),39879,10,779,10,779,0,26.3
비류마을,38261,2492,2075,2492,2075,0,152.23
비선삼거리,43113,1,6,1,6,0,0.23
비선삼거리,43114,25,4,25,4,0,0.97
비선삼거리,43547,189,328,187,328,2,17.23
비선삼거리,43596,278,124,278,124,0,13.4
비재고개,35420,284,88,284,88,0,12.4
비재고개,35421,141,274,140,274,1,13.83
비전교회,44200,9,44,9,44,0,1.77
비젼교회,40171,3269,2224,3269,2224,0,183.1
빈정공원,42571,3693,1404,3693,1404,0,169.9
빈정공원,42670,1201,1178,1201,1178,0,79.3
빈정내사거리,42327,1254,2749,1254,2749,0,133.43
빈정내사거리,42329,946,614,946,614,0,52
사당역14번출구,22851,5911,168,5911,168,0,202.63
사당역3번출구,22242,294,7133,294,7133,0,247.57
사랑마을벽산.선경.삼익아파트,55030,2632,3269,2632,3269,0,196.7
사리울삼거리,39128,3824,6242,3824,6242,0,335.53
사리울삼거리,39131,4042,2621,4042,2621,0,222.1
사리울중학교,39838,2020,5159,2020,5159,0,239.3
사리울중학교,39924,6045,1755,6045,1755,0,260
사리울초등학교후문,39713,5167,909,5167,909,0,202.53
사슴농장,43531,93,0,89,0,4,3.1
사슴농장,43866,0,27,0,27,0,0.9
사시미재,35731,53,19,53,19,0,2.4
사시미재,35732,5,42,5,42,0,1.57
사업.행정지원센터,35607,1758,30,1758,30,0,59.6
사업.행정지원센터,35608,37,1739,37,1739,0,59.2
사우고.김포시청,80024,106,2161,106,2161,0,75.57
사우고교.김포시청(직행),80377,1001,47,1001,47,0,34.93
사우역.김포고,35246,4914,2533,4914,2533,0,248.23
사우역.김포고(걸포사거리방면),80064,1864,2396,1864,2396,0,142
사우역.김포고(김포초교방면),80380,633,2941,633,2941,0,119.13
사원아파트입구,42777,106,94,106,94,0,6.67
사일로벽화,35163,37,3191,37,3191,0,107.6
사일로벽화,35167,1435,211,1435,211,0,54.87
사정,90426,14,16,14,16,0,1
사조해표,42019,2034,2166,2034,2166,0,140
사조해표,42020,1137,1919,1137,1919,0,101.87
사직(해나무),43416,1,84,1,84,0,2.83
사직(해나무),43797,106,4,105,4,1,3.67
사촌,43597,120,2,119,2,1,4.07
사촌,43785,0,28,0,28,0,0.93
삭은다리한국지엠,40524,291,2883,291,2883,0,105.8
삭은다리한국지엠,40525,4378,1931,4378,1931,0,210.3
산곡3동행정복지센터,40156,3946,659,3946,659,0,153.5
산곡교회,40383,7372,2730,7372,2730,0,336.73
산곡남초등학교,40227,1253,15,1253,15,0,42.27
산곡동입구(롯데마트),40779,235,1411,235,1411,0,54.87
산곡동입구(롯데마트),40785,12294,23206,12294,23206,0,1183.33
산곡동주안빌딩,40313,11688,2168,11688,2168,0,461.87
산곡동천주교회,40473,31225,17297,31225,17297,0,1617.4
산곡동천주교회,40476,12347,34304,12347,34304,0,1555.03
산곡여자중학교,40198,7459,7494,7459,7494,0,498.43
산곡여자중학교,40203,3069,5143,3069,5143,0,273.73
산곡여자중학교,40215,4,1352,4,1352,0,45.2
산곡여자중학교,40216,5288,38,5288,38,0,177.53
산곡여자중학교(마장로삼거리),40911,1034,1699,1034,1699,0,91.1
산곡역(1번출구),40420,6216,28971,6216,28971,0,1172.9
산곡역(3번출구),40856,15491,6277,15491,6277,0,725.6
산곡역(6번출구),40429,9330,31174,9330,31174,0,1350.13
산곡역(7번출구),40425,74743,40146,74743,40146,0,3829.63
산곡중학교,40320,664,120,664,120,0,26.13
산곡중학교,40322,150,1162,150,1162,0,43.73
산곡한양7차·경남아파트302동앞,40354,205,8908,205,8908,0,303.77
산뒤,43235,10,104,10,104,0,3.8
산뒤,43887,117,12,116,12,1,4.3
산림조합앞,90234,19,163,17,163,2,6.07
산림조합앞,90235,45,152,45,152,0,6.57
산마루집,41497,7,41,7,41,0,1.6
산마루집,41513,16,0,16,0,0,0.53
산마을고등학교,43116,0,17,0,17,0,0.57
산마을고등학교,43599,69,7,69,7,0,2.53
산문입구,43107,243,193,243,193,0,14.53
산문입구,43286,219,273,219,273,0,16.4
산문입구,43899,10,2,10,2,0,0.4
산문종점,43154,146,188,146,188,0,11.13
산애들애,43143,3,5,3,5,0,0.27
산애들애,43492,4,0,4,0,0,0.13
산업단지사거리,36095,72,4590,72,4590,0,155.4
산업단지사거리,37460,6310,284,6310,284,0,219.8
산업용품센타,42524,3805,429,3805,429,0,141.13
산업용품센타,42525,53,2383,53,2383,0,81.2
산업용품유통센타23동,36096,366,1971,366,1971,0,77.9
산업용품유통센타31동,36097,119,1848,119,1848,0,65.57
산업용품유통센타39동,36099,427,2417,427,2417,0,94.8
산업용품유통센터,36156,581,162,581,162,0,24.77
산업용품유통센터1동,36146,2396,349,2396,349,0,91.5
산업용품유통센터39동,36157,23,23,23,23,0,1.53
산업용품유통센터C동,36101,2029,24,2029,24,0,68.43
산우리고개,43337,1,24,1,24,0,0.83
산우리고개,43850,43,4,43,4,0,1.57
산음입구,80004,4,440,4,440,0,14.8
산음입구,80005,188,20,188,20,0,6.93
산촌마을,43217,5,0,5,0,0,0.17
산촌마을,43308,30,28,30,28,0,1.93
산호아파트앞,80059,1286,112,1286,112,0,46.6
산화고개,43271,226,36,220,36,6,8.73
산화고개,43388,35,369,35,369,0,13.47
삼덕아파트,37403,792,873,792,873,0,55.5
삼덕아파트,37404,801,859,801,859,0,55.33
삼동암리마을회관,43169,0,34,0,34,0,1.13
삼동암리마을회관,43227,25,2,24,2,1,0.9
삼두2차아파트,36051,4260,1037,4260,1037,0,176.57
삼라마이다스아파트,89317,287,6,287,6,0,9.77
삼라마이다스아파트,89323,1,86,1,86,0,2.9
삼목사거리,35088,26,55,26,55,0,2.7
삼목선착장,35311,968,2257,968,2257,0,107.5
삼목선착장(운서역행),35077,3139,575,3139,575,0,123.8
삼목선착장입구,35058,2,57,2,57,0,1.97
삼목선착장입구,35059,0,10,0,10,0,0.33
삼목초등학교,35310,1632,1904,1632,1904,0,117.87
삼목초등학교,35341,3010,2083,3010,2083,0,169.77
삼미시장,25915,4522,601,4522,601,0,170.77
삼미시장,70172,562,5032,562,5032,0,186.47
삼미타운.e편한세상아파트,40172,4591,5649,4591,5649,0,341.33
삼보새마을금고,40796,9402,683,9402,683,0,336.17
삼보아파트,40298,2393,180,2393,180,0,85.77
삼보아파트,40308,12655,4521,12655,4521,0,572.53
삼보아파트,40677,7475,411,7475,411,0,262.87
삼보아파트,40679,427,6962,427,6962,0,246.3
삼보아파트,42350,3406,5248,3406,5248,0,288.47
삼보아파트,42351,6627,2362,6627,2362,0,299.63
삼보아파트(계양구청),41205,4733,8493,4733,8493,0,440.87
삼보해피하임아파트,89586,666,2185,666,2185,0,95.03
삼보해피하임아파트,89587,3235,1333,3235,1333,0,152.27
삼산경찰서,40766,1767,2945,1767,2945,0,157.07
삼산고등학교(미래타운3단지),40689,12539,2362,12539,2362,0,496.7
삼산고등학교(미래타운4단지),40686,5071,9804,5071,9804,0,495.83
삼산군립어린이집,90171,11,34,11,34,0,1.5
삼산군립어린이집,90172,36,3,35,3,1,1.3
삼산글로리병원,40527,8851,7715,8851,7715,0,552.2
삼산농산물시장,40687,1827,5131,1827,5131,0,231.93
삼산동차고지,40830,125,75,125,75,0,6.67
삼산면사무소,90149,10,54,10,54,0,2.13
삼산면사무소,90150,121,47,120,47,1,5.6
삼산사거리,40638,5988,10938,5988,10938,0,564.2
삼산사거리,40690,3545,817,3545,817,0,145.4
삼산사거리,40691,7977,4689,7977,4689,0,422.2
삼산사거리,40924,438,3040,438,3040,0,115.93
삼산사거리(한국아파트),40646,4595,13625,4595,13625,0,607.33
삼산사거리.한국아파트,40645,6247,2161,6247,2161,0,280.27
삼산새마을금고,40668,714,9403,714,9403,0,337.23
삼산서해그랑블,40589,1113,2108,1113,2108,0,107.37
삼산서해아파트,40613,2784,809,2784,809,0,119.77
삼산월드체육관,40532,8221,2983,8221,2983,0,373.47
삼산월드체육관,40535,1513,1318,1513,1318,0,94.37
삼산월드체육관,40543,141,3325,141,3325,0,115.53
삼산월드체육관,40571,1916,2432,1916,2432,0,144.93
삼산월드체육관(삼산주공6단지),40802,1148,2038,1148,2038,0,106.2
삼산저수지앞,90245,8,3,8,3,0,0.37
삼산저수지앞,90246,0,1,0,1,0,0.03
삼산주공1단지,40780,1781,38,1781,38,0,60.63
삼산주공1단지(상가앞),40908,6708,557,6708,557,0,242.17
삼산주공4단지,40591,723,1640,723,1640,0,78.77
삼산주공7단지,40547,7696,7804,7696,7804,0,516.67
삼산주공7단지,40801,7449,7594,7449,7594,0,501.43
삼산중학교,40636,1714,973,1714,973,0,89.57
삼산중학교,40637,1201,1715,1201,1715,0,97.2
삼산체육관역(호수공원),40536,11419,3630,11419,3630,0,501.63
삼산체육관역(호수공원),40539,677,6188,677,6188,0,228.83
삼산체육관역.상동호수공원,55040,589,3442,589,3442,0,134.37
삼산체육관역.상동호수공원,55041,449,710,449,710,0,38.63
삼산체육관역.영상문화단지정문,55044,14183,3898,14183,3898,0,602.7
삼산타운1단지,40588,5182,8197,5182,8197,0,445.97
삼산타운1단지정문,40585,3706,1642,3706,1642,0,178.27
삼산타운1단지후문,40611,1411,756,1411,756,0,72.23
삼산타운1단지후문,40612,586,1020,586,1020,0,53.53
삼산타운4단지,40608,2357,683,2357,683,0,101.33
삼산타운6단지,40580,2752,2680,2752,2680,0,181.07
삼산타운7단지,40576,2564,3110,2564,3110,0,189.13
삼산푸른솔마을,40653,35,2320,35,2320,0,78.5
삼선1리마을회관,90263,0,22,0,22,0,0.73
삼선1리마을회관,90280,3,0,3,0,0,0.1
삼선1리삼거리,90262,0,5,0,5,0,0.17
삼선1리삼거리,90281,5,0,5,0,0,0.17
삼선2리마을회관,90265,2,24,2,24,0,0.87
삼선2리마을회관,90278,25,1,25,1,0,0.87
삼선2리입구,90264,0,3,0,3,0,0.1
삼선2리입구,90279,5,0,5,0,0,0.17
삼성바이오로직스,39863,9,2057,9,2057,0,68.87
삼성바이오로직스,39864,5497,32,5497,32,0,184.3
삼성바이오로직스,39920,1945,2300,1945,2300,0,141.5
삼성빌라(종점),37572,1141,1477,1141,1477,0,87.27
삼성서초역삼세무서,23396,1359,2027,1359,2027,0,112.87
삼성아파트,35140,2921,5636,2921,5636,0,285.23
삼성아파트,38077,6330,6182,6330,6182,0,417.07
삼성아파트.남인천농협,38125,6029,8597,6029,8597,0,487.53
삼양감속기,39085,4,19,4,19,0,0.77
삼양베이커,35131,9,230,9,230,0,7.97
삼양베이커,35571,133,8,133,8,0,4.7
삼양사인천1공장,42027,1235,1887,1235,1887,0,104.07
삼양사인천1공장,42031,3352,4317,3352,4317,0,255.63
삼영물류,42068,8635,584,8635,584,0,307.3
삼영아파트,37116,8215,3098,8215,3098,0,377.1
삼영아파트,37279,10567,10630,10567,10630,0,706.57
삼영아파트,37280,6739,5444,6739,5444,0,406.1
삼영아파트,42085,12576,7140,12576,7140,0,657.2
삼영테크,89055,1692,123,1692,123,0,60.5
삼영테크,89062,2,1460,2,1460,0,48.73
삼원페트라,39041,547,3857,547,3857,0,146.8
삼은교회,37111,5272,1862,5272,1862,0,237.8
삼익.광명아파트,39247,11463,14937,11463,14937,0,880
삼익.광명아파트,39249,19453,9105,19453,9105,0,951.93
삼익아파트,35136,3500,7852,3500,7852,0,378.4
삼익아파트.달동네박물관,36017,9728,11626,9728,11626,0,711.8
삼일산업,39097,2911,2147,2911,2147,0,168.6
삼정동중소기업협동화단지,57015,731,1220,731,1220,0,65.03
삼정동중소기업협동화단지,57040,874,825,874,825,0,56.63
삼정사거리,57011,429,1079,429,1079,0,50.27
삼정사거리,57012,907,307,907,307,0,40.47
삼정초등학교,57008,1110,905,1110,905,0,67.17
삼정초등학교,57009,502,979,502,979,0,49.37
삼정프라자,42443,18219,29432,18219,29432,0,1588.37
삼진금속,39040,2918,446,2918,446,0,112.13
삼천리1차아파트,41178,2932,2814,2932,2814,0,191.53
삼천리1차아파트,41179,3319,2229,3319,2229,0,184.93
삼천리3차아파트,41150,5533,4644,5533,4644,0,339.23
삼천리3차아파트,41159,5235,5282,5235,5282,0,350.57
삼천리기계,92017,291,530,291,530,0,27.37
삼천리기계,92018,307,333,307,333,0,21.33
삼호제강2공장,39939,200,1098,200,1098,0,43.27
삼호제강2공장,39940,892,188,892,188,0,36
삼환1단지아파트,37252,1287,2117,1287,2117,0,113.47
삼환아파트,38063,1987,2394,1987,2394,0,146.03
삼환아파트,39296,204,1787,204,1787,0,66.37
삼환아파트,39299,4236,2359,4236,2359,0,219.83
삼환아파트,39316,12419,9327,12419,9327,0,724.87
삼환아파트,39323,1375,4233,1375,4233,0,186.93
삼환아파트,39328,8384,8420,8384,8420,0,560.13
삼환아파트,80058,37,1830,37,1830,0,62.23
상1리마을회관(창말),90339,1,9,1,9,0,0.33
상1리마을회관(창말),90342,8,0,8,0,0,0.27
상2리마을회관,90337,3,24,3,24,0,0.9
상2리마을회관,90343,33,0,33,0,0,1.1
상덕현삼거리,43462,5,9,5,9,0,0.47
상덕현삼거리,43767,3,16,3,16,0,0.63
상도중학교,55025,1881,144,1881,144,0,67.5
상도중학교,55028,495,1793,495,1793,0,76.27
상동가구,55090,1833,1462,1833,1462,0,109.83
상동역1번출구.부천터미널소풍,55052,7202,21166,7202,21166,0,945.6
상동역4번출구.상동지하차도,55048,2112,6225,2112,6225,0,277.9
상동역5번출구.상동지하차도,55050,17164,3294,17164,3294,0,681.93
상동역8번출구세이브존,55056,11607,5498,11607,5498,0,570.17
상수도사업본부(스마트타운),37375,5226,7320,5226,7320,0,418.2
상수도사업본부(스마트타운),37380,4762,11116,4762,11116,0,529.27
상야동,41436,1616,1190,1616,1190,0,93.53
상야동,41437,1190,1616,1190,1616,0,93.53
상용리마을회관,90038,0,52,0,52,0,1.73
상용리마을회관,90039,62,2,62,2,0,2.13
상용진료소앞,90004,4,119,4,119,0,4.1
상용진료소앞,90005,81,14,81,14,0,3.17
상인천중학교,39537,218,101,218,101,0,10.63
상인천초등학교,39340,816,468,816,468,0,42.8
상인천초등학교,39345,437,1105,437,1105,0,51.4
상정고,40069,11484,2425,11484,2425,0,463.63
상정고,40070,2446,14526,2446,14526,0,565.73
상정중학교,40059,5087,9218,5087,9218,0,476.83
상주(상리),90331,22,23,22,23,0,1.5
상주민지원센터.삼광교회,55029,1169,4205,1169,4205,0,179.13
상주민지원센터.삼광교회,55031,5884,547,5884,547,0,214.37
상촌,43152,57,16,57,16,0,2.43
상촌,43347,39,56,38,56,1,3.17
새꾸지마을,90133,33,26,33,26,0,1.97
새꾸지마을,90134,24,27,23,27,1,1.7
새마을,43471,1,6,1,6,0,0.23
새마을,43702,5,0,5,0,0,0.17
새마을금고,36053,2581,883,2581,883,0,115.47
새마을금고,36189,437,1868,437,1868,0,76.83
새마을금고,40126,2371,270,2371,270,0,88.03
새마을금고,40746,69,962,69,962,0,34.37
새말사거리,41009,8527,3359,8527,3359,0,396.2
새말사거리,41010,136,5194,136,5194,0,177.67
새말사거리,41012,3339,4836,3339,4836,0,272.5
새말사거리,41013,5666,4066,5666,4066,0,324.4
새말사거리,41638,1210,2915,1210,2915,0,137.5
새봄초등학교,38679,3439,4172,3439,4172,0,253.7
새봄초등학교·송도파크레인(후문),38678,5636,1980,5636,1980,0,253.87
새사미아파트,41582,450,418,450,418,0,28.93
새안의원,37255,11413,15068,11413,15068,0,882.7
새안의원,37256,20019,10357,20019,10357,0,1012.53
새터마을,35033,20,295,20,295,0,10.5
새터마을,35362,281,28,281,28,0,10.3
새한아파트,37046,4909,2194,4909,2194,0,236.77
색동원앞,43161,4,12,4,12,0,0.53
색동원앞,43215,8,7,8,7,0,0.5
샘골,90406,1,32,1,32,0,1.1
샘골,90407,13,0,13,0,0,0.43
샘내들교,89518,239,379,239,379,0,20.6
샘내들교,89519,622,1127,622,1127,0,58.3
샘말,43444,1,14,1,14,0,0.5
샘말,43782,49,13,49,13,0,2.07
샛말,43994,17,10,17,10,0,0.9
샛말,43995,33,15,32,15,1,1.6
생산기술연구원,38354,253,1165,253,1165,0,47.27
생설미,43746,396,266,394,266,2,22.07
생설미입구,43125,3,9,3,9,0,0.4
생설미입구,43607,2,7,2,7,0,0.3
생설미입구,43608,0,46,0,46,0,1.53
샬롬원입구,90293,9,12,9,12,0,0.7
샬롬원입구,90297,7,2,7,2,0,0.3
서곶지구대,42338,9842,8079,9842,8079,0,597.37
서곶지구대,42339,10331,8159,10331,8159,0,616.33
서교동,23037,49,7554,49,7554,0,253.43
서교동,23038,15007,80,15007,80,0,502.9
서구국민체육센터,42776,688,4002,688,4002,0,156.33
서구문화회관,42212,1652,2117,1652,2117,0,125.63
서구문화회관,42213,3166,949,3166,949,0,137.17
서구보건소,42283,4046,3369,4046,3369,0,247.17
서구보건소,42285,3444,3665,3444,3665,0,236.97
서구영어마을,42448,7731,7342,7731,7342,0,502.43
서구영어마을,42449,6109,7290,6109,7290,0,446.63
서구청역(1번출구),42289,6033,4361,6033,4361,0,346.47
서구청역(3번출구),42284,1930,1093,1930,1093,0,100.77
서구청역(4번출구),42296,1949,3520,1949,3520,0,182.3
서남촌,43151,10,3,10,3,0,0.43
서남촌,43640,5,7,5,7,0,0.4
서당골,35676,140,122,140,122,0,8.73
서두머리,43212,36,12,36,12,0,1.6
서두머리,43336,0,12,0,12,0,0.4
서림초등학교,36036,11,868,11,868,0,29.3
서림초등학교,36047,14386,1711,14386,1711,0,536.57
서릿목,35418,224,517,223,517,1,24.7
서릿목,35419,615,169,615,169,0,26.13
서면초등학교,38384,2318,1449,2318,1449,0,125.57
서문안,43385,26,96,26,96,0,4.07
서문안,43584,160,11,159,11,1,5.7
서문안주유소,43965,210,32,209,32,1,8.07
서문안주유소,43966,50,318,50,318,0,12.27
서부경찰서,42286,545,835,545,835,0,46
서부공단입구,42299,4753,4081,4753,4081,0,294.47
서부산업단지,89035,28,60,28,60,0,2.93
서부산업단지,89036,55,236,55,236,0,9.7
서사체험학습장,43487,29,5,29,5,0,1.13
서사체험학습장,43712,4,5,4,5,0,0.3
서성,43234,5,83,5,83,0,2.93
서성,43362,167,6,163,6,4,5.77
서운교,41114,995,4867,995,4867,0,195.4
서운교,41115,4030,459,4030,459,0,149.63
서운도서관,41099,1823,490,1823,490,0,77.1
서운도서관,41102,419,2209,419,2209,0,87.6
서운도서관,41668,256,2044,256,2044,0,76.67
서운동,41356,5546,740,5546,740,0,209.53
서운동성당,41207,1788,2033,1788,2033,0,127.37
서운일반산업단지,41660,2613,23,2613,23,0,87.87
서운일반산업단지(맞은편),41661,33,3373,33,3373,0,113.53
서운일반산업단지입구,41646,592,4467,592,4467,0,168.63
서운일반산업단지입구(맞은편),41647,1389,1562,1389,1562,0,98.37
서운중고등학교,41109,400,671,400,671,0,35.7
서운중고등학교,41111,879,623,879,623,0,50.07
서울경금속,39039,229,2953,229,2953,0,106.07
서울방화초등학교,25028,23,9,23,9,0,1.07
서원아파트,37095,1823,1107,1823,1107,0,97.67
서인천가구단지,42017,863,4077,863,4077,0,164.67
서인천가구단지,42028,3470,2606,3470,2606,0,202.53
서인천가구단지,42800,849,79,849,79,0,30.93
서인천고등학교,42346,3844,4658,3844,4658,0,283.4
서인천농협,42275,1572,520,1572,520,0,69.73
서인천농협,42277,249,972,249,972,0,40.7
서인천세무서,89044,716,474,716,474,0,39.67
서인천세무서,89481,244,251,244,251,0,16.5
서인천세무서(중),89275,2071,2416,2071,2416,0,149.57
서인천세무서(중),89276,1549,2111,1549,2111,0,122
서인천자동차검사소,42640,494,3021,494,3021,0,117.17
서인천자동차검사소,42641,4611,596,4611,596,0,173.57
서창119안전센터,39899,7290,12231,7290,12231,0,650.7
서창119안전센터,39900,12236,4780,12236,4780,0,567.2
서창LH1단지아파트,92067,6870,667,6870,667,0,251.23
서창LH1단지아파트,92068,1001,5213,1001,5213,0,207.13
서창공영차고지,39871,9923,112,9923,112,0,334.5
서창공영차고지,39872,394,6235,394,6235,0,220.97
서창공영차고지입구,92084,127,17,127,17,0,4.8
서창도서관,39893,1601,1666,1601,1666,0,108.9
서창도서관,39894,1793,1376,1793,1376,0,105.63
서창도서관입구,39956,243,1965,243,1965,0,73.6
서창도서관입구,39957,3070,1114,3070,1114,0,139.47
서창동화원,39619,306,1119,306,1119,0,47.5
서창동화원,39620,838,483,838,483,0,44.03
서창베라체아파트후문,39895,384,98,384,98,0,16.07
서창베라체아파트후문,39896,35,545,35,545,0,19.33
서창센트라스아파트후문,39916,7318,838,7318,838,0,271.87
서창센트라스아파트후문,39917,1428,4579,1428,4579,0,200.23
서창센트럴푸르지오,39811,3896,400,3896,400,0,143.2
서창센트럴푸르지오,39812,390,3580,390,3580,0,132.33
서창센트럴푸르지오,39903,15521,8599,15521,8599,0,804
서창센트럴푸르지오,39904,15184,14353,15184,14353,0,984.57
서창이편한세상1002동,39905,13859,9283,13859,9283,0,771.4
서창이편한세상1002동,39906,8966,15396,8966,15396,0,812.07
서창이편한세상정문,39854,1049,14147,1049,14147,0,506.53
서창이편한세상정문,39855,14842,568,14842,568,0,513.67
서창자이아파트105동,92083,371,935,371,935,0,43.53
서창퍼스트뷰후문,39777,13374,3262,13374,3262,0,554.53
서창퍼스트뷰후문맞은편,39778,2299,11713,2299,11713,0,467.07
서창휴먼시아12단지,39897,2684,188,2684,188,0,95.73
서창휴먼시아12단지,39898,450,2025,450,2025,0,82.5
서초구청,22129,331,24,331,24,0,11.83
서초동삼성아파트,22140,19,199,19,199,0,7.27
서초동예술의전당,22152,642,25,642,25,0,22.23
서초문화예술정보학교,22132,4,1545,4,1545,0,51.63
서초아트자이아파트,31050,4696,15180,4696,15180,0,662.53
서초역1번출구,31007,8536,33250,8536,33250,0,1392.87
서한리구마을회관,90294,14,8,14,8,0,0.73
서한리구마을회관,90296,11,0,11,0,0,0.37
서한리마을회관,90295,47,33,47,33,0,2.67
서한리입구,90292,0,1,0,1,0,0.03
서한이다음아파트,35912,1159,2964,1155,2964,4,137.43
서한이다음아파트정문,35583,4067,2061,4063,2061,4,204.27
서해5도특별경비단,35098,2121,128,2121,128,0,74.97
서해5도특별경비단,35884,60,1791,60,1791,0,61.7
서해그랑블,40828,2146,107,2146,107,0,75.1
서해그랑블,40829,1,31,1,31,0,1.07
서해그랑블,42789,3380,7432,3380,7432,0,360.4
서해그랑블,42790,5545,2673,5545,2673,0,273.93
서해그랑블,42912,4297,1171,4297,1171,0,182.27
서해그랑블1단지아파트,38604,1267,66,1267,66,0,44.43
서해그랑블1단지아파트,38605,43,882,43,882,0,30.83
서해그랑블3단지아파트,38725,692,38,692,38,0,24.33
서해그랑블3단지아파트,38726,66,658,66,658,0,24.13
서해그랑블·옹암체육센터,38584,3831,5080,3831,5080,0,297.03
서해그랑블·옹암체육센터,38585,4115,4114,4115,4114,0,274.3
서해그랑블아파트후문,39973,2271,2550,2271,2550,0,160.7
서해그랑블아파트후문,39974,3794,2719,3794,2719,0,217.1
서해그랑블후문,40610,100,1175,100,1175,0,42.5
서해수산연구소,35007,85,3,85,3,0,2.93
서해수산연구소,35008,25,264,25,264,0,9.63
서해아파트,38164,3178,1657,3178,1657,0,161.17
서해아파트,38169,2290,2615,2290,2615,0,163.5
서해아파트,41181,1697,2268,1697,2268,0,132.17
서해아파트,41182,2673,1547,2673,1547,0,140.67
서해아파트,42354,3719,9085,3719,9085,0,426.8
서해아파트,42355,13773,4022,13773,4022,0,593.17
서홍의입구,43446,3,13,3,13,0,0.53
서홍의입구,43796,5,2,5,2,0,0.23
서화초등학교(도화e편한세상),37438,16465,8095,16465,8095,0,818.67
서화초등학교(도화역금강펜테리움),37623,10984,13875,10984,13875,0,828.63
서흥초등학교,36071,8052,3573,8052,3573,0,387.5
서흥초등학교,36116,741,421,741,421,0,38.73
서흥초등학교,36117,276,2638,276,2638,0,97.13
서희스타힐스아파트,43053,1038,2030,1036,2030,2,102.27
서희스타힐스아파트,43054,2181,1008,2174,1008,7,106.3
석남고가교입구사거리,42655,24052,10604,24052,10604,0,1155.2
석남고가사거리,42145,23040,18191,23040,18191,0,1374.37
석남고가사거리,42151,33239,25696,33239,25696,0,1964.5
석남금호어울림아파트101동,42656,4940,9731,4940,9731,0,489.03
석남도서관,42182,1584,2123,1584,2123,0,123.57
석남서초등학교,42108,4958,3563,4958,3563,0,284.03
석남신사거리,42149,2477,1879,2477,1879,0,145.2
석남신사거리,42150,2052,3254,2052,3254,0,176.87
석남역(5번출구),42577,24235,48221,24235,48221,0,2415.2
석남중앙교회,42138,3660,2542,3660,2542,0,206.73
석남중학교,42126,7426,5412,7426,5412,0,427.93
석남중학교,42128,6510,7039,6510,7039,0,451.63
석남초등학교,42165,10180,3538,10180,3538,0,457.27
석남초등학교,42167,3215,8192,3215,8192,0,380.23
석락아파트,37241,11847,10169,11847,10169,0,733.87
석락아파트,37244,2434,3532,2434,3532,0,198.87
석모1리마을회관,90145,34,17,34,17,0,1.7
석모1리마을회관,90146,0,9,0,9,0,0.3
석모대교(석모리방향),90137,1,55,1,55,0,1.87
석모대교(석모리방향),90138,34,29,34,29,0,2.1
석모대교(석포리방향),90139,35,3,35,3,0,1.27
석모대교(석포리방향),90140,24,67,24,67,0,3.03
석모대교(외포리방향),90121,3,56,3,56,0,1.97
석모대교(외포리방향),90122,48,5,48,5,0,1.77
석모대교(황청리방향),90197,4,6,4,6,0,0.33
석모대교전망대,90249,1,1,1,1,0,0.07
석모대교전망대,90250,4,5,4,5,0,0.3
석모도미네랄온천,90163,97,43,96,43,1,4.67
석모도미네랄온천,90164,3,60,3,60,0,2.1
석모도수목원입구(삼산초등학교),90143,21,61,21,61,0,2.73
석모도수목원입구(삼산초등학교),90144,137,51,137,51,0,6.27
석모도자연휴양림입구,90151,0,3,0,3,0,0.1
석모도자연휴양림입구,90152,20,25,18,25,2,1.5
석바위,37365,25036,21808,25036,21808,0,1561.47
석바위,37370,59564,43898,59564,43898,0,3448.73
석바위시장,37378,2664,7149,2664,7149,0,327.1
석바위시장,37381,24791,26952,24791,26952,0,1724.77
석바위시장,37382,22081,19378,22081,19378,0,1381.97
석바위시장,37384,6040,4342,6040,4342,0,346.07
석바위시장,37544,3025,4791,3025,4791,0,260.53
석바위시장역,37373,6555,6712,6555,6712,0,442.23
석바위시장역,37374,5465,5696,5465,5696,0,372.03
석산,43375,8,46,8,46,0,1.8
석산,43833,48,3,47,3,1,1.7
석산로,92051,1158,569,1158,569,0,57.57
석산로,92052,733,719,733,719,0,48.4
석암초등학교,37412,4521,4982,4521,4982,0,316.77
석암초등학교앞,37407,16368,9985,16368,9985,0,878.43
석정여자고등학교,39416,1472,187,1472,187,0,55.3
석정여자고등학교,39418,65,1733,65,1733,0,59.93
석조여래입상앞,43663,0,41,0,41,0,1.37
석조여래입상앞,43692,81,0,81,0,0,2.7
석천사거리,39308,774,881,774,881,0,55.17
석천사거리역,39317,4601,7993,4601,7993,0,419.8
석천사거리역,39320,3433,3512,3433,3512,0,231.5
석천시장,39502,1193,4455,1193,4455,0,188.27
석포리마을회관,90191,41,4,41,4,0,1.5
석포리마을회관,90192,17,35,17,35,0,1.73
석포항,90203,35,65,34,65,1,3.33
석화사입구,35932,3,1,3,1,0,0.13
석화사입구,35933,1,3,1,3,0,0.13
선경그린빌라,42307,2083,1597,2083,1597,0,122.67
선경그린빌라,42541,173,758,173,758,0,31.03
선경아파트,40238,7436,1838,7436,1838,0,309.13
선광,38542,2,300,2,300,0,10.07
선광,38543,245,8,245,8,0,8.43
선녀바위유원지,35004,926,16,926,16,0,31.4
선녀바위유원지,35006,173,832,173,832,0,33.5
선녀바위해수욕장,35484,1218,168,1218,168,0,46.2
선녀바위해수욕장,35485,220,1318,220,1318,0,51.27
선동,43248,13,17,13,17,0,1
선동,43886,59,2,59,2,0,2.03
선두1리,43009,221,81,221,81,0,10.07
선두1리,43099,55,164,55,164,0,7.3
선두4리마을회관,43242,63,9,63,9,0,2.4
선두4리마을회관,43644,1,40,1,40,0,1.37
선두5리어판장입구,90131,5,21,5,21,0,0.87
선두5리어판장입구,90132,6,6,6,6,0,0.4
선릉역,23218,4140,18,4140,18,0,138.6
선릉역,23259,23,4801,23,4801,0,160.8
선린감리교회,40043,4199,2340,4199,2340,0,217.97
선린감리교회,40047,4761,6578,4761,6578,0,377.97
선바위역1번출구,66002,2122,43965,2122,43965,0,1536.23
선바위역2번출구(광역),66001,28008,1667,28008,1667,0,989.17
선수,43433,8,17,8,17,0,0.83
선수,43483,7,4,7,4,0,0.37
선수여객선착장,43429,260,198,256,198,4,15.27
선수여객선착장,43479,26,86,26,86,0,3.73
선수촌사거리,39889,230,779,230,779,0,33.63
선수촌사거리,39890,373,349,373,349,0,24.07
선원고개앞,90448,0,1,0,1,0,0.03
선원면사무소앞,90067,8,18,8,18,0,0.87
선원면사무소앞,90068,1,6,1,6,0,0.23
선원면주민센터,43042,335,610,334,610,1,31.5
선원면주민센터,43070,586,224,584,224,2,27
선원사,43305,0,3,0,3,0,0.1
선원사,43742,10,12,10,12,0,0.73
선원사초입,43307,11,6,11,6,0,0.57
선원사초입,43756,1,3,1,3,0,0.13
선원초등학교,43044,93,202,93,202,0,9.83
선원초등학교,43045,208,88,204,88,4,9.87
선재대교입구,44005,21,533,21,533,0,18.47
선재대교입구,44006,624,40,624,40,0,22.13
선주삼거리,41481,0,13,0,13,0,0.43
선주지교회,41482,54,43,54,43,0,3.23
선주지다리,41480,11,34,11,34,0,1.5
선주지다리,41501,2,13,2,13,0,0.5
선주지동경로당,41671,76,55,76,55,0,4.37
선주지회차지,41483,32,22,32,22,0,1.8
선학골,90462,8,2,8,2,0,0.33
선학골삼거리,90461,1,0,1,0,0,0.03
선학동행정복지센터.정광아파트,38297,1249,1410,1249,1410,0,88.63
선학사거리,38295,1356,3846,1356,3846,0,173.4
선학아파트,38232,6978,1887,6978,1887,0,295.5
선학아파트,38343,3689,10910,3689,10910,0,486.63
선학어린이집,38300,1944,1930,1944,1930,0,129.13
선학역,38305,31723,14659,31723,14659,0,1546.07
선학역(1번출구),38306,19383,25578,19383,25578,0,1498.7
선학중학교·마을엔,38283,1035,1106,1035,1106,0,71.37
선학체육관(하키경기장),38308,3154,2391,3154,2391,0,184.83
선학체육관(하키경기장),38309,2880,4368,2880,4368,0,241.6
선행리입구,43908,67,120,65,120,2,6.23
선행리입구,43909,38,11,38,11,0,1.63
설호아파트,43378,7,126,7,126,0,4.43
설호아파트,43618,164,34,164,34,0,6.6
성강지식산업센터,39837,577,707,577,707,0,42.8
성경,43603,197,19,196,19,1,7.2
성경,43771,27,176,27,176,0,6.77
성동검문소,35285,5,337,5,337,0,11.4
성동검문소,35286,294,10,294,10,0,10.13
성리중학교,39969,39,7,39,7,0,1.53
성리중학교,39979,2,158,2,158,0,5.33
성리초등학교,39200,25818,21810,25818,21810,0,1587.6
성리초등학교,39201,9583,17417,9583,17417,0,900
성문교회,39462,535,5,535,5,0,18
성문아파트,39591,3870,1540,3870,1540,0,180.33
성문아파트(문화연립),39257,3095,4026,3095,4026,0,237.37
성민병원,42159,15387,15296,15387,15296,0,1022.77
성민병원,42162,16384,17938,16384,17938,0,1144.07
성보공업,42007,2000,2250,2000,2250,0,141.67
성산교회,40572,985,6245,985,6245,0,241
성신아크릴산업,89313,124,2,123,2,1,4.2
성신아크릴산업,89327,4,160,4,160,0,5.47
성웅아파트,42048,4437,3126,4437,3126,0,252.1
성웅아파트,42051,4266,2805,4266,2805,0,235.7
성원기계,92016,1129,1720,1129,1720,0,94.97
성원빌딩.우편취급국,37425,11789,6627,11789,6627,0,613.87
성원아파트,70022,2651,4,2651,4,0,88.5
성일산업,39787,803,1118,803,1118,0,64.03
성일산업,39788,737,688,737,688,0,47.5
성일아파트후문앞,40311,909,473,909,473,0,46.07
성지아파트,38017,24776,34011,24776,34011,0,1959.57
성지아파트,41025,5271,3767,5271,3767,0,301.27
성지초등학교,41033,1942,4000,1942,4000,0,198.07
성지초등학교,41034,2623,1616,2623,1616,0,141.3
성터지,43038,306,153,306,153,0,15.3
성터지,43039,159,267,159,267,0,14.2
성호아파트,38204,12572,11651,12572,11651,0,807.43
세광2차아파트,43758,2200,788,2178,788,22,99.6
세광2차아파트,43857,532,1706,530,1706,2,74.6
세광아파트,43049,1264,2549,1259,2549,5,127.1
세광아파트,43050,2569,917,2565,917,4,116.2
세농푸드,41510,7,0,7,0,0,0.23
세우산업,39094,2206,4498,2206,4498,0,223.47
세월천사거리,40489,2660,9176,2660,9176,0,394.53
세일빌라.인천산림조합,39158,2498,1339,2498,1339,0,127.9
세일빌라.인천산림조합,39159,4641,3475,4641,3475,0,270.53
세현정공,39033,946,1941,946,1941,0,96.23
세화파렛텍,90216,39,42,39,42,0,2.7
센타빌딩,39902,12309,14575,12309,14575,0,896.13
센트럴공원,38490,1405,3355,1405,3355,0,158.67
센트럴파크1,38463,721,206,721,206,0,30.9
센트럴파크2,38464,416,404,416,404,0,27.33
센트럴파크역,38397,7560,2852,7560,2852,0,347.07
센트럴파크역,38574,1198,2972,1198,2972,0,139
센트럴파크푸르지오아파트,38544,2226,1879,2226,1879,0,136.83
센트럴파크푸르지오아파트,38545,1618,2151,1618,2151,0,125.63
센트럴푸르지오501동앞,92071,2518,553,2518,553,0,102.37
셀트리온(주),38319,286,616,286,616,0,30.07
셀트리온(주)앞,38513,491,444,491,444,0,31.17
셀트리온2공장앞,38474,919,934,919,934,0,61.77
셀트리온2공장앞,38475,2213,948,2213,948,0,105.37
소게,43185,4,128,4,128,0,4.4
소게,43243,112,4,112,4,0,3.87
소구월사거리,39266,5888,12196,5888,12196,0,602.8
소구월사거리,39268,4608,4019,4608,4019,0,287.57
소나무,43396,58,0,58,0,0,1.93
소나무,43805,2,50,2,50,0,1.73
소담(장미)마을입구,90236,0,8,0,8,0,0.27
소담(장미)마을입구,90237,10,0,10,0,0,0.33
소동,43412,163,0,163,0,0,5.43
소동,43829,1,219,1,219,0,7.33
소똑골입구,90424,48,29,48,29,0,2.57
소래도서관,39829,13,399,13,399,0,13.73
소래산등산로입구,39770,4,83,4,83,0,2.9
소래산등산로입구,39771,28,5,28,5,0,1.1
소래산입구,39668,24,898,24,898,0,30.73
소래산입구,39670,1706,15,1706,15,0,57.37
소래역사관,39816,229,1345,229,1345,0,52.47
소래역사관,39817,3267,197,3267,197,0,115.47
소래초등학교,39615,292,316,292,316,0,20.27
소래포구,39815,864,93,864,93,0,31.9
소래포구,39818,144,2846,144,2846,0,99.67
소래포구역,39647,3867,1699,3867,1699,0,185.53
소래포구역,39648,3233,6295,3233,6295,0,317.6
소래포구역,39710,2009,62,2009,62,0,69.03
소래포구역앞,92063,2743,1175,2743,1175,0,130.6
소래포구역종점,39793,2051,3761,2051,3761,0,193.73
소래포구입구,70009,1027,158,1027,158,0,39.5
소래포구입구(논현푸르지오A),39109,452,1106,452,1106,0,51.93
소래포구입구(논현푸르지오A),39114,224,280,224,280,0,16.8
소래포구해오름광장,92074,104,1971,104,1971,0,69.17
소래풍림아파트,39122,2991,836,2991,836,0,127.57
소리공원(하모니로),38721,863,907,863,907,0,59
소리공원(하모니로),38722,315,388,315,388,0,23.43
소망탑빌라,40116,13,510,13,510,0,17.43
소방대앞,90022,44,80,44,80,0,4.13
소방대앞,90023,394,44,393,44,1,14.6
소산서원,70011,168,914,168,914,0,36.07
소산서원,70012,398,447,398,447,0,28.17
소장전,43996,11,34,11,34,0,1.5
소장전,43997,18,7,18,7,0,0.83
소첨도공원,89540,4129,55,4129,55,0,139.47
소첨도공원,89541,32,2878,32,2878,0,97
소촌마을,41662,93,19,93,19,0,3.73
속아지,43344,24,1,24,1,0,0.83
속아지,43848,3,29,3,29,0,1.07
솔밭마을,38193,936,322,936,322,0,41.93
솔빛마을,36034,8789,9562,8789,9562,0,611.7
솔빛마을,36037,6849,6309,6849,6309,0,438.6
솔빛마을주공아파트,36049,10302,6840,10302,6840,0,571.4
솔빛마을주공아파트,36050,9216,12368,9216,12368,0,719.47
솔빛주공2단지,36045,1008,842,1008,842,0,61.67
솔안공원,38348,11158,7509,11158,7509,0,622.23
솔정,43526,36,3,36,3,0,1.3
솔정,43871,7,28,7,28,0,1.17
솔정1리마을회관,90085,0,2,0,2,0,0.07
솔정1리마을회관,90086,0,1,0,1,0,0.03
솔정마을,43129,75,9,73,9,2,2.8
솔정마을,43811,15,0,15,0,0,0.5
솔정마을,43872,18,66,18,66,0,2.8
솔정마을,90108,0,22,0,22,0,0.73
솔정정미소,43130,16,26,16,26,0,1.4
솔정정미소,43134,47,15,47,15,0,2.07
솔터마을입구,80327,1205,382,1205,382,0,52.9
솔터마을입구,80336,1289,1107,1289,1107,0,79.87
솔펜션,44177,23,2,23,2,0,0.83
송곡촌,43439,18,24,18,24,0,1.4
송곡촌,43815,91,37,91,37,0,4.27
송내고교입구,11014,96,386,96,386,0,16.07
송내고교입구,11015,663,144,663,144,0,26.9
송내고등학교,40219,2389,2672,2389,2672,0,168.7
송내남부역,40761,206,2807,206,2807,0,100.43
송내역,56005,106689,110735,106689,110735,0,7247.47
송내역.로데오거리,55267,5520,26884,5520,26884,0,1080.13
송내역.영화의거리,55263,22977,7251,22977,7251,0,1007.6
송내역남부,56002,162111,132637,162111,132637,0,9824.93
송담초등학교,38667,1898,536,1898,536,0,81.13
송담초등학교,38668,400,1690,400,1690,0,69.67
송도1동행정복지센터,38012,5808,14203,5808,14203,0,667.03
송도2동행정복지센터,38492,6830,4645,6830,4645,0,382.5
송도2동행정복지센터,38588,3690,3208,3690,3208,0,229.93
송도2동행정복지센터,38817,6,814,6,814,0,27.33
송도MTB파크,38746,112,225,112,225,0,11.23
송도SK뷰(101동),38635,3248,1093,3248,1093,0,144.7
송도SK뷰(105동),38632,367,2186,367,2186,0,85.1
송도SK뷰(105동),38633,3119,361,3119,361,0,116
송도sk뷰,38707,736,3625,736,3625,0,145.37
송도sk뷰,38708,600,1221,600,1221,0,60.7
송도고입구,38215,4336,3203,4336,3203,0,251.3
송도고입구,38221,1766,1066,1766,1066,0,94.4
송도공영차고지,38472,535,412,535,412,0,31.57
송도국제교입구,38597,361,0,361,0,0,12.03
송도국제도서관,38807,525,430,525,430,0,31.83
송도국제도서관,38808,496,694,496,694,0,39.67
송도국제도서관,38809,637,270,637,270,0,30.23
송도국제도서관,38810,133,721,133,721,0,28.47
송도국제도시디에트르시그니처뷰,38771,4557,2663,4557,2663,0,240.67
송도글로벌캠퍼스푸르지오아파트,38711,1436,1242,1436,1242,0,89.27
송도누리공원,38663,4966,4355,4966,4355,0,310.7
송도누리공원,38664,1187,3831,1187,3831,0,167.27
송도달빛축제공원,38776,841,937,841,937,0,59.27
송도달빛축제공원역,38696,16258,4164,16258,4164,0,680.73
송도달빛축제공원역,38697,3711,17557,3711,17557,0,708.93
송도더샵그린스퀘어,39843,3799,1505,3799,1505,0,176.8
송도더샵그린워크,38526,1239,226,1239,226,0,48.83
송도더샵그린워크2차,38493,2696,3718,2696,3718,0,213.8
송도더샵마스터뷰21단지,38578,6303,1226,6303,1226,0,250.97
송도더샵마스터뷰22단지,38693,1436,970,1436,970,0,80.2
송도더샵마스터뷰22단지,38695,708,1199,708,1199,0,63.57
송도더샵마스터뷰22단지(2202동),38698,230,726,230,726,0,31.87
송도더샵마스터뷰22단지(2202동),38712,875,274,875,274,0,38.3
송도더샵마스터뷰22단지(정문),38694,478,1631,478,1631,0,70.3
송도더샵마스터뷰23단지,38441,3646,4984,3646,4984,0,287.67
송도더샵마스터뷰23단지,38442,874,6885,874,6885,0,258.63
송도더샵마스터뷰23단지(정문),38692,1796,248,1796,248,0,68.13
송도더샵센트럴시티,39842,1956,4078,1956,4078,0,201.13
송도더샵센트럴시티.글로벌캠퍼스푸르지오,38647,8328,1793,8328,1793,0,337.37
송도더샵퍼스트월드,38589,1455,1954,1455,1954,0,113.63
송도더샵퍼스트월드(동문),38013,17990,8579,17990,8579,0,885.63
송도더샵퍼스트월드(서문),38381,4199,2032,4199,2032,0,207.7
송도더샵퍼스트월드B동.C동,38425,3508,2326,3508,2326,0,194.47
송도더샵퍼스트월드D동,38009,2011,2113,2011,2113,0,137.47
송도더샵퍼스트파크14단지,38560,546,2654,546,2654,0,106.67
송도더샵퍼스트파크14단지,38577,2124,177,2124,177,0,76.7
송도더샵퍼스트파크15단지,38559,238,983,238,983,0,40.7
송도더샵퍼스트파크15단지,38576,1013,176,1013,176,0,39.63
송도더샵하버뷰2차,38467,2483,11917,2483,11917,0,480
송도동일하이빌파크포레아파트,38680,3548,1092,3548,1092,0,154.67
송도라마다호텔앞,38065,2128,4947,2128,4947,0,235.83
송도라마다호텔앞,38067,11512,7701,11512,7701,0,640.43
송도랜드마크시티13호근린공원,38738,1030,6411,1030,6411,0,248.03
송도랜드마크시티13호근린공원,38739,5941,899,5941,899,0,228
송도랜드마크푸르지오시티,38747,1818,3020,1818,3020,0,161.27
송도럭스오션SK뷰,38797,1119,2211,1119,2211,0,111
송도럭스오션SK뷰,38798,1713,384,1713,384,0,69.9
송도럭스오션SK뷰101동,38799,1215,2684,1215,2684,0,129.97
송도럭스오션SK뷰101동,38800,2982,1273,2982,1273,0,141.83
송도베르디움더퍼스트후문,39985,1343,5407,1343,5407,0,225
송도세브란스병원,38651,433,1533,433,1533,0,65.53
송도센트럴파크,38452,4324,8754,4324,8754,0,435.93
송도센트럴파크역,38563,2620,1032,2620,1032,0,121.73
송도소방서(송도스마트밸리),39801,1442,2551,1442,2551,0,133.1
송도스마트밸리,39802,4529,1614,4529,1614,0,204.77
송도스포츠센터(LNG야구장),39721,685,636,685,636,0,44.03
송도아트윈푸르지오,38549,905,605,905,605,0,50.33
송도아트윈푸르지오,38562,10,563,10,563,0,19.1
송도에듀포레푸르지오,39921,1592,5498,1592,5498,0,236.33
송도에듀포레푸르지오후문,39986,5877,907,5877,907,0,226.13
송도역,38213,3134,2243,3134,2243,0,179.23
송도역,38505,8468,16976,8468,16976,0,848.13
송도역전시장,38207,7810,9030,7810,9030,0,561.33
송도역전시장,38210,10255,8786,10255,8786,0,634.7
송도역전시장,38220,6870,2497,6870,2497,0,312.23
송도영남아파트,38224,8349,6632,8349,6632,0,499.37
송도오션파크베르디움,38642,3132,21790,3132,21790,0,830.73
송도요양원,38144,2254,2874,2254,2874,0,170.93
송도유원지(한국도로교통공단),38081,11618,13024,11618,13024,0,821.4
송도유원지(한국도로교통공단),38088,20557,7922,20557,7922,0,949.3
송도자이더스타,38783,478,1610,478,1610,0,69.6
송도자이더스타,38790,1535,650,1535,650,0,72.83
송도자이더스타104동,38813,30,238,30,238,0,8.93
송도자이더스타104동,38814,1098,163,1098,163,0,42.03
송도자이더스타109동,38815,17,150,17,150,0,5.57
송도자이더스타109동,38816,489,122,489,122,0,20.37
송도자이크리스탈오션,38779,3275,1599,3275,1599,0,162.47
송도자이크리스탈오션,38780,3554,2508,3554,2508,0,202.07
송도자이하버뷰,38521,3567,2363,3567,2363,0,197.67
송도자이하버뷰1단지,38468,15093,2362,15093,2362,0,581.83
송도자이하버뷰2단지(202동),38488,1698,3802,1698,3802,0,183.33
송도자이하버뷰2단지(205동),38455,489,486,489,486,0,32.5
송도자이하버뷰2단지(정문),38465,3864,2617,3864,2617,0,216.03
송도자이하버뷰2단지(정문),38498,3027,2506,3027,2506,0,184.43
송도제2차고지,38703,774,647,774,647,0,47.37
송도제2차고지입구,38735,257,435,257,435,0,23.07
송도중학교,35155,12311,13151,12311,13151,0,848.73
송도지웰푸르지오시티,38424,5696,8685,5696,8685,0,479.37
송도채석장,38175,605,2367,605,2367,0,99.07
송도체육센터,38699,238,802,238,802,0,34.67
송도체육센터,38700,940,257,940,257,0,39.9
송도컨벤시아,38367,1859,5685,1859,5685,0,251.47
송도컨벤시아,38369,2586,1389,2586,1389,0,132.5
송도컨벤시아남문,38660,2251,1367,2251,1367,0,120.6
송도컨벤시아남문,38661,1454,2384,1454,2384,0,127.93
송도타임스페이스,38720,4487,6817,4487,6817,0,376.8
송도테크노파크IT센터,38752,29,1142,29,1142,0,39.03
송도테크노파크IT센터,39929,8752,4324,8752,4324,0,435.87
송도파크레인동일하이빌,38625,54,319,54,319,0,12.43
송도파크레인동일하이빌,38626,796,733,796,733,0,50.97
송도파크레인입구,38538,1081,3513,1081,3513,0,153.13
송도파크레인입구,38539,1633,1783,1633,1783,0,113.87
송도파크자이,38627,907,500,907,500,0,46.9
송도파크자이,38628,14,771,14,771,0,26.17
송도파크자이아파트,38638,10034,8287,10034,8287,0,610.7
송도파크자이아파트정문,38677,1590,5293,1590,5293,0,229.43
송도푸르지오월드마크,38426,6451,7092,6451,7092,0,451.43
송도푸르지오하버뷰,38494,3397,4528,3397,4528,0,264.17
송도풍림아이원1단지,38033,3438,24706,3438,24706,0,938.13
송도풍림아이원2단지,38025,9220,14119,9220,14119,0,777.97
송도풍림아이원2단지,38026,8649,5054,8649,5054,0,456.77
송도풍림아이원2단지,38034,26029,3392,26029,3392,0,980.7
송도풍림아이원4단지,38032,4276,10053,4276,10053,0,477.63
송도힐스테이트,38479,19692,7283,19692,7283,0,899.17
송도힐스테이트5단지,38393,7294,7995,7294,7995,0,509.63
송도힐스테이트6단지,38554,49,194,49,194,0,8.1
송동마을.서초힐스아파트,22286,1621,2811,1621,2811,0,147.73
송동마을.서초힐스아파트,22962,2741,364,2741,364,0,103.5
송림119안전센터,36165,80,308,80,308,0,12.93
송림3.5동행정복지센터(재능대정문),36030,2727,10265,2727,10265,0,433.07
송림4동행정복지센터(재능대후문),36127,3436,2622,3436,2622,0,201.93
송림고가교,37491,2352,1312,2352,1312,0,122.13
송림고가교,37492,1429,2838,1429,2838,0,142.23
송림고개(도화신동아아파트),37439,10988,8633,10988,8633,0,654.03
송림고개(도화신동아아파트),37501,10869,8803,10869,8803,0,655.73
송림동진로아파트,36154,274,314,274,314,0,19.6
송림동진로아파트,36155,106,822,106,822,0,30.93
송림동트레이더스홀세일클럽,36098,5909,8008,5909,8008,0,463.9
송림동트레이더스홀세일클럽,36100,7676,4815,7676,4815,0,416.37
송림빌라,43316,16,0,16,0,0,0.53
송림빌라,43775,0,25,0,25,0,0.83
송림시장,36015,401,430,401,430,0,27.7
송림오거리,36131,17142,4371,17142,4371,0,717.1
송림오거리,36132,4328,11743,4328,11743,0,535.7
송림주유소,36090,602,589,602,589,0,39.7
송림체육관,36130,830,47,830,47,0,29.23
송림체육관,36148,22,359,22,359,0,12.7
송림체육관후문,36153,749,382,749,382,0,37.7
송림휴먼시아,36124,30,851,30,851,0,29.37
송림휴먼시아,36125,58,1341,58,1341,0,46.63
송마3리,80157,795,54,795,54,0,28.3
송마3리,80158,44,413,44,413,0,15.23
송마리입구,80159,45,792,45,792,0,27.9
송마리입구,80160,528,120,528,120,0,21.6
송명초등학교,92013,4700,334,4700,334,0,167.8
송산,43482,43,21,43,21,0,2.13
송산,43710,12,43,12,43,0,1.83
송산교회,43956,15,21,15,21,0,1.2
송산삼거리,43480,96,4,92,4,4,3.33
송산삼거리,43611,0,86,0,86,0,2.87
송악골,90464,8,0,8,0,0,0.27
송암박두성생가입구,90396,0,15,0,15,0,0.5
송암박두성생가입구,90397,23,0,23,0,0,0.77
송월동동화마을,35189,6803,2977,6803,2977,0,326
송월동동화마을,35190,3081,9470,3081,9470,0,418.37
송월아파트,35193,2372,505,2372,505,0,95.9
송월아파트,35194,776,2800,776,2800,0,119.2
송정역,25184,638,7804,638,7804,0,281.4
송정역,25185,4229,106,4229,106,0,144.5
송정역(중),16015,4510,541,4510,541,0,168.37
송해교회,43384,282,34,281,34,1,10.53
송해교회,43769,13,351,13,351,0,12.13
송해면사무소,43708,34,118,34,118,0,5.07
송해면사무소,43809,108,32,107,32,1,4.67
송해삼거리,43386,455,88,448,88,7,18.1
송해삼거리,43819,125,600,123,600,2,24.17
송해초등학교,43807,15,139,15,139,0,5.13
송해초등학교,43820,110,12,109,12,1,4.07
송현시장.수도국산달동네박물관,36019,7993,5719,7993,5719,0,457.07
송현시장.수도국산달동네박물관,36020,7152,22618,7152,22618,0,992.33
송현시장.수도국산달동네박물관,36025,97,703,97,703,0,26.67
송현아파트,36065,4808,3341,4808,3341,0,271.63
송현아파트,36067,1929,3803,1929,3803,0,191.07
송현주공아파트,36073,1027,2915,1027,2915,0,131.4
송현주공아파트,36080,10679,5841,10679,5841,0,550.67
송현주공아파트후문,36162,825,3024,825,3024,0,128.3
쇠골큰말,89318,81,50,79,50,2,4.37
쇠골큰말,89321,56,26,52,26,4,2.73
수곡(월곳리),43191,46,0,46,0,0,1.53
수곡(월곳리),43620,0,12,0,12,0,0.4
수광티티아이,90215,29,35,29,35,0,2.13
수도군수지원단(장애인복지관),40825,6396,1752,6396,1752,0,271.6
수도군수지원단(장애인복지관),40826,12,1834,12,1834,0,61.53
수림공원,39347,2048,893,2048,893,0,98.03
수림공원,39351,847,2050,847,2050,0,96.57
수변로삼거리,40367,1217,474,1217,474,0,56.37
수변로삼거리,40370,2670,5518,2670,5518,0,272.93
수봉공원,37289,2250,2301,2250,2301,0,151.7
수봉공원,37569,1894,5179,1894,5179,0,235.77
수봉공원.인천수봉문화회관입구,37362,15209,7968,15209,7968,0,772.57
수봉공원.인천수봉문화회관입구,37369,9293,14812,9293,14812,0,803.5
수봉마을쉼터,37570,4041,4671,4041,4671,0,290.4
수봉마을쉼터,37571,3483,2757,3483,2757,0,208
수부촌,43041,128,213,128,213,0,11.37
수산동,39175,338,776,338,776,0,37.13
수산동,39176,404,454,404,454,0,28.6
수양관,43245,13,79,13,79,0,3.07
수양관,43645,68,4,67,4,1,2.4
수영장앞,90460,60,58,60,58,0,3.93
수영장앞,90478,0,5,0,5,0,0.17
수인곡물시장,35134,3735,3216,3735,3216,0,231.7
수정제입구,90290,8,6,8,6,0,0.47
수촌,43111,148,9,146,9,2,5.23
수촌,43358,5,149,5,149,0,5.13
수출산업단지6공단입구,40009,4105,4099,4105,4099,0,273.47
수출산업단지6공단입구,40010,1996,2562,1996,2562,0,151.93
수행마을.홈플러스,80074,774,21,774,21,0,26.5
수행마을.홈플러스,80075,122,593,122,593,0,23.83
수현마을,39487,3264,5020,3264,5020,0,276.13
수현마을,39488,9949,5539,9949,5539,0,516.27
수협,43060,162,1179,162,1179,0,44.7
수협,43062,4578,11706,4555,11706,23,542.8
수협(인천해양센터),35080,2993,73,2993,73,0,102.2
수협(인천해양센터),35081,78,4449,78,4449,0,150.9
수협온수지점,90411,1822,580,1822,580,0,80.07
수협온수지점,90413,496,1618,496,1618,0,70.47
순복음교회,37253,8789,29835,8789,29835,0,1287.47
순복음교회,39181,22713,7879,22713,7879,0,1019.73
순복음교회,40661,13725,7804,13725,7804,0,717.63
순천향대학병원.부명고,55037,8756,1176,8756,1176,0,331.07
숭덕여중고입구,39461,11262,24308,11262,24308,0,1185.67
숭덕여중고입구,39463,17253,11737,17253,11737,0,966.33
숭덕여중고입구,39466,6022,967,6022,967,0,232.97
숭뢰2리,43421,100,233,98,233,2,11.1
숭뢰2리,43704,131,11,130,11,1,4.73
숭보사입구,40851,126,13,126,13,0,4.63
숭보사입구,40918,0,84,0,84,0,2.8
숭의1.3동(극동아파트),37328,674,716,674,716,0,46.33
숭의1.3동(극동아파트),37337,550,985,550,985,0,51.17
숭의2동행정복지센터,37563,2257,2489,2257,2489,0,158.2
숭의교회,37269,18482,10660,18482,10660,0,971.4
숭의교회,37271,12159,15695,12159,15695,0,928.47
숭의로터리,37265,5804,19810,5804,19810,0,853.8
숭의로터리,37266,16715,5677,16715,5677,0,746.4
숭의로터리,37273,20876,9304,20876,9304,0,1006
숭의로터리.도원체육관,37276,8118,13004,8118,13004,0,704.07
숭의목공예마을앞,37313,8615,9015,8615,9015,0,587.67
숭의목공예마을앞,37315,6492,7850,6492,7850,0,478.07
숭의박문아파트,37353,1535,2975,1535,2975,0,150.33
숭의박문아파트,37354,2745,1525,2745,1525,0,142.33
숭의보건지소,37532,14474,4074,14474,4074,0,618.27
숭의역(1번출구),37510,43905,23430,43905,23430,0,2244.5
숭의역(2번출구),37211,29266,37919,29266,37919,0,2239.5
숭의역(3번출구),35133,1693,6037,1693,6037,0,257.67
숭의역(4번출구),35135,6048,3532,6048,3532,0,319.33
숭의초등학교,37308,1798,4905,1798,4905,0,223.43
숭의초등학교입구,37287,2602,1527,2602,1527,0,137.63
쉐보레인천서비스,40433,1395,4388,1395,4388,0,192.77
쉐보레출고사무소,89160,1809,548,1809,548,0,78.57
쉴낙원인천장례식장,41458,1312,2565,1312,2565,0,129.23
스카이시티자이,35916,93,2883,93,2883,0,99.2
스카이시티자이,35917,3040,238,3040,238,0,109.27
스카이시티자이.화성파크드림,35650,4346,8402,4346,8402,0,424.93
스타파이브입구,35428,324,42,324,42,0,12.2
스타파이브입구,35429,19,325,19,325,0,11.47
스태츠칩팩코리아,35641,37,1598,37,1598,0,54.5
스태츠칩팩코리아,35642,1484,18,1484,18,0,50.07
스틸랜드,70228,169,474,169,474,0,21.43
스틸랜드,70229,350,187,350,187,0,17.9
스포월드골프연습장,42439,122,165,122,165,0,9.57
스포월드골프연습장,42440,10,240,10,240,0,8.33
승기2교,92077,242,81,242,81,0,10.77
승기사거리,37301,8411,7013,8411,7013,0,514.13
승기천,39169,1465,6571,1465,6571,0,267.87
승기천,39170,1662,8946,1662,8946,0,353.6
시대아파트,38340,15502,13037,15502,13037,0,951.3
시리미,43330,49,76,49,76,0,4.17
시리미,43631,4,0,4,0,0,0.13
시립가좌테니스장,37581,242,1735,242,1735,0,65.9
시립가좌테니스장,37582,153,2662,153,2662,0,93.83
시민공원,37359,14191,6018,14191,6018,0,673.63
시민공원(문화창작지대)역,37344,28971,29315,28971,29315,0,1942.87
시민공원(문화창작지대)역,37346,39175,29140,39175,29140,0,2277.17
시민공원.문화창작지대,37334,20543,40027,20543,40027,0,2019
시민공원.문화창작지대,37468,2360,1832,2360,1832,0,139.73
시민공원역.포레나미추홀,37319,6877,56369,6877,56369,0,2108.2
시민공원역.포레나미추홀,37326,108831,19377,108831,19377,0,4273.6
시장로터리(중앙철재),40261,2324,1904,2324,1904,0,140.93
시청광장입구,39217,17158,20631,17158,20631,0,1259.63
시청광장입구,39218,22003,17246,22003,17246,0,1308.3
시티오씨엘1단지.3단지,37695,4415,1895,4415,1895,0,210.33
시티오씨엘1단지.3단지,37696,1142,3271,1142,3271,0,147.1
시티오씨엘1단지아파트,37462,824,4206,824,4206,0,167.67
시티오씨엘1단지아파트,37463,2587,1709,2587,1709,0,143.2
시티오씨엘3단지,37684,8544,15661,8544,15661,0,806.83
시티오씨엘4단지,37685,16207,7091,16207,7091,0,776.6
시티오씨엘4단지.5단지,37694,1159,651,1159,651,0,60.33
시티오씨엘4단지오피스텔,37693,542,664,542,664,0,40.2
시흥대야역.영남아파트,70027,773,2482,773,2482,0,108.5
시흥대야역.영남아파트,70028,3056,855,3056,855,0,130.37
시흥보건소,70015,2031,442,2031,442,0,82.43
시흥보건소,70016,331,1974,331,1974,0,76.83
시흥영업소,25846,546,506,546,506,0,35.07
시흥영업소,25847,332,377,332,377,0,23.63
신검단중앙역1번출구,89614,1044,935,1044,935,0,65.97
신검단중앙역2번출구,89588,32500,6739,32500,6739,0,1307.97
신검단중앙역4번출구,89613,7,348,7,348,0,11.83
신검단중앙역사거리,89589,4058,21986,4058,21986,0,868.13
신검단중앙역사거리(터널앞),89582,459,5351,459,5351,0,193.67
신검단중앙역사거리(터널앞),89583,6950,12436,6950,12436,0,646.2
신검단중앙역풍경채어바니티,89571,6331,8425,6331,8425,0,491.87
신검단중앙역풍경채어바니티2차,89579,11068,2866,11068,2866,0,464.47
신검단중앙역풍경채어바니티2차,89580,2349,5311,2349,5311,0,255.33
신골입구,43998,23,58,23,58,0,2.7
신골입구,43999,49,12,49,12,0,2.03
신광초등학교,35142,627,997,627,997,0,54.13
신기.남부종합시장(진흥사거리),37217,47179,31720,47179,31720,0,2629.97
신기.남부종합시장(진흥사거리),37219,17561,28895,17561,28895,0,1548.53
신김포농협대곶지점,80147,88,58,88,58,0,4.87
신김포농협대곶지점,80148,131,151,131,151,0,9.4
신논현역,32055,14181,90,14181,90,0,475.7
신논현역.우신빌딩,31057,203,8276,203,8276,0,282.63
신당리교회앞,90455,128,1,128,1,0,4.3
신당리교회앞,90473,2,47,1,47,1,1.63
신당리동촌부락,90090,19,1,19,1,0,0.67
신당리동촌부락,90091,0,15,0,15,0,0.5
신당리마을회관,90087,0,1,0,1,0,0.03
신당리마을회관,90088,2,0,2,0,0,0.07
신당리언덕,90456,22,2,22,2,0,0.8
신당리언덕,90474,0,14,0,14,0,0.47
신당리해나무,90454,62,3,61,3,1,2.17
신당리해나무,90472,0,61,0,61,0,2.03
신당촌,90114,1,1,1,1,0,0.07
신대진중앙아파트,41271,4328,2913,4328,2913,0,241.37
신대진중앙아파트,41274,2143,3782,2143,3782,0,197.5
신도실업(주),40625,582,1795,582,1795,0,79.23
신동마을,90253,2,6,2,6,0,0.27
신동마을,90254,13,0,13,0,0,0.43
신동아1.2차아파트,37507,9445,6437,9445,6437,0,529.4
신동아1단지,70038,167,214,167,214,0,12.7
신동아1단지.한일아파트,70037,244,320,244,320,0,18.8
신동아3차아파트,37119,12304,17057,12304,17057,0,978.7
신동아3차아파트,37120,12438,22915,12438,22915,0,1178.43
신동아3차아파트,37494,11517,5240,11517,5240,0,558.57
신동아상가,40860,5284,3648,5284,3648,0,297.73
신동아상가(백운역방면),40068,5300,8746,5300,8746,0,468.2
신동아아파트,37072,19,790,19,790,0,26.97
신동아아파트,37143,9513,14058,9513,14058,0,785.7
신동아아파트,37160,6863,9528,6863,9528,0,546.37
신동아아파트,37525,2378,8163,2378,8163,0,351.37
신동아아파트,39381,2603,6537,2603,6537,0,304.67
신동아아파트,39382,16458,6252,16458,6252,0,757
신동아아파트,41349,9670,2093,9670,2093,0,392.1
신동아아파트,41350,2863,9182,2863,9182,0,401.5
신동아아파트(B),37162,12380,11851,12380,11851,0,807.7
신동아아파트116동,40060,3047,10874,3047,10874,0,464.03
신동아아파트116동,40859,7764,2765,7764,2765,0,350.97
신동아아파트3차·6차,37090,9565,1817,9565,1817,0,379.4
신동아아파트3차·6차,37097,3618,8773,3618,8773,0,413.03
신동아아파트4차,37121,4408,2315,4408,2315,0,224.1
신동아아파트4차,37123,3147,3618,3147,3618,0,225.5
신동아아파트5차,37141,12437,4450,12437,4450,0,562.9
신동아아파트8차,37135,1417,2692,1417,2692,0,136.97
신동아아파트8차,37136,4728,2063,4728,2063,0,226.37
신동양아파트,41202,3291,9546,3291,9546,0,427.9
신동양아파트,41203,8657,4171,8657,4171,0,427.6
신라아파트,37277,7142,6555,7142,6555,0,456.57
신라아파트,37543,2068,3902,2068,3902,0,199
신명보람마을.삼부한신아파트,40511,2490,2722,2490,2722,0,173.73
신명보람마을.삼부한신아파트,40512,791,1161,791,1161,0,65.07
신명스카이뷰,35456,14107,4769,14107,4769,0,629.2
신명스카이뷰,42737,106,271,106,271,0,12.57
신명스카이뷰정문,35455,4659,13745,4659,13745,0,613.47
신명스카이뷰후문,35453,1900,5781,1900,5781,0,256.03
신명아파트,42081,8472,12391,8472,12391,0,695.43
신명아파트.대우3차아파트,70018,632,3957,632,3957,0,152.97
신명아파트앞,42799,25,1043,25,1043,0,35.6
신반포역.세화여중고,31033,1329,78,1329,78,0,46.9
신방화역5번출구,16394,91,252,91,252,0,11.43
신방화역7번출구,16704,347,87,347,87,0,14.47
신봉삼거리,43463,35,38,35,38,0,2.43
신봉삼거리,43814,7,4,7,4,0,0.37
신봉이발관,43458,40,14,40,14,0,1.8
신봉이발관,43786,2,57,2,57,0,1.97
신북항고가교,42104,3316,2203,3316,2203,0,183.97
신북항고가교,42109,1113,3042,1113,3042,0,138.5
신분당선.강남역4번출구,23572,11116,4594,11116,4594,0,523.67
신분당선강남역(중),22009,32,3273,32,3273,0,110.17
신분당선강남역(중),22010,4870,13,4870,13,0,162.77
신비마을아파트,37164,290,2384,290,2384,0,89.13
신비마을아파트,37223,4619,8953,4619,8953,0,452.4
신비마을아파트,37225,7100,4474,7100,4474,0,385.8
신비마을아파트,37555,756,3570,756,3570,0,144.2
신비마을아파트(112동),37171,8484,5960,8484,5960,0,481.47
신삼1리마을회관,43405,144,0,135,0,9,4.8
신삼1리마을회관,43791,0,135,0,135,0,4.5
신삼2리마을회관,43400,179,5,170,5,9,6.13
신삼2리마을회관,43825,4,121,3,121,1,4.17
신삼리입구,43606,19,4,19,4,0,0.77
신삼리입구,43801,1,38,1,38,0,1.3
신선지입구,90346,12,8,11,8,1,0.67
신선지입구,90347,1,19,1,19,0,0.67
신선초등학교(유림노르웨이숲),35086,5860,15184,5860,15184,0,701.47
신선초등학교(유림노르웨이숲),35089,14605,5053,14605,5053,0,655.27
신선초등학교앞,37055,3643,863,3643,863,0,150.2
신설동,35413,6,90,6,90,0,3.2
신설동,35416,83,22,83,22,0,3.5
신설동(3거리),35018,97,10,97,10,0,3.57
신설동(3거리),35019,6,116,6,116,0,4.07
신성미소지움,40099,2258,18,2258,18,0,75.87
신성미소지움,40102,9,1907,9,1907,0,63.87
신성미소지움,40643,2282,14447,2282,14447,0,557.63
신성미소지움,40649,6633,2261,6633,2261,0,296.47
신성미소지움후문,40660,8,484,8,484,0,16.4
신성성결교회(올림피아병원),39355,16765,10907,16765,10907,0,922.4
신세계아파트,39383,3505,5418,3505,5418,0,297.43
신송고등학교,38023,2701,4319,2701,4319,0,234
신송고등학교,38024,5406,3611,5406,3611,0,300.57
신송중학교,38781,143,25,143,25,0,5.6
신송중학교,38782,4,114,4,114,0,3.93
신안실크밸리,35220,684,263,684,263,0,31.57
신연수역(1번출구),38263,3867,3930,3867,3930,0,259.9
신연수역(2번출구),38231,3240,800,3240,800,0,134.67
신연수역(3번출구),38228,5886,4524,5886,4524,0,347
신왕마을,43203,283,2,282,2,1,9.5
신왕마을,43718,15,221,15,221,0,7.87
신원기술,39130,30,16,30,16,0,1.53
신원아침도시오피스텔(홈플러스),39836,5138,6028,5138,6028,0,372.2
신일교회,39529,4731,8139,4731,8139,0,429
신일아파트,35097,74,12,74,12,0,2.87
신정1리마을회관,43300,12,5,12,5,0,0.57
신정1리마을회관,43737,15,22,15,22,0,1.23
신정삼거리,90111,0,7,0,7,0,0.23
신정삼거리,90112,6,18,6,18,0,0.8
신정중학교,38459,2918,3449,2918,3449,0,212.23
신정중학교,38555,5361,2861,5361,2861,0,274.07
신중동역4번출구.롯데백화점,55226,2434,4924,2434,4924,0,245.27
신중동역5번출구.중흥중학교,55071,1195,4566,1195,4566,0,192.03
신중동역6번출구.중흥중학교,55072,3342,1151,3342,1151,0,149.77
신지동마을회관,43303,80,61,79,61,1,4.7
신지동마을회관,43740,50,28,50,28,0,2.6
신진아파트,41107,25034,13943,25034,13943,0,1299.23
신창아파트,37010,4384,6668,4384,6668,0,368.4
신창아파트,37464,4413,3088,4413,3088,0,250.03
신천동,70048,7413,495,7413,495,0,263.6
신천동,70049,294,7967,294,7967,0,275.37
신천삼거리,70013,8546,407,8546,407,0,298.43
신천삼거리,70014,378,8887,378,8887,0,308.83
신천역.문화의거리,25364,2697,315,2697,315,0,100.4
신천역.문화의거리,70174,222,2295,222,2295,0,83.9
신천연합병원,70175,60,778,60,778,0,27.93
신천연합병원,70231,869,233,869,233,0,36.73
신촌,43146,17,1,17,1,0,0.6
신촌,43432,22,18,22,18,0,1.33
신촌,43459,506,22,503,22,3,17.6
신촌,43510,0,8,0,8,0,0.27
신촌,43753,17,243,17,243,0,8.67
신촌,43800,62,48,62,48,0,3.67
신촌마을입구,90201,40,10,40,10,0,1.67
신촌마을입구,90202,0,2,0,2,0,0.07
신촌역2호선,13142,1257,8,1257,8,0,42.17
신촌오거리.2호선신촌역,22014,332,3,332,3,0,11.17
신촌오거리.2호선신촌역,23035,715,2261,715,2261,0,99.2
신촌오거리.현대백화점,22013,326,1,326,1,0,10.9
신촌오거리.현대백화점,23034,138,7028,138,7028,0,238.87
신촌초등학교,40098,506,975,506,975,0,49.37
신태양아파트,37406,5560,7650,5560,7650,0,440.33
신태양아파트,37408,7999,3909,7999,3909,0,396.93
신트리공원,40472,2326,2600,2326,2600,0,164.2
신트리공원,40496,3465,4576,3465,4576,0,268.03
신트리공원,40501,2456,1810,2456,1810,0,142.2
신트리도서관,40469,2927,3278,2927,3278,0,206.83
신포동행정복지센터,35153,3429,2149,3429,2149,0,185.93
신포동행정복지센터,35154,1678,3123,1678,3123,0,160.03
신포사거리,35791,63,275,63,275,0,11.27
신포시장,35160,31419,56290,31419,56290,0,2923.63
신포시장,35254,56248,30549,56248,30549,0,2893.23
신포역·인천세관역사공원,35792,419,166,419,166,0,19.5
신포역·인천세관역사공원,35796,31,6,31,6,0,1.23
신포역·인천여자상업고등학교,35149,2066,7768,2066,7768,0,327.8
신포역·인천여자상업고등학교,35150,8067,3255,8067,3255,0,377.4
신포입구,43491,58,27,54,27,4,2.83
신포입구,43842,13,32,13,32,0,1.5
신한빌딩,39901,11195,11200,11195,11200,0,746.5
신한에이엠,89147,1126,32,1126,32,0,38.6
신현119안전센터,42596,9264,12798,9264,12798,0,735.4
신현119안전센터,42600,7603,8306,7603,8306,0,530.3
신현노인회관,43279,67,6,67,6,0,2.43
신현노인회관,43527,53,109,53,109,0,5.4
신현리입구,90062,12,62,12,62,0,2.47
신현북초등학교,42208,3931,1979,3931,1979,0,197
신현북초등학교,42209,1707,3321,1707,3321,0,167.6
신현북초등학교,42210,1724,198,1724,198,0,64.07
신현북초등학교,42211,54,1642,54,1642,0,56.53
신현쇼핑,42217,33257,24652,33257,24652,0,1930.3
신현쇼핑,42220,41506,26270,41506,26270,0,2259.2
신현여자중학교후문,42214,3840,4432,3840,4432,0,275.73
신현여자중학교후문,42680,3284,2611,3284,2611,0,196.5
신현원창동행정복지센터,42206,2204,4361,2204,4361,0,218.83
신현원창동행정복지센터,42207,7122,2138,7122,2138,0,308.67
신현중학교,42205,1085,3706,1085,3706,0,159.7
신현초등학교,42178,1834,1955,1834,1955,0,126.3
신현초등학교,42179,2374,3201,2374,3201,0,185.83
신화빌라,42626,528,416,528,416,0,31.47
신화슈퍼,89314,128,0,121,0,7,4.27
신화슈퍼,89326,11,121,10,121,1,4.4
신흥교통,35501,236,207,236,207,0,14.77
신흥교통입구,35841,1530,1498,1530,1498,0,100.93
신흥동주민자치센터,35789,142,73,142,73,0,7.17
신흥동주민자치센터,35799,51,10,51,10,0,2.03
신흥시장,35145,11376,16087,11376,16087,0,915.43
신흥시장,35146,17646,9436,17646,9436,0,902.73
신흥시장,57002,2835,1165,2835,1165,0,133.33
신흥시장,57004,1854,2902,1854,2902,0,158.53
신흥시장후문,35812,114,38,114,38,0,5.07
신흥시장후문,35813,119,181,119,181,0,10
신흥주민지원센터,57013,3510,2160,3510,2160,0,189
신흥주민지원센터,57014,2107,2906,2107,2906,0,167.1
신흥초등학교,35156,8506,10172,8506,10172,0,622.6
실내게이트볼장(신현중학교),42204,4961,926,4961,926,0,196.23
실미도조개구이,35299,7,46,7,46,0,1.77
실미삼거리,35740,390,74,389,74,1,15.47
실미삼거리,35741,41,265,41,265,0,10.2
실버프리강화앞,43975,22,137,22,137,0,5.3
실버프리강화앞,43976,64,61,64,61,0,4.17
심곡극동아파트,42272,1807,402,1807,402,0,73.63
심곡극동아파트,42273,333,1146,333,1146,0,49.3
심곡도서관,42946,1857,1212,1857,1212,0,102.3
심곡도서관,89223,524,2034,524,2034,0,85.27
심곡동광명아파트,89153,6755,2580,6755,2580,0,311.17
심곡동광명아파트,89154,3257,4870,3257,4870,0,270.9
심곡천(심곡3교),89381,171,211,171,211,0,12.73
심곡천(심곡3교),89382,75,217,75,217,0,9.73
심곡천봉수교,42875,1653,983,1653,983,0,87.87
심곡천봉수교,42951,1945,5629,1945,5629,0,252.47
심곡초등학교(국제성모병원),42288,4587,6249,4587,6249,0,361.2
심곡초등학교(국제성모병원),42290,6294,4707,6294,4707,0,366.7
십리포제2주차장,44110,29,39,29,39,0,2.27
십리포제2주차장,44207,9,0,9,0,0,0.3
십리포해수욕장,44088,46,74,46,74,0,4
십리포해수욕장,44208,72,9,72,9,0,2.7
십정1동행정복지센터,40049,15873,14336,15873,14336,0,1006.97
십정2동행정복지센터,40056,5382,5662,5382,5662,0,368.13
십정동차고지,40913,3499,4998,3499,4998,0,283.23
십정사거리,40029,7206,5417,7206,5417,0,420.77
십정사거리,40033,3031,3645,3031,3645,0,222.53
십정시장입구,40007,48,4596,48,4596,0,154.8
십정시장입구,40008,4020,16,4020,16,0,134.53
십정초등학교(동암의원),40041,1975,1201,1975,1201,0,105.87
십정초등학교(동암의원),40042,635,2765,635,2765,0,113.33
십정초등학교·더샵부평정문,40045,17530,22783,17530,22783,0,1343.77
십정초등학교·더샵부평정문,40048,27982,18903,27982,18903,0,1562.83
쌍마아파트,42112,6150,3130,6150,3130,0,309.33
쌍마아파트,42114,652,2348,652,2348,0,100
쌍용아파트,37179,5574,2418,5574,2418,0,266.4
쌍용아파트,37186,2825,4912,2825,4912,0,257.9
쌍용아파트,37210,655,409,655,409,0,35.47
쌍용아파트,37228,18956,7250,18956,7250,0,873.53
쌍용아파트,37476,12573,22961,12573,22961,0,1184.47
쌍용아파트,38178,1794,756,1794,756,0,85
쌍용아파트,38184,939,1636,939,1636,0,85.83
쌍용아파트,38469,4889,3049,4889,3049,0,264.6
쌍용아파트,41434,1389,4436,1389,4436,0,194.17
쌍용아파트정문,40439,2474,3331,2474,3331,0,193.5
쑥골고가교,37371,4033,2296,4033,2296,0,210.97
쑥골고가교,37372,5787,9341,5787,9341,0,504.27
쑥밭다리,43650,19,2,19,2,0,0.7
쑥밭다리,43683,0,19,0,19,0,0.63
아나지고개,41001,2288,2876,2288,2876,0,172.13
아나지고개,41002,3830,5290,3830,5290,0,304
아라동행정복지센터,42465,13767,8694,13767,8694,0,748.7
아라동행정복지센터,42467,5455,6555,5455,6555,0,400.33
아라동행정복지센터(서부고용센터),89401,1033,3764,1033,3764,0,159.9
아라동행정복지센터(서부고용센터),89402,3895,1225,3895,1225,0,170.67
아라뱃길물류센터,89145,18,748,18,748,0,25.53
아라센트럴파크,89406,1925,2449,1925,2449,0,145.8
아라센트럴파크,89407,2794,3411,2794,3411,0,206.83
아라역1번출구,89609,5271,3667,5271,3667,0,297.93
아라역3번출구,89610,1457,900,1457,900,0,78.57
아라역4번출구,89435,2345,11761,2345,11761,0,470.2
아라역5번출구,89434,9390,3230,9390,3230,0,420.67
아라역6번출구,42454,4827,28631,4827,28631,0,1115.27
아라역7번출구,42697,32148,12829,32148,12829,0,1499.23
아라역8번출구,89432,5580,9542,5580,9542,0,504.07
아름어린이공원,40337,302,607,302,607,0,30.3
아름어린이공원,40339,965,475,965,475,0,48
아모텍,39139,1669,2487,1669,2487,0,138.53
아시아드경기장(공촌사거리)역,42319,3087,7199,3087,7199,0,342.87
아시아드경기장(공촌사거리)역,42320,3021,1996,3021,1996,0,167.23
아시아드대광로제비앙아파트,89257,1071,4752,1071,4752,0,194.1
아시아드대광로제비앙아파트,89258,5992,1862,5992,1862,0,261.8
아암3교사거리,38727,53,372,53,372,0,14.17
아암3교사거리,38728,271,111,271,111,0,12.73
아암물류단지,35285,193,0,193,0,0,6.43
아암물류단지,35590,1,317,1,317,0,10.6
아이즈빌(부평CGV),40595,12424,7049,12424,7049,0,649.1
아이즈빌(부평CGV),40598,8247,13292,8247,13292,0,717.97
아이푸드파크산업단지,89560,868,5,868,5,0,29.1
아이푸드파크산업단지,89561,0,705,0,705,0,23.5
아인스월드,55086,499,1472,499,1472,0,65.7
아주아파트,38047,1716,796,1716,796,0,83.73
아주아파트,38051,6,448,6,448,0,15.13
아주아파트,38301,1297,880,1297,880,0,72.57
아주아파트,38304,2150,1611,2150,1611,0,125.37
아주아파트.미추홀학교,39481,43372,18833,43372,18833,0,2073.5
아주아파트.미추홀학교,39482,20956,27997,20956,27997,0,1631.77
아주아파트410동,41575,489,4,489,4,0,16.43
아침가리마을회관,43287,111,1,110,1,1,3.73
아침가리마을회관,43867,1,58,1,58,0,1.97
아쿠아글로리,42811,335,1,335,1,0,11.2
아트센터인천,38617,82,213,82,213,0,9.83
아트센터인천,38618,13,140,13,140,0,5.1
안골,37503,3,411,3,411,0,13.8
안골,37504,189,2,189,2,0,6.37
안골마을입구,38225,7270,8258,7270,8258,0,517.6
안나룻부리,90493,11,7,11,7,0,0.6
안나룻부리,90494,6,2,6,2,0,0.27
안남고(동보1차아파트),41048,870,806,870,806,0,55.87
안남고등학교,41045,4114,1025,4114,1025,0,171.3
안동포교회,42700,622,80,622,80,0,23.4
안동포교회,42701,54,614,54,614,0,22.27
안동포사거리입구,42765,427,49,427,49,0,15.87
안동포사거리입구,42766,36,1119,36,1119,0,38.5
안산마을,43132,49,5,49,5,0,1.8
안산마을,43138,5,79,5,79,0,2.8
안산초등학교(구계산고교),41425,15473,13843,15473,13843,0,977.2
안양대학교,43177,854,659,854,659,0,50.43
안양대학교,43301,1449,557,1448,557,1,66.87
안풍산업삼거리,89312,107,6,104,6,3,3.77
안풍산업삼거리,89329,0,75,0,75,0,2.5
알앤디써비스,38477,150,1993,150,1993,0,71.43
알앤디써비스,38478,1047,172,1047,172,0,40.63
애관극장,35804,28,107,28,107,0,4.5
애보박물관,39667,8,24,8,24,0,1.07
애보박물관,39671,22,61,22,61,0,2.77
애전마을,43682,34,2,34,2,0,1.2
애전마을,43894,11,14,11,14,0,0.83
애전마을,90075,20,85,20,85,0,3.5
애전마을,90076,45,66,45,66,0,3.7
앰코코리아(블루오션골프클럽),39880,1091,17,1091,17,0,36.93
야곡,43236,62,4,62,4,0,2.2
야곡,43292,1,32,1,32,0,1.1
야촌,43210,18,0,18,0,0,0.6
야촌,43333,2,28,2,28,0,1
약대오거리.내동중학교,57010,732,2903,732,2903,0,121.17
약대오거리.부천시장애인회관,57006,3227,829,3227,829,0,135.2
약대주민지원센터.약대초등학교,55080,784,1930,784,1930,0,90.47
약대주민지원센터.약대초등학교,55088,1846,523,1846,523,0,78.97
약암호텔,80071,435,96,435,96,0,17.7
약암호텔,80072,63,448,63,448,0,17.03
얀센백신,38519,300,5,300,5,0,10.17
얀센백신,38520,0,536,0,536,0,17.87
양갑리마을회관,90283,3,39,3,39,0,1.4
양갑리마을회관,90307,50,1,50,1,0,1.7
양갑리입구,90282,0,8,0,8,0,0.27
양갑리입구,90308,15,3,15,3,0,0.6
양곡도매시장,31037,2387,939,2387,939,0,110.87
양곡버스정류장,80115,143,657,143,657,0,26.67
양곡사거리.양촌터미널,80116,445,126,445,126,0,19.03
양골,43987,15,0,14,0,1,0.5
양골,43989,0,32,0,32,0,1.07
양구(오상1리),43262,4,28,4,28,0,1.07
양구(오상1리),43563,63,3,56,3,7,2.2
양달마을,43910,23,35,23,35,0,1.93
양달마을,43911,5,1,4,1,1,0.2
양도,43074,50,62,49,62,1,3.73
양도,43075,20,32,20,32,0,1.73
양도면사무소(나무),43912,371,239,371,239,0,20.33
양도면사무소(쉘터),43913,456,307,454,307,2,25.43
양도사거리.대림아파트.신안아파트,80076,799,46,799,46,0,28.17
양도사거리.삼용아파트,80077,114,805,114,805,0,30.63
양도초등학교,43329,263,120,262,120,1,12.77
양도초등학교,43568,182,253,182,253,0,14.5
양로원,40111,428,2714,428,2714,0,104.73
양로원,40113,2291,520,2291,520,0,93.7
양사고개,90490,8,7,8,7,0,0.5
양사고개,90491,28,6,28,6,0,1.13
양사면사무소,43501,16,45,16,45,0,2.03
양사면사무소,43658,71,40,71,40,0,3.7
양사우체국,43465,34,11,34,11,0,1.5
양사우체국,43736,33,49,33,49,0,2.73
양사초등학교,43466,83,23,83,23,0,3.53
양사초등학교,43734,35,50,35,50,0,2.83
양사파출소,43722,6,18,6,18,0,0.8
양수장,43592,137,3,137,3,0,4.67
양수장,43781,0,115,0,115,0,3.83
양오1리마을회관,43454,1,79,1,79,0,2.67
양오1리마을회관,43666,77,3,75,3,2,2.67
양오2리경로당,43453,0,65,0,65,0,2.17
양오2리경로당,43625,118,1,116,1,2,3.97
양오2리앞,90049,6,17,6,17,0,0.77
양오2리앞,90486,18,0,17,0,1,0.6
양오리저수지마을,90102,0,21,0,21,0,0.7
양오리저수지마을,90103,86,1,86,1,0,2.9
양오저수지입구,90100,5,33,5,33,0,1.27
양오저수지입구,90101,4,0,4,0,0,0.13
양왕마을,43927,6,4,6,4,0,0.33
양왕마을,43928,8,35,8,35,0,1.43
양재역,31073,20651,5554,20651,5554,0,873.5
양재역.서초문화예술회관(중),31008,4498,5456,4498,5456,0,331.8
양재역.서초문화예술회관(중),31010,2937,972,2937,972,0,130.3
양재역말죽거리.강남베드로병원,23318,1180,292,1180,292,0,49.07
양재역신한은행앞,22999,6,2859,6,2859,0,95.5
양지공원,38133,8087,5572,8087,5572,0,455.3
양지촌,43163,5,14,5,14,0,0.63
양지촌,43342,47,23,47,23,0,2.33
양진말입구,90056,0,0,0,0,0,0
양진말입구,90057,1,45,1,45,0,1.53
양촌중학교,41629,655,922,655,922,0,52.57
양촌중학교,41630,277,373,277,373,0,21.67
양평해장국,44178,0,3,0,3,0,0.1
어두,43206,2,10,2,10,0,0.4
어두,43280,6,0,6,0,0,0.2
어두마을,43155,131,3,130,3,1,4.47
어두마을,43322,6,64,6,64,0,2.33
어류정입구,90175,15,51,15,51,0,2.2
어류정입구,90176,14,12,14,12,0,0.87
어류정입구,90312,5,2,5,2,0,0.23
어류정항,90323,35,11,35,11,0,1.53
어류정항,90400,1,3,1,3,0,0.13
어린이집앞,43402,171,0,171,0,0,5.7
어린이집앞,43585,9,195,9,195,0,6.8
에덴하우스,42788,663,2113,663,2113,0,92.53
에몬스가구,39023,3605,4889,3605,4889,0,283.13
에몬스가구,39024,5652,2837,5652,2837,0,282.97
에스틸,89232,259,288,259,288,0,18.23
에이에프티,39110,1062,2952,1062,2952,0,133.8
에코메트로10단지,39728,703,213,703,213,0,30.53
에코메트로10단지,39736,90,532,90,532,0,20.73
에코메트로11단지,39652,2796,5231,2796,5231,0,267.57
에코메트로11단지후문,39701,771,2156,771,2156,0,97.57
에코메트로12단지,39651,3957,2524,3957,2524,0,216.03
에코메트로12단지,39653,65,787,65,787,0,28.4
에코메트로12단지정문,39650,193,153,193,153,0,11.53
에코메트로5단지,92076,114,216,114,216,0,11
에코메트로5단지·논현센트럴뷰,39779,729,1209,729,1209,0,64.6
에코메트로6단지,39716,3400,202,3400,202,0,120.07
에코메트로6단지,39758,71,996,71,996,0,35.57
에코메트로7단지,39714,9512,5095,9512,5095,0,486.9
에코메트로7단지,39715,5935,7589,5935,7589,0,450.8
에코메트로9단지,39750,6297,1310,6297,1310,0,253.57
에코메트로9단지,39752,2444,4275,2444,4275,0,223.97
에코메트로더타워,39711,107,665,107,665,0,25.73
에코크레이션,89449,684,8,684,8,0,23.07
에코크레이션,89450,46,328,46,328,0,12.47
엑스포빌리지10단지,38460,2845,1619,2845,1619,0,148.8
엑스포빌리지9단지,38482,2876,6987,2876,6987,0,328.77
엑슬루타워,37187,4567,9950,4567,9950,0,483.9
엑슬루타워,42836,3726,11378,3726,11378,0,503.47
엘리지안타운,42394,1495,1635,1495,1635,0,104.33
엘아이지식산업센터,39944,447,1109,447,1109,0,51.87
엘아이지식산업센터(맞은편),92029,699,251,699,251,0,31.67
엘지슈퍼,39457,1573,2160,1573,2160,0,124.43
엠파크타워,42025,5654,5704,5654,5704,0,378.6
엠파크타워,42026,6269,6379,6269,6379,0,421.6
여고입구,90232,613,826,605,826,8,47.97
여고입구,90233,1981,935,1980,935,1,97.2
여성의광장,38084,7165,5130,7165,5130,0,409.83
여성의광장,38085,6014,7767,6014,7767,0,459.37
여우고개,43980,57,94,57,94,0,5.03
여우고개,43981,73,76,73,76,0,4.97
여우별펜션,44142,2,4,2,4,0,0.2
여우별펜션,44179,9,3,9,3,0,0.4
여우재,35147,314,252,314,252,0,18.87
여의도공원1번출입구,19152,137,5,137,5,0,4.73
여의도역3번출구,19290,357,6,357,6,0,12.1
여의도역5번출구,19156,504,5013,504,5013,0,183.9
여의도역6번출구,19155,2966,20,2966,20,0,99.53
여의도환승센터,19007,63,2059,63,2059,0,70.73
여의도환승센터,19017,334,1003,334,1003,0,44.57
여차리,43424,19,31,18,31,1,1.67
여차리,43472,50,36,50,36,0,2.87
여차리회관,43505,25,17,25,17,0,1.4
여차리회관,43525,19,17,19,17,0,1.2
역삼럭키아파트,23488,193,111,193,111,0,10.13
역삼역.포스코타워역삼,23288,2154,1792,2154,1792,0,131.53
연락골,39662,9,539,9,539,0,18.27
연락골,39665,382,26,382,26,0,13.6
연리보건지소앞,90438,13,46,13,46,0,1.97
연리연화마을앞,90467,4,34,4,34,0,1.27
연리입구,43267,60,0,60,0,0,2
연리입구,43614,10,119,10,119,0,4.3
연리정미소,90441,6,62,6,62,0,2.27
연미고개,43198,1,87,1,87,0,2.93
연미고개,43711,86,1,85,1,1,2.9
연미정,43193,122,0,121,0,1,4.07
연미정,43621,0,94,0,94,0,3.13
연성교회,37278,5253,4642,5253,4642,0,329.83
연세농장,39851,137,7,137,7,0,4.8
연세대,39725,8532,16205,8532,16205,0,824.57
연세대,39861,15064,6263,15064,6263,0,710.9
연세대송도캠퍼스입구,38489,8099,4832,8099,4832,0,431.03
연세대앞,22022,1,24,1,24,0,0.83
연세대학교앞,22058,6048,624,6048,624,0,222.4
연수1동행정복지센터,38248,295,589,295,589,0,29.47
연수1동행정복지센터,38251,1388,1149,1388,1149,0,84.57
연수1차아파트,38187,6247,3375,6247,3375,0,320.73
연수2차아파트,38195,715,1451,715,1451,0,72.2
연수3동행정복지센터,38262,1671,723,1671,723,0,79.8
연수경찰서,38111,3507,2708,3507,2708,0,207.17
연수고등학교,38104,959,2907,959,2907,0,128.87
연수구청,38089,10840,5200,10840,5200,0,534.67
연수구청,38093,4598,12793,4598,12793,0,579.7
연수구청입구,38095,6362,5148,6362,5148,0,383.67
연수구청제2청사,39975,1805,1044,1805,1044,0,94.97
연수구청제2청사,39976,192,2721,192,2721,0,97.1
연수꿈담도서관,38103,8945,5906,8945,5906,0,495.03
연수대동아파트,38128,6940,11969,6940,11969,0,630.3
연수병원,38296,5176,2636,5176,2636,0,260.4
연수여자고등학교,38092,3155,3799,3155,3799,0,231.8
연수역,38506,2245,2536,2245,2536,0,159.37
연수역,38507,1397,1858,1397,1858,0,108.5
연수역북측입구,38572,1309,2146,1309,2146,0,115.17
연수역북측입구,38573,2019,2115,2019,2115,0,137.8
연수우체국,38280,7464,4787,7464,4787,0,408.37
연수우체국,38314,2579,1213,2579,1213,0,126.4
연수주공3차아파트,38188,4402,4909,4402,4909,0,310.37
연수중학교,38194,1992,1503,1992,1503,0,116.5
연수중학교,38196,982,1079,982,1079,0,68.7
연수초등학교,38290,11338,10166,11338,10166,0,716.8
연수초등학교,38293,4364,4011,4364,4011,0,279.17
연수한양1차아파트,38091,2777,5688,2777,5688,0,282.17
연안동행정복지센터(인천종합어시장),35063,212,12195,212,12195,0,413.57
연안부두(신선초등학교),35097,1269,3300,1269,3300,0,152.3
연안부두로삼거리,35754,11,839,11,839,0,28.33
연안부두바다쉼터,35049,891,20,891,20,0,30.37
연안부두어시장,35071,76,8814,76,8814,0,296.33
연안부두어시장,35072,9318,194,9318,194,0,317.07
연안아파트,35075,12233,1993,12233,1993,0,474.2
연안아파트,35076,1361,12677,1361,12677,0,467.93
연안여객터미널,35057,9681,67,9681,67,0,324.93
연안여객터미널,35061,64,7369,64,7369,0,247.77
연안여객터미널,90115,67,59,65,59,2,4.2
연안여객터미널,90116,22,57,22,57,0,2.63
연안여객터미널입구,35068,3397,79,3397,79,0,115.87
연안여객터미널제2주차장,35051,20,1838,20,1838,0,61.93
연안여객터미널제2주차장,35052,1833,8,1833,8,0,61.37
연안초등학교,35064,16264,236,16264,236,0,550
연안초등학교,35067,175,12569,175,12569,0,424.8
연학초등학교,37137,7689,2074,7689,2074,0,325.43
연학초등학교,37138,1586,7551,1586,7551,0,304.57
연합의원,42186,4200,1860,4200,1860,0,202
연화중학교,38117,2969,3319,2969,3319,0,209.6
연화촌,90440,2,5,2,5,0,0.23
연흥아파트,37567,2902,4745,2902,4745,0,254.9
연흥아파트,37568,2527,5659,2527,5659,0,272.87
연희공원,42950,116,324,116,324,0,14.67
연희동광명아파트(사계절썰매장),42314,1312,1737,1312,1737,0,101.63
연희동광명아파트(사계절썰매장),42599,1221,1847,1221,1847,0,102.27
연희동행정복지센터,42311,1009,1724,1009,1724,0,91.1
연희동행정복지센터,42312,1561,1421,1561,1421,0,99.4
열우물사거리,40052,16,250,16,250,0,8.87
열우물전통시장,40028,412,2299,412,2299,0,90.37
열우물전통시장,40030,1969,529,1969,529,0,83.27
열우물전통시장입구,40036,2333,479,2333,479,0,93.73
열우물전통시장입구,40038,497,3925,497,3925,0,147.4
열우물테니스경기장,40053,3421,3973,3421,3973,0,246.47
열우물테니스경기장,40054,783,1108,783,1108,0,63.03
열우물테니스경기장,40063,467,1217,467,1217,0,56.13
열우물테니스경기장,40064,387,815,387,815,0,40.07
열우물테니스경기장,42023,4365,4153,4365,4153,0,283.93
열우물테니스경기장·축산물시장,42024,2956,3183,2956,3183,0,204.63
염골근린공원,39119,1537,3981,1537,3981,0,183.93
염골근린공원,39123,3338,1369,3338,1369,0,156.9
염전공원,37681,2570,247,2570,247,0,93.9
염창역.서울도시가스(중),16001,3146,101,3146,101,0,108.23
염창역.서울도시가스(중),16002,180,2954,180,2954,0,104.47
영골,43954,12,1,12,1,0,0.43
영골,43955,405,249,405,249,0,21.8
영남1단지.고합아파트,70164,341,234,341,234,0,19.17
영남아파트,37060,4341,3891,4341,3891,0,274.4
영남아파트,37063,5502,4890,5502,4890,0,346.4
영남아파트,38203,2362,1378,2362,1378,0,124.67
영남아파트,38205,980,2846,980,2846,0,127.53
영등포세무서.선유고등학교,28017,15964,524,15964,524,0,549.6
영등포세무서.선유고등학교,28018,684,18014,684,18014,0,623.27
영림몰딩도어,39943,162,247,162,247,0,13.63
영림산업,39028,901,4234,901,4234,0,171.17
영림임업,39026,1605,4175,1605,4175,0,192.67
영사목장앞,90390,2,15,2,15,0,0.57
영사목장앞,90391,4,4,4,4,0,0.27
영선고등학교,40853,0,872,0,872,0,29.07
영신군이이묘,41123,4827,4375,4827,4375,0,306.73
영은교회,43037,79,55,79,55,0,4.47
영은교회,43139,24,103,24,103,0,4.23
영은슈퍼,89052,219,1497,219,1497,0,57.2
영은슈퍼,89064,1508,248,1508,248,0,58.53
영음교회.효성해링턴플레이스,41422,3963,717,3963,717,0,156
영종2동행정복지센터,35905,1426,552,1426,552,0,65.93
영종2동행정복지센터,35906,1999,2010,1999,2010,0,133.63
영종KCC스위첸.한양수자인,35449,418,3778,418,3778,0,139.87
영종KCC스위첸옆문,35755,1882,10205,1882,10205,0,402.9
영종LH2단지,35483,4279,4102,4279,4102,0,279.37
영종LH67단지,35873,3454,2458,3454,2458,0,197.07
영종LH아파트입구,35390,361,900,361,900,0,42.03
영종e편한세상센텀베뉴·센트럴푸르지오자이,35660,6466,4717,6466,4717,0,372.77
영종e편한세상센텀베뉴·화성파크드림2차,35886,4330,4616,4330,4616,0,298.2
영종고등학교,35493,3888,3534,3888,3534,0,247.4
영종고등학교,35496,3462,3243,3462,3243,0,223.5
영종공원묘지입구,35626,8,86,8,86,0,3.13
영종공원묘지입구,35627,5,14,5,14,0,0.63
영종교회,35306,425,408,425,408,0,27.77
영종교회,35545,504,463,504,463,0,32.23
영종국제도시수자인,35891,1112,3111,1112,3111,0,140.77
영종국제병원,35881,889,2361,889,2361,0,108.33
영종대교휴게소,42942,4,117,4,117,0,4.03
영종대교휴게소,42943,122,11,122,11,0,4.43
영종동행정복지센터,35672,169,213,169,213,0,12.73
영종동행정복지센터,35673,41,50,41,50,0,3.03
영종동행정복지센터사거리,35930,2,104,2,104,0,3.53
영종동행정복지센터사거리,35931,8,12,8,12,0,0.67
영종물류고등학교·영종자이아파트,35314,5418,4002,5418,4002,0,314
영종물류고등학교앞·영종자이아파트,35307,4684,4325,4683,4325,1,300.3
영종버스공영차고지,35837,92,6,92,6,0,3.27
영종버스공영차고지,35838,0,94,0,94,0,3.13
영종베르힐스카이시티,35913,862,481,860,481,2,44.77
영종베르힐스카이시티,35914,457,730,457,730,0,39.57
영종복합문화센터,35945,229,99,229,99,0,10.93
영종복합문화센터,35946,53,392,53,392,0,14.83
영종복합문화센터·베르힐정문,35920,4401,5446,4401,5446,0,328.23
영종복합문화센터·제일풍경채정문,35921,6673,3645,6667,3645,6,343.93
영종블루오션,35819,272,187,272,187,0,15.3
영종블루오션,35820,191,227,191,227,0,13.93
영종블루오션2차,35876,5420,2572,5420,2572,0,266.4
영종블루오션2차,35877,2915,5150,2915,5150,0,268.83
영종서희스타힐스옆문,35756,11021,1215,11021,1215,0,407.87
영종서희스타힐스정문,35462,6608,1612,6608,1612,0,274
영종선착장입구,35833,6736,4741,6736,4741,0,382.57
영종성당.정도사,35850,17,129,17,129,0,4.87
영종성당.정도사,35851,5,33,5,33,0,1.27
영종센트럴푸르지오자이·e편한세상센텀베뉴,35661,7078,5634,7078,5634,0,423.73
영종소방서,35765,11,64,11,64,0,2.5
영종아레나,35830,956,52,956,52,0,33.6
영종아레나,35831,33,826,33,826,0,28.63
영종역(2번출구),35870,27,3997,26,3997,1,134.13
영종역(운북차고지·청라방향),35567,8483,60501,8473,60501,10,2299.47
영종역(하늘도시·전소방향),35566,78870,6141,78865,6141,5,2833.7
영종역사관,35624,198,228,198,228,0,14.2
영종역사관,35625,168,234,168,234,0,13.4
영종유승한내들스카이스테이,35759,2132,701,2132,701,0,94.43
영종유승한내들스카이스테이,35760,875,1301,875,1301,0,72.53
영종자이아파트,35835,171,120,171,120,0,9.7
영종자이아파트,35836,489,248,489,248,0,24.57
영종장로교회,35580,8,57,8,57,0,2.17
영종장로교회,35581,23,17,23,17,0,1.33
영종주공7단지,35111,1076,2092,1076,2092,0,105.6
영종주야간보호센터,35854,22,36,22,36,0,1.93
영종주야간보호센터,35855,24,6,24,6,0,1
영종중학교,35463,1432,3365,1432,3365,0,159.9
영종중학교,35464,8500,1224,8496,1224,4,324.13
영종진공원,35276,1507,783,1507,783,0,76.33
영종진공원,35279,418,2485,418,2485,0,96.77
영종풍림아이원1차,35110,24,281,24,281,0,10.17
영종하늘도서관,35585,1164,1784,1164,1784,0,98.27
영종하늘도서관,35586,1580,1155,1579,1155,1,91.17
영종하늘체육공원,35918,978,2008,978,2008,0,99.53
영종하늘체육공원,35919,1774,1196,1774,1196,0,99
영종화성파크드림2차·e편한세상센텀베뉴,35885,3795,3238,3795,3238,0,234.43
영종힐스테이트(904동),35880,413,1195,413,1195,0,53.6
영진아파트,40551,92,552,92,552,0,21.47
영창한의원,40452,7238,6403,7238,6403,0,454.7
영풍아파트,36040,9541,2777,9541,2777,0,410.6
영풍아파트,39546,87,373,87,373,0,15.33
영흥감리교회입구,44201,23,31,23,31,0,1.8
영흥공립어린이집,44205,14,21,14,21,0,1.17
영흥몰베이크커피,44144,10,16,10,16,0,0.87
영흥버스터미널,44004,4980,4133,4980,4133,0,303.77
영흥버스터미널,44116,1364,1034,1364,1034,0,79.93
영흥성당입구,44145,2,35,2,35,0,1.23
영흥수협공판장입구,44009,562,3,562,3,0,18.83
영흥수협공판장입구,44010,0,858,0,858,0,28.6
영흥우체국,44107,18,0,18,0,0,0.6
영흥우체국,44183,4,19,4,19,0,0.77
영흥종합운동장앞,44120,20,28,20,28,0,1.6
영흥종합운동장앞,44192,6,11,6,11,0,0.57
영흥초교입구,44101,16,0,16,0,0,0.53
영흥초교입구,44184,2,49,2,49,0,1.7
영흥칼국수,44136,1,3,1,3,0,0.13
영흥플로레도커피,44185,2,14,2,14,0,0.53
예단포,35319,120,377,118,377,2,16.57
예단포,35395,440,82,440,82,0,17.4
예단포물양장,35622,158,29,158,29,0,6.23
예단포물양장,35623,10,88,10,88,0,3.27
예드림빌라입구,35546,25,35,25,35,0,2
예드림빌라입구,35547,34,36,34,36,0,2.33
예림임업,39053,35,498,35,498,0,17.77
예림임업,39054,223,153,223,153,0,12.53
예비군교육장,41272,761,1190,761,1190,0,65.03
예비군교육장,41273,2057,3955,2057,3955,0,200.4
예비군교육장입구,90010,62,2,62,2,0,2.13
예비군교육장입구,90011,2,55,2,55,0,1.9
예비군훈련장,43201,197,21,197,21,0,7.27
예비군훈련장,43315,15,200,15,200,0,7.17
예송중학교,38592,3317,2526,3317,2526,0,194.77
예송중학교,38593,3570,4694,3570,4694,0,275.47
예술회관사거리,37254,2522,5537,2522,5537,0,268.63
예술회관역,39206,3723,10708,3723,10708,0,481.03
예술회관역(4번출구),39207,5781,5803,5781,5803,0,386.13
예원앞,41499,53,80,53,80,0,4.43
예원앞,41515,3,0,3,0,0,0.1
옐림교회,40854,5907,6369,5907,6369,0,409.2
옐림교회앞,35684,141,61,141,61,0,6.73
옐림교회앞,35694,74,155,74,155,0,7.63
오공본드,39108,4610,3247,4610,3247,0,261.9
오관물입구,35860,7,4,7,4,0,0.37
오두돈대,43361,87,8,87,8,0,3.17
오두돈대,43536,16,60,16,60,0,2.53
오두리(넙성입구),43638,8,5,8,5,0,0.43
오두리(넙성입구),43675,10,74,10,74,0,2.8
오두리종점,43137,132,29,132,29,0,5.37
오두리종점,43529,16,90,16,90,0,3.53
오두마을입구,43557,2,1,2,1,0,0.1
오두마을입구,43647,0,8,0,8,0,0.27
오라니마을,80360,70,114,70,114,0,6.13
오류골,43013,273,116,273,116,0,12.97
오류골,43014,38,226,38,226,0,8.8
오류내,43389,34,415,31,415,3,14.97
오류내,43757,494,51,486,51,8,18.17
오류동마을,41353,817,737,817,737,0,51.8
오류동마을,41354,708,1361,708,1361,0,68.97
오류동역입구,89058,2,48,2,48,0,1.67
오류동역입구,89066,61,463,61,463,0,17.47
오류왕길동행정복지센터입구,89573,243,114,243,114,0,11.9
오류왕길동행정복지센터입구,89574,51,411,51,411,0,15.4
오리정,80125,742,150,742,150,0,29.73
오리정,80126,106,610,106,610,0,23.87
오상리고인들,43265,33,24,33,24,0,1.9
오상리고인들,43379,20,57,20,57,0,2.57
오상입구,43119,26,2,26,2,0,0.93
오상입구,43120,1,16,1,16,0,0.57
오상입구,43390,2,70,2,70,0,2.4
오상입구,43565,40,10,40,10,0,1.67
오성교회,43555,19,6,19,6,0,0.83
오성교회,43853,7,18,7,18,0,0.83
오성아파트,40480,6951,2052,6951,2052,0,300.1
오성아파트,40487,1794,5115,1794,5115,0,230.3
오성아파트,40493,436,1735,436,1735,0,72.37
오성아파트,40721,272,697,272,697,0,32.3
오성정밀,39490,283,577,283,577,0,28.67
오션포레베네스트하우스,35909,3917,81,3917,81,0,133.27
오션포레베네스트하우스,35910,140,3030,140,3030,0,105.67
오션포레베네스트하우스102동,35934,1585,104,1585,104,0,56.3
오션포레베네스트하우스102동,35935,127,1485,127,1485,0,53.73
오스템임플란트,39996,39,944,39,944,0,32.77
오이도역,70031,1168,6212,1168,6212,0,246
오이도역,70032,5677,871,5677,871,0,218.27
오정휴먼시아(중),57044,772,4978,772,4978,0,191.67
오정휴먼시아(중),57045,4664,357,4664,357,0,167.37
오조산공원,41246,2108,1254,2108,1254,0,112.07
오조산공원,41249,3654,4032,3654,4032,0,256.2
오조산공원,41621,13,492,13,492,0,16.83
옥골.옥토끼우주센터,43033,216,199,216,199,0,13.83
옥골.옥토끼우주센터,43561,149,102,149,102,0,8.37
옥골사거리,38731,417,4059,417,4059,0,149.2
옥골사거리,38732,376,240,376,240,0,20.53
옥금말,43952,98,19,89,19,9,3.9
옥금말,43953,3,85,3,85,0,2.93
옥련1동행정복지센터,38217,9089,4953,9089,4953,0,468.07
옥련2동행정복지센터(옥련우체국),38450,1927,154,1927,154,0,69.37
옥련2동행정복지센터(옥련우체국),38451,402,1642,402,1642,0,68.13
옥련고개,38212,2060,4292,2060,4292,0,211.73
옥련고개,38219,1283,1585,1283,1585,0,95.6
옥련동성당,38330,938,2468,938,2468,0,113.53
옥련사거리,38170,1343,1578,1343,1578,0,97.37
옥련사거리,38171,2407,3823,2407,3823,0,207.67
옥련여고입구,38271,3967,730,3967,730,0,156.57
옥련여고입구,38273,1056,2539,1056,2539,0,119.83
옥련중학교,38470,2755,4517,2755,4517,0,242.4
옥련지구대,38223,1068,5378,1068,5378,0,214.87
옥련초등학교,38146,4654,5403,4654,5403,0,335.23
옥림교회,43202,81,0,81,0,0,2.7
옥림교회,43716,0,82,0,82,0,2.73
옥림슈퍼,43205,306,4,306,4,0,10.33
옥림슈퍼,43720,7,58,7,58,0,2.17
옥림에덴,90418,6,91,6,91,0,3.23
옥림에덴,90419,34,0,33,0,1,1.13
온누리병원,42425,478,1304,478,1304,0,59.4
온수교차로,90231,1,93,1,93,0,3.13
온수리,43018,3965,1997,3956,1997,9,198.73
온수리,43020,2743,3271,2728,3271,15,200.47
온수시장,43019,55,45,55,45,0,3.33
온수시장,43095,12,278,12,278,0,9.67
올리브백화점,39359,3174,1758,3174,1758,0,164.4
올리브백화점,39363,2040,1702,2040,1702,0,124.73
올리브백화점,39364,13160,13284,13160,13284,0,881.47
올리브백화점,39589,15687,17779,15687,17779,0,1115.53
올리브백화점,39746,13588,18533,13588,18533,0,1070.7
올리브백화점,39747,22052,23929,22052,23929,0,1532.7
올림픽공원,39209,3249,4180,3249,4180,0,247.63
올림픽공원,39210,321,690,321,690,0,33.7
올림픽생활기념관,39349,6654,6305,6654,6305,0,431.97
옹장골,43171,11,51,11,51,0,2.07
옹장골,43230,88,1,88,1,0,2.97
옹진군가족센터,44137,6,34,6,34,0,1.33
옹진군청,37019,1214,2506,1214,2506,0,124
옹진군청,37020,3033,881,3033,881,0,130.47
완정공단입구,42409,5450,3638,5450,3638,0,302.93
완정사거리,42561,27710,8092,27710,8092,0,1193.4
완정사거리,42562,262,2807,262,2807,0,102.3
완정사거리,89615,2428,385,2428,385,0,93.77
완정역,42673,12889,42058,12889,42058,0,1831.57
완정역4번출구,42674,11738,16637,11738,16637,0,945.83
완정초등학교.검단도서관,42414,3399,4709,3399,4709,0,270.27
완정초등학교.검단도서관,42415,3551,5170,3551,5170,0,290.7
왕궁가든,41289,2053,2672,2053,2672,0,157.5
왕궁가든,41291,2149,4088,2149,4088,0,207.9
왕길고가,42551,909,6,909,6,0,30.5
왕길고가,42552,16,1007,16,1007,0,34.1
왕길동,42386,44,381,44,381,0,14.17
왕길동,42387,219,216,219,216,0,14.5
왕길동(기점),42699,714,28,714,28,0,24.73
왕길동종점,42594,1,662,1,662,0,22.1
왕길역로열파크씨티(북측),89577,818,120,818,120,0,31.27
왕길역로열파크씨티(북측),89578,58,1001,58,1001,0,35.3
왕길역로열파크씨티푸르지오,89564,203,159,203,159,0,12.07
왕길역로열파크씨티푸르지오,89565,16,216,16,216,0,7.73
왕리물,90098,0,16,0,16,0,0.53
왕리물,90099,1,1,1,1,0,0.07
왕산골,35490,77,287,77,287,0,12.13
왕산골,35491,285,50,285,50,0,11.17
왕산교,35632,23,3,23,3,0,0.87
왕산교,35633,1,50,1,50,0,1.7
왕산차고지,35403,987,282,987,282,0,42.3
왕산차고지,35720,217,96,217,96,0,10.43
왕산해수욕장(왕산요트경기장),35020,944,242,944,242,0,39.53
왕산해수욕장(왕산요트경기장),35021,264,962,264,962,0,40.87
외1리마을회관앞,44096,8,50,8,50,0,1.93
외1리소장골,44133,23,45,23,45,0,2.27
외뜰,43687,3,5,3,5,0,0.27
외뜰,43745,5,8,5,8,0,0.43
외리보건지소앞,44095,13,22,13,22,0,1.17
외주,43181,100,11,100,11,0,3.7
외주,43241,7,102,7,102,0,3.63
외포1리,43283,9,128,9,128,0,4.57
외포고개,43244,92,38,91,38,1,4.33
외포고개,43366,1,66,1,66,0,2.23
외포리,43556,1695,1536,1679,1536,16,107.7
외포리(싱싱마트),90376,53,67,53,67,0,4
외포리(하나로마트),90387,3,191,3,191,0,6.47
외포리(하나로마트),90388,150,39,146,39,4,6.3
외포리소공원,90127,16,10,15,10,1,0.87
외포리소공원,90128,13,55,13,55,0,2.27
외포리정미소,43240,121,3,121,3,0,4.13
외포삼거리,43110,442,166,437,166,5,20.27
외포삼거리,43285,33,150,33,150,0,6.1
요곡,43655,94,117,91,117,3,7.03
요곡,43762,88,62,88,62,0,5
요골,43590,78,0,78,0,0,2.6
요골,43780,0,57,0,57,0,1.9
용갈비,40338,145,2981,145,2981,0,104.2
용구물길,90385,0,46,0,46,0,1.53
용구물길,90386,40,0,40,0,0,1.33
용궁사입구,35578,307,857,307,857,0,38.8
용궁사입구,35579,860,111,857,111,3,32.37
용남시장,37232,15594,14273,15594,14273,0,995.57
용남시장,37236,17914,17999,17914,17999,0,1197.1
용담공원,38172,1383,2513,1383,2513,0,129.87
용담공원,38177,2780,1341,2780,1341,0,137.37
용담마을,38191,4282,5850,4282,5850,0,337.73
용담마을,38192,5516,3201,5516,3201,0,290.57
용당사터,43537,91,10,87,10,4,3.37
용당사터,43677,4,73,4,73,0,2.57
용유동행정복지센터,35017,83,35,83,35,0,3.93
용유동행정복지센터,35211,34,130,34,130,0,5.47
용유동행정복지센터,35411,208,534,208,534,0,24.73
용유동행정복지센터,35412,574,171,574,171,0,24.83
용유역,35433,359,1038,359,1038,0,46.57
용유초등학교,35022,239,68,239,68,0,10.23
용유초등학교,35023,124,282,122,282,2,13.53
용유초등학교,35409,85,672,85,672,0,25.23
용유초등학교삼거리,35410,501,75,501,75,0,19.2
용일사거리,37208,31907,25746,31907,25746,0,1921.77
용일사거리,37218,29858,31424,29858,31424,0,2042.73
용일사거리북측,37251,1381,1441,1381,1441,0,94.07
용일초등학교,37233,12837,8063,12837,8063,0,696.67
용일초등학교,37237,7826,16577,7826,16577,0,813.43
용정리사거리,43721,0,140,0,140,0,4.67
용정마을회관,43370,0,34,0,34,0,1.13
용정마을회관,43615,259,1,259,1,0,8.67
용정초등학교,37297,1485,885,1485,885,0,79
용정초등학교,37299,748,2134,748,2134,0,96.07
용진주택,43084,345,1817,344,1817,1,72.07
용진주택,43085,940,84,939,84,1,34.13
용진진,43639,69,51,69,51,0,4
용진진,43678,24,9,24,9,0,1.1
용현2동행정복지센터,37653,2246,284,2246,284,0,84.33
용현2동행정복지센터,37654,538,3032,538,3032,0,119
용현3동행정복지센터.보훈병원,37221,24931,17936,24931,17936,0,1428.9
용현3동행정복지센터.보훈병원,37224,12430,16064,12430,16064,0,949.8
용현고가교,37550,182,2766,182,2766,0,98.27
용현고가교,37611,13214,1847,13214,1847,0,502.03
용현고개·용현자이크레스트,37178,9271,10390,9271,10390,0,655.37
용현고개·용현자이크레스트,37497,10134,9547,10134,9547,0,656.03
용현동농협,37117,613,3135,613,3135,0,124.93
용현동성원상떼빌아파트,37546,95,790,95,790,0,29.5
용현사거리,37212,3268,2381,3268,2381,0,188.3
용현사거리,37213,1953,4269,1953,4269,0,207.4
용현시장,37227,24312,28942,24312,28942,0,1775.13
용현시장,37230,26617,16829,26617,16829,0,1448.2
용현시장,37268,5404,3509,5404,3509,0,297.1
용현시장,37270,4073,5586,4073,5586,0,321.97
용현엘크루윈드포레,37220,9007,4505,9007,4505,0,450.4
용현엘크루윈드포레,37642,4494,9052,4494,9052,0,451.53
용현엘크루윈드포레,37646,3281,433,3281,433,0,123.8
용현중학교,37021,3623,588,3623,588,0,140.37
용현중학교,37028,701,2694,701,2694,0,113.17
용현초등학교입구,37128,10310,3813,10310,3813,0,470.77
용현초등학교입구,37134,6458,16357,6458,16357,0,760.5
용화사(길상낚시터),90077,23,46,23,46,0,2.3
용화사(길상낚시터),90080,80,58,80,58,0,4.6
용흥궁공원,90482,11,9,11,9,0,0.67
용흥궁공원,90483,0,32,0,32,0,1.07
우뢰촌,43425,76,53,75,53,1,4.3
우뢰촌,43792,98,86,97,86,1,6.13
우리마을앞,90457,8,1,8,1,0,0.3
우리마을앞,90475,0,10,0,10,0,0.33
우리자동차,35223,809,156,809,156,0,32.17
우림라이온스밸리,40592,437,6353,437,6353,0,226.33
우림라이온스밸리,40594,11103,1472,11103,1472,0,419.17
우림필유아파트,42924,3361,1599,3361,1599,0,165.33
우림필유아파트,42925,1132,2648,1132,2648,0,126
우물골,43929,29,50,29,50,0,2.63
우물골,43930,23,57,23,57,0,2.67
우미린1단지정문,35584,2740,3656,2739,3656,1,213.2
우미린1단지후문,35461,3274,8429,3274,8429,0,390.1
우미린2단지정문,35512,5450,1016,5448,1016,2,215.53
우미린2단지정문,35513,1175,5983,1175,5983,0,238.6
우미린2단지후문,35454,5241,1273,5241,1273,0,217.13
우미린더시그니처(후문),89443,988,1648,988,1648,0,87.87
우성1차아파트,38094,5106,5376,5106,5376,0,349.4
우성1차아파트,39834,355,19,355,19,0,12.47
우성2차아파트(옥련동),38356,2940,913,2940,913,0,128.43
우성2차아파트·원인재역(4번출구),38150,3614,7002,3614,7002,0,353.87
우성4차,40185,6433,105,6433,105,0,217.93
우성4차,40187,100,5717,100,5717,0,193.9
우성4차후문,40730,21,2370,21,2370,0,79.7
우성4차후문,40731,2472,30,2472,30,0,83.4
우성아파트,38143,5784,2487,5784,2487,0,275.7
우성아파트,38357,1170,2390,1170,2390,0,118.67
우성아파트,40341,487,1796,487,1796,0,76.1
우성아파트,42717,3540,5383,3540,5383,0,297.43
우성아파트,42718,3028,3618,3028,3618,0,221.53
우성아파트.은행교회,70026,538,32,538,32,0,19
우저서원(대성주유소),35214,120,110,120,110,0,7.67
우저서원(대성주유소),35215,42,544,42,544,0,19.53
우정아파트,37675,150,329,150,329,0,15.97
우주골드타운빌라,40863,873,1404,873,1404,0,75.9
우주골드타운빌라,40864,402,977,402,977,0,45.97
우주아파트·인천생활과학고등학교,38252,7037,8750,7037,8750,0,526.23
우진3차아파트,37697,57,1058,57,1058,0,37.17
우진기계,89106,90,331,90,331,0,14.03
우체국사거리,39694,1265,1977,1265,1977,0,108.07
우체국사거리,39695,2093,858,2093,858,0,98.37
우체국사거리,39704,2744,2470,2744,2470,0,173.8
욱일아파트후문,40877,1836,2390,1836,2390,0,140.87
운남교차로,35435,72,177,72,177,0,8.3
운남교차로,35444,207,190,207,190,0,13.23
운남교차로,35524,85,50,85,50,0,4.5
운남교차로,35582,40,48,40,48,0,2.93
운남교차로.잔다리,35595,630,391,630,391,0,34.03
운남교차로.잔다리,35596,386,820,386,820,0,40.2
운남교차로입구,35839,6,11,6,11,0,0.57
운남교차로입구,35840,8,20,8,20,0,0.93
운남동,35268,758,365,758,365,0,37.43
운남동,35281,396,275,396,275,0,22.37
운남동우체국,35848,543,400,543,400,0,31.43
운남동우체국,35849,403,1415,403,1415,0,60.6
운남초교사거리,35706,54,150,54,150,0,6.8
운남초교사거리,35707,620,420,620,420,0,34.67
운북공영차고지,35779,404,1,404,1,0,13.5
운북공영차고지,35783,0,300,0,300,0,10
운서2동행정복지센터,35599,2870,4392,2870,4392,0,242.07
운서2동행정복지센터,35600,3441,4470,3441,4470,0,263.7
운서2차SKVIEW스카이시티,35882,5151,2088,5150,2088,1,241.3
운서2차SKVIEW스카이시티,35883,2480,5062,2480,5062,0,251.4
운서SKVIEW·세계로향하는교회,35781,721,414,721,414,0,37.83
운서SKVIEW스카이시티,35780,597,879,597,879,0,49.2
운서SKVIEW스카이시티후문,35495,4494,6094,4494,6094,0,352.93
운서역,35242,37711,19036,37702,19036,9,1891.57
운서역,35257,11401,24204,11400,24204,1,1186.83
운서역(남동측),35775,463,619,463,619,0,36.07
운서역(남동측),35776,784,989,784,989,0,59.1
운서역(하워드존슨호텔),35747,6476,5191,6476,5191,0,388.9
운서역금강펜테리움아파트,35482,4992,2452,4992,2452,0,248.13
운서역반도유보라,35878,2845,3049,2845,3049,0,196.47
운서역반도유보라,35879,2201,1569,2201,1569,0,125.67
운서중.과학고.국제고,35923,679,221,679,221,0,30
운서초등학교,35270,6780,2040,6780,2040,0,294
운서초등학교,35282,2285,4144,2285,4144,0,214.3
운양역,80348,266,560,266,560,0,27.53
운양역,80351,430,118,430,118,0,18.27
운연동,39374,1046,807,1046,807,0,61.77
운연동,39379,743,1021,743,1021,0,58.8
운연동,39673,22,13,22,13,0,1.17
운연삼거리,39987,1417,2370,1417,2370,0,126.23
운연삼거리,39988,114,868,114,868,0,32.73
운연역,39954,11694,11790,11694,11790,0,782.8
운연역,92026,6059,6848,6059,6848,0,430.23
운연천,92027,463,1006,463,1006,0,48.97
운연천,92028,552,341,552,341,0,29.77
운전면허시험장,39005,2784,1319,2784,1319,0,136.77
울레기,43179,11,180,11,180,0,6.37
울레기,43548,215,14,215,14,0,7.63
웃말,90169,30,14,29,14,1,1.47
웃말,90170,2,4,2,4,0,0.2
원당고등학교,42459,1190,318,1190,318,0,50.27
원당교,89485,214,226,214,226,0,14.67
원당교,89486,102,554,102,554,0,21.87
원당사거리.검단선사박물관,42446,15569,7022,15569,7022,0,753.03
원당사거리.검단선사박물관,42447,9443,15225,9443,15225,0,822.27
원당중고등학교,42460,46,20,46,20,0,2.2
원당중고등학교,42462,59,182,59,182,0,8.03
원동초등학교,39656,1969,7603,1969,7603,0,319.07
원동초등학교,39657,11183,2256,11183,2256,0,447.97
원성골,35434,85,160,85,160,0,8.17
원성골,35445,78,348,78,348,0,14.2
원수리마을,90251,0,5,0,5,0,0.17
원수리마을,90252,3,2,3,2,0,0.17
원인재역(1번출구),38162,1973,7549,1973,7549,0,317.4
원인재역(4번출구),38153,10039,3123,10039,3123,0,438.73
원인재역(6번출구),38166,7815,2630,7815,2630,0,348.17
원적산터널,40821,1456,3455,1456,3455,0,163.7
원적산터널,40822,2233,3340,2233,3340,0,185.77
원적산터널서측,42666,5203,3612,5203,3612,0,293.83
원적산터널서측,42667,3865,4005,3865,4005,0,262.33
원종IC(중),57046,735,4061,735,4061,0,159.87
원종IC(중),57047,3017,148,3017,148,0,105.5
원진운수차고지,89003,565,141,565,141,0,23.53
원진운수차고지,89004,169,700,169,700,0,28.97
원창동(기점),89143,242,6,242,6,0,8.27
원창동(기점),89144,196,2161,196,2161,0,78.57
원창동(종점),42183,7,1108,7,1108,0,37.17
원창동(종점),42184,649,153,649,153,0,26.73
원창동차고지,89515,160,283,160,283,0,14.77
원창로89번길,89505,887,36,887,36,0,30.77
원흥아파트,42793,82,3,82,3,0,2.83
원흥아파트·옥련시장,38131,22994,16377,22994,16377,0,1312.37
원흥아파트·옥련시장,38336,33628,23614,33628,23614,0,1908.07
월곳삼거리,43188,0,31,0,31,0,1.03
월곳삼거리,43619,31,0,31,0,0,1.03
월곶동주민센터.월곶포구,70005,181,1882,181,1882,0,68.77
월곶동주민센터.월곶포구,70006,903,115,903,115,0,33.93
월곶어울림센터,25095,119,140,119,140,0,8.63
월드메르디앙아파트,42161,4241,4679,4241,4679,0,297.33
월드메르디앙아파트,42163,5889,3500,5889,3500,0,312.97
월드아파트,42499,6710,15888,6710,15888,0,753.27
월드아파트,42500,17589,5015,17589,5015,0,753.47
월미공원,35138,91,1261,91,1261,0,45.07
월미공원,35572,350,65,350,65,0,13.83
월미공원역,35345,170,5441,170,5441,0,187.03
월미공원역,35346,7170,317,7170,317,0,249.57
월미도,35148,27254,186,27254,186,0,914.67
월미도(시티투어),35144,596,17604,596,17604,0,606.67
월미도기점,35897,9757,107,9757,107,0,328.8
월미도문화관,35558,1822,52,1822,52,0,62.47
월미도종점,35368,177,8309,177,8309,0,282.87
월미문화의거리,35132,37,3873,37,3873,0,130.33
월미문화의거리,35219,3165,30,3165,30,0,106.5
월선포,90040,0,4,0,4,0,0.13
월선포,90041,106,101,102,101,4,6.9
월포초등학교,70004,924,186,924,186,0,37
웰카운티,38352,1815,5750,1815,5750,0,252.17
웰카운티,38353,10389,1886,10389,1886,0,409.17
웰카운티,42772,2490,3965,2490,3965,0,215.17
웰카운티17단지,89182,3119,326,3119,326,0,114.83
웰카운티17단지,89183,461,2780,461,2780,0,108.03
웰카운티1단지,38648,939,5073,939,5073,0,200.4
웰카운티1차,42746,1982,1477,1982,1477,0,115.3
웰카운티1차,42764,2278,1450,2278,1450,0,124.27
웰카운티2단지,38709,1550,1139,1550,1139,0,89.63
웰카운티4단지,38446,1199,361,1199,361,0,52
웰카운티4단지,38447,360,1935,360,1935,0,76.5
윗말,43488,5,7,5,7,0,0.4
윗말,43839,4,3,4,3,0,0.23
윗망월,43335,1,112,1,112,0,3.77
윗망월,43578,131,0,128,0,3,4.37
유니온프라자,42113,13346,8324,13346,8324,0,722.33
유니전자앞,90458,2,4,2,4,0,0.2
유니전자앞,90476,0,64,0,64,0,2.13
유림골프장,41469,37,544,37,544,0,19.37
유림골프장,41667,509,40,509,40,0,18.3
유성아파트,43086,144,1950,144,1950,0,69.8
유성아파트,43087,1988,178,1988,178,0,72.2
유수지,39010,1105,627,1105,627,0,57.73
유수지,39011,766,2600,766,2600,0,112.2
유수지근린공원,39019,1212,1002,1212,1002,0,73.8
유수지근린공원,39020,750,979,750,979,0,57.63
유수지길,39003,1045,2294,1045,2294,0,111.3
유수지길,39004,1687,812,1687,812,0,83.3
유승아파트,42397,2519,569,2519,569,0,102.93
유승아파트,42398,591,2553,591,2553,0,104.8
유승아파트(삼성홈타운아파트),41003,3840,3057,3840,3057,0,229.9
유승아파트(삼성홈타운아파트),41004,3339,3737,3339,3737,0,235.87
유승아파트(삼성홈타운아파트),41005,7190,2567,7190,2567,0,325.23
유승아파트(삼성홈타운아파트),41006,1752,5936,1752,5936,0,256.27
유승아파트(삼성홈타운아파트),41583,1,281,1,281,0,9.4
유승한내들에듀파크,89520,574,1852,574,1852,0,80.87
유원아파트,37163,6547,10786,6547,10786,0,577.77
유원아파트,37172,13095,4942,13095,4942,0,601.23
유진시스템앞,40676,883,4042,883,4042,0,164.17
유진시스템앞,40678,1764,861,1764,861,0,87.5
유진투자증권.파이낸셜뉴스신문,19283,3861,53,3861,53,0,130.47
유천아파트,38254,799,969,799,969,0,58.93
유천아파트,38266,7800,5540,7800,5540,0,444.67
유천아파트후문,38265,531,892,531,892,0,47.43
유현마을.신동아아파트,80001,155,358,155,358,0,17.1
유현마을.신동아아파트,80073,301,15,301,15,0,10.53
유현사거리,42487,6326,4468,6326,4468,0,359.8
유현사거리(원당대로),89616,7829,6971,7829,6971,0,493.33
유현사거리(원당대로),89617,8,1688,8,1688,0,56.53
유호엔시티.논현푸르지오,39823,66,2588,66,2588,0,88.47
육골,18805,3,98,3,98,0,3.37
육골,62030,2,6,2,6,0,0.27
윤성아파트,38307,449,1367,449,1367,0,60.53
윤성아파트(인항고교),37011,2907,3849,2907,3849,0,225.2
윤성아파트(인항고교),37012,2620,1829,2620,1829,0,148.3
율도근린공원,89339,363,114,363,114,0,15.9
율도근린공원,89340,311,664,311,664,0,32.5
율도근린공원입구,89428,181,289,181,289,0,15.67
율도근린공원입구,89429,200,114,200,114,0,10.47
율도입구,42188,2346,868,2346,868,0,107.13
율도입구,42190,856,1702,856,1702,0,85.27
율목동행정복지센터,35787,64,258,64,258,0,10.73
율목동행정복지센터,35801,105,16,105,16,0,4.03
율목오거리,35786,30,83,30,83,0,3.77
율목오거리,35802,170,19,170,19,0,6.3
율생리입구,80016,267,946,267,946,0,40.43
율생리입구,80017,929,260,929,260,0,39.63
은계초등학교.사랑스러운교회,70025,1561,14,1561,14,0,52.5
은골사거리,35309,344,237,344,237,0,19.37
은당골,90212,22,21,21,21,1,1.43
은당골,90213,17,20,15,20,2,1.23
은봉초등학교,39613,11459,3026,11459,3026,0,482.83
은봉초등학교,39614,2854,13147,2854,13147,0,533.37
은성아파트,39321,6149,3599,6149,3599,0,324.93
은성프레미오,39325,1915,4208,1915,4208,0,204.1
은영빌라,41089,2063,89,2063,89,0,71.73
은영아파트,42218,3692,2339,3692,2339,0,201.03
은지초등학교사거리,42365,5634,6570,5634,6570,0,406.8
은하마을.중흥마을,55069,401,1521,401,1521,0,64.07
은하목장앞,43274,2,3,2,3,0,0.17
은하목장앞,43852,2,16,2,16,0,0.6
은하쌍용아파트,55062,1427,5814,1427,5814,0,241.37
은행마을,41198,7428,3063,7428,3063,0,349.7
은행초등학교,70019,3794,246,3794,246,0,134.67
을왕리해수욕장,35009,5634,728,5634,728,0,212.07
을왕리해수욕장,35010,1549,6380,1549,6380,0,264.3
을왕리해수욕장.더위크앤리조트,35015,2600,525,2599,525,1,104.17
을왕리해수욕장.더위크앤리조트,35016,865,2508,862,2508,3,112.43
읍내리마을회관입구,90032,0,36,0,36,0,1.2
읍내리마을회관입구,90033,37,1,33,1,4,1.27
응곡,43696,25,41,25,41,0,2.2
응곡,43749,36,14,31,14,5,1.67
이강리방앗간,43691,127,10,126,10,1,4.57
이강리방앗간,43832,18,206,18,206,0,7.47
이건창생가,43145,71,4,71,4,0,2.5
이건창생가,43434,0,94,0,94,0,3.13
이곡촌,90444,16,102,16,102,0,3.93
이규보묘입구,90065,116,30,116,30,0,4.87
이규보묘입구,90389,35,126,34,126,1,5.37
이든사거리,42995,18,1663,18,1663,0,56.03
이든사거리,42996,2363,117,2363,117,0,82.67
이마트,41122,4856,16801,4856,16801,0,721.9
이마트,41125,26985,9754,26985,9754,0,1224.63
이수역5번출구,22385,74,216,74,216,0,9.67
이안송도,38409,24897,7466,24897,7466,0,1078.77
이영화학,39644,2886,1017,2886,1017,0,130.1
이음1로.모아미래도엘리트파크,89514,1717,1207,1717,1207,0,97.47
이음1로.예미지더시그너스,89513,2791,1926,2791,1926,0,157.23
이음2로.디에트르더펠리체,89509,576,648,576,648,0,40.8
이음2로.파라곤센트럴파크,89510,612,888,612,888,0,50
이음5로.금호어울림센트럴,89433,3186,2803,3186,2803,0,199.63
이음대로.대성베르힐,89440,15449,4304,15449,4304,0,658.43
이음대로.대성베르힐,89441,4406,19524,4406,19524,0,797.67
이음대로.디에트르더펠리체,89438,8900,3447,8900,3447,0,411.57
이음대로.호반써밋,89439,9898,10631,9898,10631,0,684.3
이촌,43312,0,4,0,4,0,0.13
이촌,43768,11,0,11,0,0,0.37
이토상가,39196,8464,2100,8464,2100,0,352.13
이현(이강리교회),43661,1,156,1,156,0,5.23
이현(이강리교회),43690,184,2,180,2,4,6.2
이화1동입구,41487,99,126,99,126,0,7.5
이화1동입구,41506,99,2,99,2,0,3.37
이화2동마을회관,41484,14,29,14,29,0,1.43
이화2동마을회관,41504,5,3,5,3,0,0.27
이화2동회차지,41486,26,36,26,36,0,2.07
이화교회앞,41489,34,49,34,49,0,2.77
이화동노인정,41490,107,56,107,56,0,5.43
이화동다리,41479,90,354,90,354,0,14.8
이화동다리,41516,310,17,310,17,0,10.9
이화정미소,90445,4,54,4,54,0,1.93
이화진등마을경로당,41601,45,80,45,80,0,4.17
인내마을,90181,7,52,7,52,0,1.97
인내마을,90182,28,0,28,0,0,0.93
인명여자고등학교,37199,38411,3959,38411,3959,0,1412.33
인명여자고등학교,37205,10480,50738,10480,50738,0,2040.6
인사리군부대앞,90268,3,14,3,14,0,0.57
인사리군부대앞,90270,11,0,11,0,0,0.37
인사리마을회관,90267,3,10,3,10,0,0.43
인사리마을회관,90271,8,0,8,0,0,0.27
인사리우무렛골,90266,4,16,4,16,0,0.67
인사리인현경로당앞,90269,30,22,30,22,0,1.73
인사리지석교회,90272,5,3,5,3,0,0.27
인산저수지,43354,166,92,166,92,0,8.6
인산저수지,43575,60,115,60,115,0,5.83
인삼농협앞,80305,20,300,20,300,0,10.67
인삼농협앞,80306,447,13,447,13,0,15.33
인성여자고등학교,35793,94,1056,94,1056,0,38.33
인성여자고등학교,35808,37,543,37,543,0,19.33
인수초등학교,39386,11229,10341,11229,10341,0,719
인수초등학교,39392,15011,13507,15011,13507,0,950.6
인스파이어리조트,35899,596,2114,596,2114,0,90.33
인스파이어리조트,35900,970,572,968,572,2,51.4
인스파이어리조트주차장,35901,122,259,122,259,0,12.7
인스파이어리조트주차장,35902,338,169,338,169,0,16.9
인썸호텔,44134,33,34,33,34,0,2.23
인아교회,35091,718,143,718,143,0,28.7
인아교회,35094,295,802,295,802,0,36.57
인재개발원,42281,1103,2419,1103,2419,0,117.4
인재개발원,42282,2144,855,2144,855,0,99.97
인제고등학교,39548,450,1512,450,1512,0,65.4
인천가정법원.인천지방법원등기국,37405,10335,14792,10335,14792,0,837.57
인천가정법원.인천지방법원등기국,37409,27226,22756,27226,22756,0,1666.07
인천가족공원입구,39493,842,693,842,693,0,51.17
인천가족공원입구,39495,1176,2088,1176,2088,0,108.8
인천가족공원입구,92059,2248,1528,2248,1528,0,125.87
인천가톨릭대학교,39931,5355,2154,5355,2154,0,250.3
인천가톨릭대학교(카펠라관),38778,610,29,610,29,0,21.3
인천검단가온중학교,42647,3869,13099,3869,13099,0,565.6
인천검단가온중학교,42725,10999,3530,10999,3530,0,484.3
인천경로당앞,90226,51,65,51,65,0,3.87
인천경로당앞,90227,27,5,27,5,0,1.07
인천경연초중학교,89347,69,357,69,357,0,14.2
인천고등학교,37305,10790,6267,10790,6267,0,568.57
인천고등학교,37309,6623,7596,6623,7596,0,473.97
인천골프백화점·삼익제약,40556,5047,1844,5047,1844,0,229.7
인천골프백화점·삼익제약,40561,3938,797,3938,797,0,157.83
인천공항T1(1층13B),35205,39815,416,39815,416,0,1341.03
인천공항T1(1층2A),35344,39875,2841,39875,2841,0,1423.87
인천공항T1(1층2B),35202,23133,5522,23133,5522,0,955.17
인천공항T1(3층13번),35556,2767,17232,2767,17232,0,666.63
인천공항T1(3층14번),35753,3145,7685,3145,7685,0,361
인천공항T1(3층2번),35032,3828,43866,3828,43866,0,1589.8
인천공항T1(3층6번),35752,8456,18805,8456,18805,0,908.7
인천공항T1(3층7번),35203,17031,53238,17020,53238,11,2342.3
인천공항T1장기주차장,35895,38,1,38,1,0,1.3
인천공항T1장기주차장,35896,0,5,0,5,0,0.17
인천공항T2(11)번출입구(3층),35615,14862,13260,14862,13260,0,937.4
인천공항T2(3)A(1층),35618,20837,52,20837,52,0,696.3
인천공항T2(3)번출입구(3층),35614,12814,42568,12814,42568,0,1846.07
인천공항T2(8)B(1층),35619,9101,81,9101,81,0,306.07
 인천공항T2-3층,35611,58,70,58,70,0,4.27
 인천공항T2-B1층,35612,70,0,70,0,0,2.33
인천공항전망대,35365,1,57,1,57,0,1.93
인천공항전망대,35366,73,14,73,14,0,2.9
인천공항충전소입구,35757,42,256,42,256,0,9.93
인천공항충전소입구,35758,260,40,260,40,0,10
인천과학예술영재학교,38579,292,342,292,342,0,21.13
인천과학예술영재학교,38580,81,244,81,244,0,10.83
인천광역시종합건설본부,37325,8753,6285,8753,6285,0,501.27
인천교(인천기계산업단지),37449,1105,794,1105,794,0,63.3
인천교(인천기계산업단지),37451,460,1372,460,1372,0,61.07
인천교삼거리,37453,1555,4687,1555,4687,0,208.07
인천교삼거리(인천기계산업단지),37452,1544,1213,1544,1213,0,91.9
인천교통공사,40032,38672,31855,38672,31855,0,2350.9
인천교회,38676,3085,5305,3085,5305,0,279.67
인천국민안전체험관,42233,438,940,438,940,0,45.93
인천국민안전체험관(북측),89516,3205,2329,3205,2329,0,184.47
인천국민안전체험관(북측),89517,930,3444,930,3444,0,145.8
인천국민안전체험관(북측),89623,206,430,206,430,0,21.2
인천국제수산물타운,35815,17,1330,17,1330,0,44.9
인천국제수산물타운,35816,618,55,618,55,0,22.43
인천그랜드컨트리클럽,42954,63,1987,63,1987,0,68.33
인천그랜드컨트리클럽,42958,3,5,3,5,0,0.27
인천글로벌캠퍼스,39850,3111,3492,3111,3492,0,220.1
인천글로벌캠퍼스,39858,3858,2698,3858,2698,0,218.53
인천기계공고,37272,18846,8309,18846,8309,0,905.17
인천기계공고,37281,4486,11713,4486,11713,0,539.97
인천기계산업단지,37579,759,12,759,12,0,25.7
인천기계산업단지,37580,3,705,3,705,0,23.6
인천기독병원,35785,319,411,319,411,0,24.33
인천기독병원,35803,42,128,42,128,0,5.67
인천나비공원,40849,1813,3488,1813,3488,0,176.7
인천나비공원,40926,98,1252,98,1252,0,45
인천남동우체국,39630,7825,8006,7825,8006,0,527.7
인천남부초.힐스테이트푸르지오,37275,15353,17908,15353,17908,0,1108.7
인천논현역앞,39658,12545,15941,12545,15941,0,949.53
인천논현역앞,39659,13768,9575,13768,9575,0,778.1
인천논현중학교,92060,197,1781,197,1781,0,65.93
인천논현중학교,92061,379,271,379,271,0,21.67
인천논현중학교,92062,1180,107,1180,107,0,42.9
인천대검도수련원,43456,1,30,1,30,0,1.03
인천대검도수련원,43695,63,0,63,0,0,2.1
인천대공원,39471,14258,2457,14258,2457,0,557.17
인천대공원,39478,9975,21606,9975,21606,0,1052.7
인천대공원역,39395,12520,4714,12520,4714,0,574.47
인천대공원역,39398,1772,3213,1772,3213,0,166.17
인천대공원후문(장수동),39442,9766,6150,9766,6150,0,530.53
인천대입구역,38395,78508,22589,78508,22589,0,3369.9
인천대입구역,38396,19591,81528,19591,81528,0,3370.63
인천대입구역.롯데몰,38646,10083,7350,10083,7350,0,581.1
인천대입구역.롯데몰,38649,3683,5569,3683,5569,0,308.4
인천대정문,38385,22832,865,22832,865,0,789.9
인천대정문,38386,1518,24053,1518,24053,0,852.37
인천대학교공과대학,38376,511,11971,511,11971,0,416.07
인천대학교공과대학,38377,26284,52,26284,52,0,877.87
인천대학교공과대학,38499,87,15659,87,15659,0,524.87
인천대학교북문,38750,528,102,528,102,0,21
인천대학교북문,38760,8,1513,8,1513,0,50.7
인천대학교송도캠퍼스,38749,28080,4014,28080,4014,0,1069.8
인천대학교송도캠퍼스,38761,15,11101,15,11101,0,370.53
인천대학교자연과학대학,38375,233,18825,233,18825,0,635.27
인천대학교자연과학대학,38378,30062,96,30062,96,0,1005.27
인천도서관·인천신월초등학교,39270,4387,8535,4387,8535,0,430.73
인천도시공사,92078,39,85,39,85,0,4.13
인천동수중학교,40123,15355,3276,15355,3276,0,621.03
인천마전도서관,42556,78,1404,78,1404,0,49.4
인천만수고등학교,39680,1956,1907,1956,1907,0,128.77
인천만수고등학교,39681,2806,1998,2806,1998,0,160.13
인천미래생활고등학교,40470,3899,4570,3899,4570,0,282.3
인천미래생활고등학교,40474,4624,5262,4624,5262,0,329.53
인천미래생활고등학교,40483,1124,2240,1124,2240,0,112.13
인천미래생활고등학교,55032,3270,1376,3270,1376,0,154.87
인천박문초등학교,38608,362,71,362,71,0,14.43
인천박문초등학교,38609,109,509,109,509,0,20.6
인천반도체고등학교,35175,2519,3731,2519,3731,0,208.33
인천반도체고등학교,35183,5131,1988,5131,1988,0,237.3
인천반도체고등학교,35800,27,28,27,28,0,1.83
인천반도체고등학교,36002,2525,5668,2525,5668,0,273.1
인천보건고등학교,42144,2545,5086,2545,5086,0,254.37
인천보건고등학교,42146,5590,4026,5590,4026,0,320.53
인천부흥고등학교,40279,1845,531,1845,531,0,79.2
인천북항관공선부두,89195,40,1352,40,1352,0,46.4
인천북항관공선부두,89196,689,11,689,11,0,23.33
인천북항부두운영시설,42953,18,423,18,423,0,14.7
인천북항부두운영시설,42959,617,40,617,40,0,21.9
인천뷰티예술고등학교,38052,3675,3980,3675,3980,0,255.17
인천뷰티예술고등학교,38053,5974,2639,5974,2639,0,287.1
인천비즈니스고등학교,37421,4345,3944,4345,3944,0,276.3
인천비즈니스고등학교,37423,5124,5400,5124,5400,0,350.8
인천비즈니스고등학교,37614,7034,2631,7034,2631,0,322.17
인천비지니스고등학교,37615,359,3127,359,3127,0,116.2
인천상공회의소,92041,166,14,166,14,0,6
인천서곶초등학교,89355,896,9,896,9,0,30.17
인천서곶초등학교,89358,5,1436,5,1436,0,48.03
인천서부교육지원청,42336,1175,637,1175,637,0,60.4
인천서부교육지원청,42337,708,1926,708,1926,0,87.8
인천서부여성회관,42131,2127,1562,2127,1562,0,122.97
인천서부여성회관,42134,4440,5271,4440,5271,0,323.7
인천서창동우체국,39820,6794,11291,6794,11291,0,602.83
인천서창동우체국,39821,10182,2777,10182,2777,0,431.97
인천서창중학교,39767,5039,6392,5039,6392,0,381.03
인천서창중학교,39875,8842,3444,8842,3444,0,409.53
인천성광교회,40850,1962,1037,1962,1037,0,99.97
인천성광교회,40917,2,399,2,399,0,13.37
인천성모병원정문,40844,8859,8708,8859,8708,0,585.57
인천성모병원정문,40857,9677,8172,9677,8172,0,594.97
인천성모병원종점지주차장,40919,1597,4043,1597,4043,0,188
인천성모병원후문,40138,3639,8804,3639,8804,0,414.77
인천성모병원후문,40139,5042,3481,5042,3481,0,284.1
인천세관통합검사센터(동측),38774,9,1965,9,1965,0,65.8
인천세관통합검사센터(동측),38775,463,56,463,56,0,17.3
인천세관통합검사센터(서측),38772,822,470,822,470,0,43.07
인천세관통합검사센터(서측),38773,56,1030,56,1030,0,36.2
인천세무서후문,36179,32,285,32,285,0,10.57
인천소방본부,37189,7478,10413,7478,10413,0,596.37
인천소방본부,37191,14659,8376,14659,8376,0,767.83
인천소방심신휴(休)센터,43919,2,2,0,2,2,0.13
인천소방심신휴(休)센터,43920,0,25,0,25,0,0.83
인천소방학교,90052,3,151,3,151,0,5.13
인천소방학교,90053,132,4,130,4,2,4.53
인천소방항공대,35809,388,95,388,95,0,16.1
인천소방항공대,35810,26,721,26,721,0,24.9
인천송도꿈유치원,38622,6442,85,6442,85,0,217.57
인천송도꿈유치원,38623,10,5714,10,5714,0,190.8
인천송일초등학교,38558,1250,2091,1250,2091,0,111.37
인천송일초등학교,38575,1676,2520,1676,2520,0,139.87
인천수산물센터,35069,7382,7922,7382,7922,0,510.13
인천스타트업파크,38390,2492,1316,2492,1316,0,126.93
인천스타트업파크,38394,1353,3513,1353,3513,0,162.2
인천시청후문,39290,13716,10027,13716,10027,0,791.43
인천시청후문,39292,12666,14528,12666,14528,0,906.47
인천아라중학교,89556,167,709,167,709,0,29.2
인천아라중학교,89557,1069,437,1069,437,0,50.2
인천아시아드주경기장(동문),89354,1486,25,1486,25,0,50.37
인천아시아드주경기장(동문),89359,17,1938,17,1938,0,65.17
인천아시아드테니스장,89356,999,25,999,25,0,34.13
인천아시아드테니스장,89357,28,1485,28,1485,0,50.43
인천여객터미널,89155,3,280,3,280,0,9.43
인천여자고등학교,38287,8887,8446,8887,8446,0,577.77
인천여자고등학교,38289,4771,5219,4771,5219,0,333
인천여자상업고등학교,35139,537,2408,537,2408,0,98.17
인천여자상업고등학교·이마트,35141,8832,3355,8832,3355,0,406.23
인천역(차이나타운),35178,34984,23235,34984,23235,0,1940.63
인천역(차이나타운),35179,27781,33851,27781,33851,0,2054.4
인천연세병원,42310,2008,2163,2008,2163,0,139.03
인천연합의원,42601,2341,3886,2341,3886,0,207.57
인천예림학교(인천성모병원),40819,5541,6477,5541,6477,0,400.6
인천예림학교(인천성모병원),40820,7067,4565,7067,4565,0,387.73
인천예술고등학교,39332,863,608,863,608,0,49.03
인천예술고등학교,39533,512,665,512,665,0,39.23
인천옹진농협본점,35555,9621,5665,9621,5665,0,509.53
인천옹진농협본점,35797,3948,5361,3948,5361,0,310.3
인천외국어마을,89436,529,1773,529,1773,0,76.73
인천외국어마을·파라곤센트럴,89437,3937,3388,3937,3388,0,244.17
인천용학초등학교,37676,3869,38,3869,38,0,130.23
인천의료원,36093,773,4658,773,4658,0,181.03
인천의료원,36107,14628,9308,14628,9308,0,797.87
인천의료원,36108,9044,12186,9044,12186,0,707.67
인천의료원,37458,5216,946,5216,946,0,205.4
인천이음중학교,89456,558,692,558,692,0,41.67
인천이음초등학교,89399,783,1372,783,1372,0,71.83
인천이음초등학교,89400,2038,1162,2038,1162,0,106.67
인천인력개발원,39071,1595,782,1595,782,0,79.23
인천인력개발원,39072,796,1986,796,1986,0,92.73
인천적십자병원(풍림아파트),38240,4027,5344,4027,5344,0,312.37
인천적십자병원(풍림아파트),38339,5721,4703,5721,4703,0,347.47
인천종합수산물센터,35074,4638,193,4638,193,0,161.03
인천준법지원센터·미추홀트루엘파크,37147,914,489,914,489,0,46.77
인천준법지원센터·미추홀트루엘파크,37148,245,1036,245,1036,0,42.7
인천지방법원,37096,5202,6161,5202,6161,0,378.77
인천지방중소기업청입구,39087,3417,1260,3417,1260,0,155.9
인천체육고등학교,42930,616,181,616,181,0,26.57
인천체육고등학교,89233,680,575,680,575,0,41.83
인천체육고등학교입구,89048,479,172,479,172,0,21.7
인천체육고등학교입구,89049,37,896,37,896,0,31.1
인천축구전용경기장,36184,76,17,76,17,0,3.1
인천축구전용경기장,37286,2600,2774,2600,2774,0,179.13
인천축구전용경기장,37303,3396,1772,3396,1772,0,172.27
인천축구전용경기장(서희스타힐스),37558,370,1833,370,1833,0,73.43
인천축산농협,40454,607,748,607,748,0,45.17
인천축산물시장,42010,1180,1159,1180,1159,0,77.97
인천축산물시장,42011,1006,1057,1006,1057,0,68.77
인천출입국·외국인청,35127,16968,1901,16968,1901,0,628.97
인천출입국·외국인청,35129,1303,13559,1303,13559,0,495.4
인천타워대로.센트럴비즈한라,38819,11,139,11,139,0,5
인천터미널,37215,1455,1774,1455,1774,0,107.63
인천터미널사거리입구,39194,1266,5423,1266,5423,0,222.97
인천터미널역3번출구,37648,1018,83,1018,83,0,36.7
인천테크노밸리U1센터,40605,6747,8036,6747,8036,0,492.77
인천테크노밸리U1센터,40607,9377,7271,9377,7271,0,554.93
인천포스코고등학교,38758,10,1082,10,1082,0,36.4
인천포스코고등학교,38759,839,1347,839,1347,0,72.87
인천푸른빛유치원,89376,1651,109,1651,109,0,58.67
인천푸른빛유치원,89377,253,1762,253,1762,0,67.17
인천항신국제여객터미널(송도방향),38652,2633,1035,2633,1035,0,122.27
인천항신국제여객터미널(아암3교방향),38662,1171,1829,1171,1829,0,100
인천해든초등학교,89410,2373,2441,2373,2441,0,160.47
인천해든초등학교,89411,3690,1744,3690,1744,0,181.13
인천해양경찰서,89537,2659,1247,2659,1247,0,130.2
인천해양경찰서,89538,1671,3732,1671,3732,0,180.1
인천해양과학고,38120,2206,1833,2206,1833,0,134.63
인천해양과학고,38566,733,979,733,979,0,57.07
인천향교.인천도호부청사,37124,6113,12882,6113,12882,0,633.17
인천향교.인천도호부청사,37125,8233,2292,8233,2292,0,350.83
인천향교유림회관,37059,11950,4556,11950,4556,0,550.2
인천향교유림회관,37062,7683,13403,7683,13403,0,702.87
인천힘찬종합병원,39628,6752,4579,6752,4579,0,377.7
인천힘찬종합병원,39629,4647,5185,4647,5185,0,327.73
인평자동차고,40149,16739,19362,16739,19362,0,1203.37
인평자동차고,40151,1320,805,1320,805,0,70.83
인평자동차고,40152,453,1168,453,1168,0,54.03
인평자동차고,40787,20035,12899,20035,12899,0,1097.8
인하대병원,35119,5629,3212,5629,3212,0,294.7
인하대병원,35121,4308,1954,4308,1954,0,208.73
인하대병원,35486,13716,9385,13716,9385,0,770.03
인하대병원입구,35846,8016,15303,8016,15303,0,777.3
인하대역,37596,19,8785,19,8785,0,293.47
인하대역(1번출구),37066,79612,95479,79612,95479,0,5836.37
인하대역(7번출구),37091,111989,65094,111989,65094,0,5902.77
인하대역3번출구,37127,5308,23783,5308,23783,0,969.7
인하대역4번출구,37122,18377,7320,18377,7320,0,856.57
인하대정문,37099,25397,10252,25397,10252,0,1188.3
인하대정문,37104,11671,28664,11671,28664,0,1344.5
인하대후문,37165,67528,5671,67528,5671,0,2439.97
인하대후문,37166,8416,3270,8416,3270,0,389.53
인하대후문,37167,14080,71668,14080,71668,0,2858.27
인향아파트,40557,7589,752,7589,752,0,278.03
인향아파트,40559,663,6507,663,6507,0,239
인향아파트,41464,2685,80,2685,80,0,92.17
인향아파트,41465,31,2988,31,2988,0,100.63
인혜학교후문(원욱그린타운),41473,654,734,654,734,0,46.27
인혜학교후문(원욱그린타운),41518,756,1807,756,1807,0,85.43
인화1리마을회관,90210,9,30,9,30,0,1.3
인화1리마을회관,90211,39,14,39,14,0,1.77
인화리종점,43473,76,47,75,47,1,4.1
인화성입구,90063,1,36,1,36,0,1.23
인화성입구,90064,20,2,18,2,2,0.73
인화여고,37547,4698,4639,4698,4639,0,311.23
인화여고,37548,9850,13904,9850,13904,0,791.8
일신동행정복지센터,40200,5873,3779,5873,3779,0,321.73
일신동행정복지센터,40205,72,1975,72,1975,0,68.23
일신동행정복지센터,40220,2422,2859,2422,2859,0,176.03
일신시장,40207,3627,5100,3627,5100,0,290.9
일신시장,40210,4130,2174,4130,2174,0,210.13
일신주공,40866,415,1023,415,1023,0,47.93
일신주공109동,40868,6822,4165,6822,4165,0,366.23
임광그대가.서창자이아파트,39514,3362,1847,3362,1847,0,173.63
임광그대가.서창자이아파트,39515,438,4080,438,4080,0,150.6
임광그대가103동,92025,3672,2884,3672,2884,0,218.53
임송촌,43423,11,8,11,8,0,0.63
임송촌,43802,88,52,88,52,0,4.67
임학사거리,41283,845,1806,845,1806,0,88.37
임학역,41290,12427,21152,12427,21152,0,1119.3
임학역,41292,23492,12627,23492,12627,0,1203.97
임학지하차도앞사거리,41287,56,5569,56,5569,0,187.5
임학지하차도앞사거리,41288,4094,33,4094,33,0,137.57
입구지,35300,87,12,87,12,0,3.3
입구지,35751,2,69,2,69,0,2.37
입구지입구,35477,80,86,80,86,0,5.53
입구지입구,35478,47,9,47,9,0,1.87
자동차매매단지,11020,331,669,331,669,0,33.33
자동차매매단지,11021,654,290,654,290,0,31.47
자동차매매단지,36094,273,5155,273,5155,0,180.93
자동차매매단지,37459,3692,343,3692,343,0,134.5
자연사박물관,43451,0,1,0,1,0,0.03
자연사박물관,43667,5,6,5,6,0,0.37
자이금호힐스테이트,42849,440,5432,440,5432,0,195.73
자이금호힐스테이트,42850,3314,448,3314,448,0,125.4
자이더테라스1단지,89297,1627,648,1627,648,0,75.83
자이더테라스1단지,89298,816,1516,816,1516,0,77.73
자이더테라스2단지,42864,2012,2571,2012,2571,0,152.77
자이더테라스2단지,42871,2936,1479,2936,1479,0,147.17
자이더테라스2단지(209동),89460,1142,1375,1142,1375,0,83.9
자이더테라스2단지(209동),89495,217,1202,217,1202,0,47.3
작은구월사거리,39239,4879,5659,4879,5659,0,351.27
작은구월사거리,39240,6570,6817,6570,6817,0,446.23
작전1동주민센터,41113,16137,8798,16137,8798,0,831.17
작전동삼성홈플러스,41044,15973,26914,15973,26914,0,1429.57
작전동삼성홈플러스,41050,17549,9210,17549,9210,0,891.97
작전동풍림아파트,41090,273,983,273,983,0,41.87
작전서운동행정복지센터,41103,380,2143,380,2143,0,84.1
작전서운동행정복지센터,41104,2240,418,2240,418,0,88.6
작전역,41561,13338,10784,13338,10784,0,804.07
작전역,41562,11295,12155,11295,12155,0,781.67
작전역1번출구,41095,13110,14926,13110,14926,0,934.53
작전역2번출구,41092,5271,7226,5271,7226,0,416.57
작전역3번출구,41076,9345,4547,9345,4547,0,463.07
작전역4번출구,41062,12717,29870,12717,29870,0,1419.57
작전역5번출구,41057,57947,32548,57947,32548,0,3016.5
작전역6번출구,41433,4339,24239,4339,24239,0,952.6
작전역7번출구,41401,24131,6471,24131,6471,0,1020.07
작전역8번출구,41093,11289,11339,11289,11339,0,754.27
작전역서해그랑블,41047,2571,3047,2571,3047,0,187.27
작전역서해그랑블,41414,1452,3017,1452,3017,0,148.97
작전중고.여고앞,41116,3015,2977,3015,2977,0,199.73
작전초등학교,41127,2932,2525,2932,2525,0,181.9
작전초등학교,41128,2753,2591,2753,2591,0,178.13
작전풍림아파트,41080,1149,5714,1149,5714,0,228.77
작전풍림아파트,41091,7548,3342,7548,3342,0,363
잔다리,35856,1,34,1,34,0,1.17
잔다리,35857,9,3,9,3,0,0.4
잔다리(지오빌앞),35941,63,42,62,42,1,3.5
잔다리(지오빌앞),35943,36,18,36,18,0,1.8
잔다리사거리,35519,68,36,67,36,1,3.47
잔다리사거리,35559,22,59,22,59,0,2.7
잔다리새마을,35866,17,75,17,75,0,3.07
잔다리새마을,35867,76,189,76,189,0,8.83
잔솔밭,43943,48,26,48,26,0,2.47
잔솔밭,43944,0,2,0,2,0,0.07
잠진도삼거리,35743,43,6,43,6,0,1.63
잠진도삼거리,35744,6,156,6,156,0,5.4
잠진도입구,35749,10,115,10,115,0,4.17
잠진도입구,35750,46,43,46,43,0,2.97
장경리공영주차장,44141,8,7,8,7,0,0.5
장경리공영주차장,44190,40,6,40,6,0,1.53
장경리해수욕장,44092,29,33,29,33,0,2.07
장경리해수욕장,44191,23,19,23,19,0,1.4
장곡.고촌고등학교,80066,366,16,366,16,0,12.73
장곡.고촌고등학교,80288,31,31,31,31,0,2.07
장곶돈대,43931,35,20,35,20,0,1.83
장곶돈대,43932,10,29,10,29,0,1.3
장곶횟집,43118,10,10,10,10,0,0.67
장곶횟집,43478,11,4,11,4,0,0.5
장구란,90349,1,1,1,1,0,0.07
장구란,90354,0,7,0,7,0,0.23
장기동,41347,3272,17374,3272,17374,0,688.2
장기동,41348,21035,3483,21035,3483,0,817.27
장기동.인천계양초등학교,41345,1078,97,1078,97,0,39.17
장기동.인천계양초등학교,41346,70,2365,70,2365,0,81.17
장기본동행정복지센터,35204,469,831,469,831,0,43.33
장기본동행정복지센터.성창.에일린의뜰,35206,413,398,413,398,0,27.03
장기사거리.수정마을,35211,576,1067,576,1067,0,54.77
장기황어체육관,41672,49,94,49,94,0,4.77
장도초등학교,39127,273,474,273,474,0,24.9
장도초등학교,39129,1760,803,1760,803,0,85.43
장릉입구,80046,18,124,18,124,0,4.73
장릉입구,80047,278,7,278,7,0,9.5
장미아파트,37044,6196,10399,6196,10399,0,553.17
장미아파트(19동)앞,37474,5949,2989,5949,2989,0,297.93
장미아파트(19동)앞,37540,2367,8383,2367,8383,0,358.33
장미아파트·학익초등학교,37092,25304,11158,25304,11158,0,1215.4
장미아파트·학익초등학교,37094,11139,19153,11139,19153,0,1009.73
장서초등학교,39965,4329,838,4329,838,0,172.23
장서초등학교,39966,1121,5580,1121,5580,0,223.37
장수.서창동행정복지센터,39580,4396,9423,4396,9423,0,460.63
장수.서창동행정복지센터,39581,9049,2173,9049,2173,0,374.07
장수공영차고지,39566,1595,788,1595,788,0,79.43
장수공영차고지,92064,9,527,9,527,0,17.87
장수교,39336,1122,725,1122,725,0,61.57
장수교(서창동입구),39337,456,1341,456,1341,0,59.9
장수동,39373,1170,2770,1170,2770,0,131.33
장수동,39391,1094,1627,1094,1627,0,90.7
장수동,39393,6705,8737,6705,8737,0,514.73
장수빌라,39577,835,2192,835,2192,0,100.9
장수사거리,39389,14587,3959,14587,3959,0,618.2
장수사거리,39397,268,4329,268,4329,0,153.23
장수사거리,39501,3634,8815,3634,8815,0,414.97
장수사거리,39542,6739,432,6739,432,0,239.03
장수주공(청소년수련원),39417,91,3868,91,3868,0,131.97
장수주공(청소년수련원),39424,5658,150,5658,150,0,193.6
장수초등학교,39342,2306,1732,2306,1732,0,134.6
장수초등학교,39352,890,2195,890,2195,0,102.83
장수파출소,39543,553,1827,553,1827,0,79.33
장승마루,90028,0,12,0,12,0,0.4
장승마루,90029,4,0,4,0,0,0.13
장승마을,43200,0,73,0,73,0,2.43
장승마을,43714,103,1,103,1,0,3.47
장승백이시장,39280,3912,1430,3912,1430,0,178.07
장승백이시장,39282,660,4113,660,4113,0,159.1
장아초등학교,39873,1148,593,1148,593,0,58.03
장아초등학교,39874,135,1506,135,1506,0,54.7
장안,43418,21,47,21,47,0,2.27
장안,43445,97,36,96,36,1,4.43
장안마을,43133,7,0,7,0,0,0.23
장안마을,43855,0,6,0,6,0,0.2
장안말(구초지분교)입구,90083,66,142,66,142,0,6.93
장안말(구초지분교)입구,90084,123,136,123,136,0,8.63
장안말(온천스파),43144,29,4,29,4,0,1.1
장안말(온천스파),43253,66,14,66,14,0,2.67
장안말(온천스파),43892,10,10,10,10,0,0.67
장안사거리,37285,16418,3522,16418,3522,0,664.67
장안사거리,37295,4697,19568,4697,19568,0,808.83
장안촌동쪽,43933,2,35,2,35,0,1.23
장암마을,90155,146,102,146,102,0,8.27
장암마을,90156,14,33,14,33,0,1.57
장애인복지관,37249,3340,3194,3340,3194,0,217.8
장애인종합복지관,43627,10,10,10,10,0,0.67
장인가구,39706,297,211,297,211,0,16.93
장자말,43142,3,23,3,23,0,0.87
장자말,43257,57,0,57,0,0,1.9
장자촌,43141,5,0,5,0,0,0.17
장자촌,43255,0,6,0,6,0,0.2
장전,43415,39,7,39,7,0,1.53
장전,43500,0,13,0,13,0,0.43
장정2리마을회관,43665,0,164,0,164,0,5.47
장정2리마을회관,43693,221,1,215,1,6,7.4
장지포,90238,1,8,1,8,0,0.3
장지포,90239,11,5,11,5,0,0.53
장천사거리,37282,2485,3220,2485,3220,0,190.17
장천사거리,37610,289,1683,289,1683,0,65.73
장천사거리,37651,594,1087,594,1087,0,56.03
장촌길입구,90379,22,12,22,12,0,1.13
장촌길입구,90382,15,7,15,7,0,0.73
장촌마을,35475,262,9,262,9,0,9.03
장촌마을,35476,9,305,9,305,0,10.47
장촌빌라,35321,382,15,382,15,0,13.23
장촌빌라,35397,16,265,16,265,0,9.37
장하,43184,2,53,2,53,0,1.83
장하,43204,25,4,25,4,0,0.97
장화교회앞,43121,9,36,9,36,0,1.5
장화교회앞,43539,57,9,49,9,8,2.2
장화리학생수련원,43426,41,36,41,36,0,2.57
장화리학생수련원,43474,11,12,11,12,0,0.77
장흥낚시터,43211,0,2,0,2,0,0.07
장흥낚시터,43890,3,0,3,0,0,0.1
장흥리종점,43643,13,17,13,17,0,1
장흥리종점,43888,18,8,18,8,0,0.87
장흥매점,43641,0,4,0,4,0,0.13
장흥매점,43891,2,0,2,0,0,0.07
장흥삼거리,43153,15,7,14,7,1,0.73
장흥삼거리,43881,21,19,21,19,0,1.33
장흥저수지(성공회.해든뮤지움),90081,233,163,233,163,0,13.2
장흥저수지(성공회.해든뮤지움),90082,91,249,91,249,0,11.33
재능대·한국외대송도캠퍼스,38754,564,1,564,1,0,18.83
재능대·한국외대송도캠퍼스,38755,21,3256,21,3256,0,109.23
재능대학교서문,36058,24619,30095,24619,30095,0,1823.8
재능대학교서문,36119,15337,15993,15337,15993,0,1044.33
재활용품수집장,43165,0,18,0,18,0,0.6
저수지관리소,43264,23,0,23,0,0,0.77
저수지휴게소,43567,19,73,18,73,1,3.07
저수지휴게소,43763,1,3,1,3,0,0.13
적두마을(월곳교회),43190,27,0,27,0,0,0.9
적두마을(월곳교회),43709,0,45,0,45,0,1.5
적석사입구,43348,21,134,21,134,0,5.17
적석사입구,43847,180,10,178,10,2,6.33
전동교회,35199,7152,4587,7152,4587,0,391.3
전동교회,35200,2221,8157,2221,8157,0,345.93
전득이고개입구,90187,10,4,10,4,0,0.47
전득이고개입구,90188,8,91,7,91,1,3.3
전들,43477,72,2,72,2,0,2.47
전들,43835,1,102,1,102,0,3.43
전등사남문,43515,167,393,167,393,0,18.67
전등사남문,43893,368,147,368,147,0,17.17
전등사동문,43521,181,866,181,866,0,34.9
전등사동문,43895,704,372,703,372,1,35.87
전소,35231,6786,5319,6776,5319,10,403.5
전소,35232,5924,6052,5924,6052,0,399.2
전원마을.김포한강롯데캐슬,35210,731,610,731,610,0,44.7
전원미술관앞,43387,236,22,233,22,3,8.6
전원미술관앞,43810,15,210,15,210,0,7.5
절아래,90401,9,25,9,25,0,1.13
절아래,90402,55,7,55,7,0,2.07
점촌,43414,76,1,72,1,4,2.57
점촌,43806,1,44,1,44,0,1.5
젓개마을,35828,0,52,0,52,0,1.73
젓개마을,35829,3,8,3,8,0,0.37
정광아파트(병무청),37008,5311,23,5311,23,0,177.8
정광아파트(병무청),37009,9,5207,9,5207,0,173.87
정광아파트.만수주공11단지,39476,7290,7126,7290,7126,0,480.53
정광아파트.만수주공11단지,39477,7142,5000,7142,5000,0,404.73
정기무역,35083,1924,218,1924,218,0,71.4
정다운그린빌,92024,2542,4183,2542,4183,0,224.17
정든마을아파트,40055,2595,4635,2595,4635,0,241
정든마을아파트,40057,4260,2375,4260,2375,0,221.17
정병원,40413,5730,4805,5730,4805,0,351.17
정부인천지방합동청사,37386,36647,16405,36647,16405,0,1768.4
정부인천지방합동청사,37388,28936,34324,28936,34324,0,2108.67
정부인천지방합동청사,37691,554,1381,554,1381,0,64.5
정부인천지방합동청사,37692,158,256,158,256,0,13.8
정비단지,37005,2879,1537,2879,1537,0,147.2
정비단지,37006,1050,2841,1050,2841,0,129.7
정서진삼거리,89234,5,594,5,594,0,19.97
정석항공과학고,37168,26006,5097,26006,5097,0,1036.77
정석항공과학고,37170,11044,32689,11044,32689,0,1457.77
정수사입구,43404,19,4,19,4,0,0.77
정수사입구,43436,28,21,28,21,0,1.63
정하,43183,39,1,39,1,0,1.33
정하,43208,0,12,0,12,0,0.4
제물포시장,37310,1084,623,1084,623,0,56.9
제물포시장,37311,1077,1048,1077,1048,0,70.83
제물포신협(구박문여고),36003,10241,5220,10241,5220,0,515.37
제물포신협(구박문여고),37499,5527,8080,5527,8080,0,453.57
제물포여자중학교,37288,4223,2320,4223,2320,0,218.1
제물포여자중학교,37290,5998,5862,5998,5862,0,395.33
제물포여자중학교,37298,7792,11070,7792,11070,0,628.73
제물포역,37355,66169,40253,66169,40253,0,3547.4
제물포역,37364,35249,24597,35249,24597,0,1994.87
제물포역,37496,40461,50175,40461,50175,0,3021.2
제물포역,37498,22983,5610,22983,5610,0,953.1
제물포역,37502,35034,41857,35034,41857,0,2563.03
제물포역(동양빌딩),37339,1730,7177,1730,7177,0,296.9
제물포중학교,42064,3354,9668,3354,9668,0,434.07
제물포중학교,42065,9979,3654,9979,3654,0,454.43
제운사거리,37177,7604,2819,7604,2819,0,347.43
제운사거리,37184,4277,10846,4277,10846,0,504.1
제운사거리(청년창업특화거리),37175,3637,5420,3637,5420,0,301.9
제운사거리(청년창업특화거리),37534,4844,6397,4844,6397,0,374.7
제일시장,37316,7327,7741,7327,7741,0,502.27
제일시장,37329,10836,11552,10836,11552,0,746.27
제일시장사거리,37667,1387,756,1387,756,0,71.43
제일주유소,57020,2666,1331,2666,1331,0,133.23
제일주유소,57021,870,3906,870,3906,0,159.2
제일풍경채,42833,3815,3429,3815,3429,0,241.47
제일풍경채1차정문앞,89350,1954,1637,1954,1637,0,119.7
제일풍경채2차,89349,16,239,16,239,0,8.5
제일풍경채2차321동앞,42866,3197,1314,3197,1314,0,150.37
제일풍경채2차321동앞,42873,279,1146,279,1146,0,47.5
제일풍경채2차323동앞,42891,7683,7994,7683,7994,0,522.57
제일풍경채2차331동앞,42989,2525,3634,2525,3634,0,205.3
제일풍경채디오션아파트,35616,1410,3255,1410,3255,0,155.5
제일풍경채디오션아파트,35617,3734,1783,3734,1783,0,183.9
제적봉앞마을,90061,0,0,0,0,0,0
제적봉입구,43654,2,21,2,21,0,0.77
제적봉입구,43686,2,12,2,12,0,0.47
조광교회입구,43533,7,0,7,0,0,0.23
조광교회입구,43868,0,32,0,32,0,1.07
조달청(한양2차아파트),37511,6907,12912,6907,12912,0,660.63
조달청비축기지,35114,1842,3126,1842,3126,0,165.6
조달청비축기지,35115,3904,1835,3904,1835,0,191.3
조동초등학교,39464,2445,1944,2445,1944,0,146.3
조동초등학교,39465,31,1007,31,1007,0,34.6
조리미입구,80068,1330,20,1330,20,0,45
조리미입구,80069,14,1021,14,1021,0,34.5
조바위,90350,4,33,4,33,0,1.23
조바위,90351,21,1,21,1,0,0.73
조산,43192,10,94,10,94,0,3.47
조산,43334,121,20,121,20,0,4.7
조산교회,43172,5,53,5,53,0,1.93
조산교회,43338,101,8,101,8,0,3.63
조산초등학교,43189,17,222,17,222,0,7.97
조산초등학교,43593,263,10,262,10,1,9.1
종갱이,43180,101,178,101,178,0,9.3
종갱이,43288,140,53,140,53,0,6.43
종근당,40002,509,8,509,8,0,17.23
종근당,40005,13,932,13,932,0,31.5
종로약국,57005,903,1037,903,1037,0,64.67
종로약국,57007,1955,808,1955,808,0,92.1
종생마을,80161,991,180,991,180,0,39.03
종생마을,80162,175,1396,175,1396,0,52.37
종점(병무청),37014,2135,1957,2135,1957,0,136.4
종합터미널,37242,43690,21762,43690,21762,0,2181.73
종합터미널,39177,15140,36933,15140,36933,0,1735.77
종현동정보화마을,62043,27,153,27,153,0,6
종현동정보화마을,62044,174,23,174,23,0,6.57
좌동교차로,89371,7,43,7,43,0,1.67
좌동마을,42452,102,134,102,134,0,7.87
좌동마을,89253,232,164,232,164,0,13.2
좌동마을입구,42456,25,236,25,236,0,8.7
좌동마을입구,42928,441,23,441,23,0,15.47
주거단지,35118,519,420,519,420,0,31.3
주거단지,35120,309,825,301,825,8,37.8
주공12단지,35082,1229,313,1229,313,0,51.4
주공12단지,35084,740,723,740,723,0,48.77
주공6단지후문,40453,3589,2470,3589,2470,0,201.97
주공뜨란채아파트,40708,3381,3663,3381,3663,0,234.8
주공뜨란채아파트,40803,4119,3322,4119,3322,0,248.03
주공아파트,40867,469,930,469,930,0,46.63
주물단지,42291,1597,3974,1597,3974,0,185.7
주민행복센터,36152,323,785,323,785,0,36.93
주안1동행정복지센터,37385,6272,6791,6272,6791,0,435.43
주안4동행정복지센터,37318,2749,4244,2749,4244,0,233.1
주안4동행정복지센터,37333,250,304,250,304,0,18.47
주안4동행정복지센터,37335,61,444,61,444,0,16.83
주안4동행정복지센터,37338,7650,4217,7650,4217,0,395.57
주안5동행정복지센터,37526,714,1020,714,1020,0,57.8
주안7동행정복지센터,37214,24355,23299,24355,23299,0,1588.47
주안7동행정복지센터,37216,24353,21053,24353,21053,0,1513.53
주안국가산단역,37583,7627,744,7627,744,0,279.03
주안국가산단역,37584,28,2495,28,2495,0,84.1
주안남초등학교,37283,7372,8420,7372,8420,0,526.4
주안남초등학교,37284,13430,5197,13430,5197,0,620.9
주안남초등학교,37683,624,1655,624,1655,0,75.97
주안도서관·미추홀구평생학습관,37341,709,543,709,543,0,41.73
주안도서관·미추홀구평생학습관,37342,870,628,870,628,0,49.93
주안매매단지,37586,308,207,308,207,0,17.17
주안북부역,37418,20207,12331,20207,12331,0,1084.6
주안북부역,37420,17951,13005,17951,13005,0,1031.87
주안북초등학교,37417,4548,9270,4548,9270,0,460.6
주안사거리,37330,19302,12859,19302,12859,0,1072.03
주안사거리,37514,3287,11495,3287,11495,0,492.73
주안센트럴파라곤아파트,37302,7327,4964,7327,4964,0,409.7
주안시범공단,39927,309,396,309,396,0,23.5
주안아파트,37207,902,2523,902,2523,0,114.17
주안아파트,37209,1407,1279,1407,1279,0,89.53
주안역,37387,83752,33790,83752,33790,0,3918.07
주안역,37389,19656,57090,19656,57090,0,2558.2
주안역,37402,1108,4703,1108,4703,0,193.7
주안역,37506,27445,18559,27445,18559,0,1533.47
주안역센트레빌아파트,37430,7472,9944,7472,9944,0,580.53
주안역센트레빌아파트정문,37490,1052,949,1052,949,0,66.7
주안역환승정류장,37503,90735,80044,90735,80044,0,5692.63
주안역환승정류장,37617,148032,123312,148032,123312,0,9044.8
주안파크자이더플래티넘아파트,37201,20840,12364,20840,12364,0,1106.8
주안파크자이더플래티넘아파트,37204,12606,22947,12606,22947,0,1185.1
주안현대아파트·지웰에스테이트,37358,17274,17639,17274,17639,0,1163.77
주원고개,39377,1454,4190,1454,4190,0,188.13
주원고개,39396,3356,7885,3356,7885,0,374.7
주적골,39510,664,1928,664,1928,0,86.4
주적골,39608,765,982,765,982,0,58.23
주택마을,90230,3,121,3,121,0,4.13
주택마을,90489,65,3,65,3,0,2.27
중고등학교,44106,18,73,18,73,0,3.03
중고등학교,44193,143,19,143,19,0,5.4
중고차매매단지엠파크허브,42038,666,1107,666,1107,0,59.1
중곡고개,43935,9,1,9,1,0,0.33
중구노인복지회관,35151,12575,11319,12575,11319,0,796.47
중구노인복지회관,35152,13462,11928,13462,11928,0,846.33
중구문화회관,35466,2,626,2,626,0,20.93
중구문화회관,35467,1604,397,1604,397,0,66.7
중구청,35157,2729,1140,2729,1140,0,128.97
중구청,35159,916,2997,916,2997,0,130.43
중구청소년수련관.하늘중학교,35824,3106,1239,3105,1239,1,144.83
중구청입구,35894,14,290,14,290,0,10.13
중독고개,43936,34,49,34,49,0,2.77
중박골입구,44123,2,31,2,31,0,1.1
중박골입구,44194,4,0,4,0,0,0.13
중봉로교차로,89420,2182,2667,2182,2667,0,161.63
중봉로교차로,89421,1215,941,1215,941,0,71.87
중부고용노동청(인천고용센터),39222,737,690,737,690,0,47.57
중부고용노동청(인천고용센터),39223,546,727,546,727,0,42.43
중산고등학교,35868,201,251,201,251,0,15.07
중산고등학교,35869,1394,1341,1394,1341,0,91.17
중산교차로,35652,2005,938,2005,938,0,98.1
중산교차로,35653,593,3807,593,3807,0,146.67
중산동,35247,465,811,465,811,0,42.53
중산동,35305,749,480,749,480,0,40.97
중산동(중촌),35272,1067,1757,1067,1757,0,94.13
중산동(중촌),35278,2394,827,2394,827,0,107.37
중산중고등학교,35817,266,204,266,204,0,15.67
중산중학교,35656,1335,624,1335,624,0,65.3
중산중학교,35657,538,2070,538,2070,0,86.93
중앙공영아파트,41268,3500,1191,3500,1191,0,156.37
중앙공원사거리,39189,593,764,593,764,0,45.23
중앙방앗간,35852,8,24,8,24,0,1.07
중앙방앗간,35853,11,31,11,31,0,1.4
중앙사료,42014,2023,1351,2023,1351,0,112.47
중앙사료,42015,574,1136,574,1136,0,57
중앙산부인과,70176,3,407,3,407,0,13.67
중앙산부인과,70230,698,80,698,80,0,25.93
중앙시장,90125,2557,1163,2529,1163,28,124
중앙시장.고려궁지입구,43067,1982,1842,1977,1842,5,127.47
중앙아파트,40409,709,899,709,899,0,53.6
중앙아파트,42315,2486,1966,2486,1966,0,148.4
중앙하이츠,41110,4655,13534,4655,13534,0,606.3
중앙호수공원입구(호반베르디움),89245,23,686,23,686,0,23.63
중원고등학교,55078,2170,915,2170,915,0,102.83
중촌,43252,205,2,205,2,0,6.9
중촌,43369,1,100,1,100,0,3.37
중촌교차로,35436,148,731,148,731,0,29.3
중촌교차로,35443,633,259,633,259,0,29.73
중혈마을,43176,11,35,11,35,0,1.53
중혈마을,43299,101,5,100,5,1,3.53
중흥S클래스,42832,2754,2061,2754,2061,0,160.5
중흥S클래스,42847,1081,697,1081,697,0,59.27
중흥S클래스1차,42844,466,844,466,844,0,43.67
중흥S클래스1차,42845,1029,761,1029,761,0,59.67
중흥S클래스2단지,42771,3959,1589,3959,1589,0,184.93
중흥S클래스2단지(북측),42856,5145,1693,5145,1693,0,227.93
중흥마을.은하마을,55070,623,361,623,361,0,32.8
지랏돌,90071,109,7,108,7,1,3.87
지랏돌,90072,1,51,1,51,0,1.73
지밸리비즈플라자.이마트구로점,17122,357,0,357,0,0,11.9
지산리,90436,29,54,29,54,0,2.77
지산리입구,43310,4,3,4,3,0,0.23
지산리입구,43751,32,30,32,30,0,2.07
지산입구(용진),43538,35,2,35,2,0,1.23
지산입구(용진),43679,1,31,1,31,0,1.07
지석리마을회관,90274,4,8,4,8,0,0.4
지석리망향단입구,90273,2,7,2,7,0,0.3
지석리오현부락,90275,17,13,17,13,0,1
지석초등학교입구,90277,17,8,17,8,0,0.83
지식정보단지역,38373,12059,2189,12059,2189,0,474.93
지식정보단지역,38403,16487,1609,16487,1609,0,603.2
지식정보단지역,38404,964,13072,964,13072,0,467.87
지식정보단지역(4번출구),38380,846,12574,846,12574,0,447.33
지하이시티.보건지소.치매센터,17127,269,2,269,2,0,9.03
진고개(5연대입구),43380,347,135,346,135,1,16.07
진고개(5연대입구),43794,322,751,322,751,0,35.77
진광횟집앞,43507,19,3,19,3,0,0.73
진광횟집앞,43541,1,10,1,10,0,0.37
진달래아파트,37600,22,826,22,826,0,28.27
진도로르빌아파트,37471,3890,9894,3890,9894,0,459.47
진두방앗간,44129,1,21,1,21,0,0.73
진두방앗간,44195,22,0,22,0,0,0.73
진산과학고등학교,40640,4,430,4,430,0,14.47
진산과학고등학교,40915,87,5,87,5,0,3.07
진산중학교,40575,1225,2336,1225,2336,0,118.7
진산초등학교,40614,1081,4099,1081,4099,0,172.67
진산초등학교,40633,1,141,1,141,0,4.73
진산초등학교,40914,268,8,268,8,0,9.2
진솔인더스트리,89447,269,21,269,21,0,9.67
진솔인더스트리,89448,8,350,8,350,0,11.93
진주5단지503동앞,42089,3790,2836,3790,2836,0,220.87
진주상가,42544,3579,258,3579,258,0,127.9
진주아파트2단지6동,42084,135,7161,135,7161,0,243.2
진주아파트2단지·가좌시장,42092,446,11401,446,11401,0,394.9
진주아파트3단지,42086,9147,181,9147,181,0,310.93
진주아파트4단지,42077,3641,191,3641,191,0,127.73
진표에너지,42548,0,271,0,271,0,9.03
진흥아파트,37190,2542,2263,2542,2263,0,160.17
진흥아파트,37193,2516,2974,2516,2974,0,183
진흥아파트,37240,5591,2805,5591,2805,0,279.87
진흥아파트,37243,5384,10372,5384,10372,0,525.2
진흥아파트,39297,7765,7465,7765,7465,0,507.67
집단에너지,39064,214,130,214,130,0,11.47
집단에너지시설,39065,67,177,67,177,0,8.13
짓절미,43485,26,14,26,14,0,1.33
짓절미,43713,9,23,9,23,0,1.07
찬우물,39179,1264,3247,1264,3247,0,150.37
찬우물,39188,1891,825,1891,825,0,90.53
찬우물,43048,142,335,141,335,1,15.9
찬우물근린공원,39914,10641,7760,10641,7760,0,613.37
찬우물근린공원,39915,8771,7951,8771,7951,0,557.4
찬우물약수터,43851,209,266,207,266,2,15.83
참빛감리교회,42437,14828,13935,14828,13935,0,958.77
참좋은집,36160,495,47,495,47,0,18.07
참좋은집,36161,36,447,36,447,0,16.1
창2리마을회관앞,90479,135,395,135,395,0,17.67
창2리마을회관앞,90480,234,103,230,103,4,11.23
창골,43549,296,172,295,172,1,15.6
창리,43902,7,206,7,206,0,7.1
창리,43903,86,21,86,21,0,3.57
창서초등학교.현대백화점,22003,2062,15,2062,15,0,69.23
창신초등학교,42620,2208,2416,2208,2416,0,154.13
창신초등학교,42621,1971,1497,1971,1497,0,115.6
창후1리마을회관,43595,150,0,149,0,1,5
창후1리마을회관,43783,4,171,4,171,0,5.83
창후리입구,43604,221,21,216,21,5,8.07
창후리입구,43830,60,243,60,243,0,10.1
창후리종점,43774,22,101,20,101,2,4.1
창후정미소,43461,96,2,96,2,0,3.27
창후정미소,43600,1,84,1,84,0,2.83
채석장,38179,1229,439,1229,439,0,55.6
채플갤러리,90422,7,0,7,0,0,0.23
채플갤러리,90423,1,11,1,11,0,0.4
천곡,43409,151,1,145,1,6,5.07
천곡,43827,16,177,16,177,0,6.43
천촌,43411,26,141,26,141,0,5.57
천촌,43795,193,2,191,2,2,6.5
철곶,43653,8,33,8,33,0,1.37
철곶,43759,73,19,73,19,0,3.07
철산리검문소,43957,8,25,8,25,0,1.1
철산리검문소,43958,20,9,20,9,0,0.97
철산리입구,43685,73,17,73,17,0,3
철산리입구,43741,22,43,22,43,0,2.17
첨단초등학교,92014,527,5232,527,5232,0,191.97
청광플러스원101동앞,92070,392,4099,392,4099,0,149.7
청광플러스원102동앞,39946,771,107,771,107,0,29.27
청광플러스원아파트,39775,5857,3048,5857,3048,0,296.83
청광플러스원아파트,39786,2786,8840,2786,8840,0,387.53
청능로사거리,39622,43254,16994,43254,16994,0,2008.27
청능로사거리,39623,19199,40659,19199,40659,0,1995.27
청라1동행정복지센터,42744,14014,5598,14014,5598,0,653.73
청라1동행정복지센터,42745,7365,10915,7365,10915,0,609.33
청라1호문화공원,89471,12,0,12,0,0,0.4
청라2동행정복지센터,89039,3070,824,3070,824,0,129.8
청라2동행정복지센터,89042,1621,3356,1621,3356,0,165.9
청라3동행정복지센터,89374,1376,7107,1376,7107,0,282.77
청라3동행정복지센터,89375,8476,1225,8476,1225,0,323.37
청라BRT차고지입구,89336,10,893,10,893,0,30.1
청라BRT차고지입구,89337,868,37,868,37,0,30.17
청라BRT통합차고지,89508,2,278,2,278,0,9.33
청라BRT통합차고지,89522,492,64,492,64,0,18.53
청라고등학교,42784,2161,1402,2161,1402,0,118.77
청라고등학교,42785,1637,2292,1637,2292,0,130.97
청라골프아카데미,89255,183,61,183,61,0,8.13
청라골프아카데미,89256,94,178,94,178,0,9.07
청라국제도서관,42922,1797,492,1797,492,0,76.3
청라국제도서관,42923,513,1922,513,1922,0,81.17
청라국제도시역,89270,54948,37873,54948,37873,0,3094.03
청라국제도시역(경명대로),89034,8429,10139,8429,10139,0,618.93
청라국제도시역(서부산단방향),89043,32513,55793,32513,55793,0,2943.53
청라국제도시역(청라국제교방향),89215,60985,32333,60985,32333,0,3110.6
청라국제도시역푸르지오시티,89523,1548,6896,1548,6896,0,281.47
청라국제도시역푸르지오시티,89524,13253,7131,13253,7131,0,679.47
청라국제어린이집,89289,474,339,474,339,0,27.1
청라국제업무단지(골드클래스),42984,1372,405,1372,405,0,59.23
청라꽃농원,42991,118,179,118,179,0,9.9
청라달튼국제학교,42895,2234,671,2234,671,0,96.83
청라달튼국제학교,89121,1348,1332,1348,1332,0,89.33
청라도,42931,11,150,11,150,0,5.37
청라도,89127,9,75,9,75,0,2.8
청라디이스트,42868,5431,2519,5431,2519,0,265
청라디이스트,42961,214,1618,214,1618,0,61.07
청라디이스트(562동),42962,2511,3820,2511,3820,0,211.03
청라디이스트(567동),89017,1162,444,1162,444,0,53.53
청라로봇랜드,89246,41,19,41,19,0,2
청라로봇랜드,89247,1,82,1,82,0,2.77
청라모아미래도아파트604동,89344,3708,3504,3708,3504,0,240.4
청라모아미래도아파트정문,89353,42,22,42,22,0,2.13
청라백세요양병원,42944,201,163,201,163,0,12.13
청라백세요양병원,89179,228,296,228,296,0,17.47
청라복합문화센터,89218,523,2212,523,2212,0,91.17
청라복합문화센터,89219,1658,526,1658,526,0,72.8
청라센텀로제비앙,89295,1854,2283,1854,2283,0,137.9
청라센텀로제비앙,89296,2234,1924,2234,1924,0,138.6
청라센텀로제비앙정문앞,89346,37,161,37,161,0,6.6
청라센트럴에일린의뜰,42834,5700,4108,5700,4108,0,326.93
청라센트럴에일린의뜰104동,42990,3735,2215,3735,2215,0,198.33
청라센트럴에일린의뜰106동,42892,10698,7007,10698,7007,0,590.17
청라스타필드,89417,462,1093,462,1093,0,51.83
청라스타필드,89418,1410,2236,1410,2236,0,121.53
청라시티프라디움,89334,2362,2937,2362,2937,0,176.63
청라시티프라디움,89335,4306,1652,4306,1652,0,198.6
청라우미린,42862,940,5773,940,5773,0,223.77
청라우미린아파트,89290,3471,14362,3471,14362,0,594.43
청라웰카운티221동,89288,270,631,270,631,0,30.03
청라웰카운티223동,42997,1256,442,1256,442,0,56.6
청라자이,42742,10642,3414,10642,3414,0,468.53
청라중앙호수공원입구,89021,15488,10351,15488,10351,0,861.3
청라중앙호수공원입구,89024,9356,16996,9356,16996,0,878.4
청라중학교,42848,1311,2330,1311,2330,0,121.37
청라초등학교,89281,7174,7193,7174,7193,0,478.9
청라초등학교,89282,5815,8731,5815,8731,0,484.87
청라파크자이상가,89299,1198,1315,1198,1315,0,83.77
청라파크자이상가,89300,783,1255,783,1255,0,67.93
청라푸르지오,89217,594,1660,594,1660,0,75.13
청라푸르지오라피아노,89497,2,248,2,248,0,8.33
청라푸르지오라피아노,89498,65,1,65,1,0,2.2
청라하늘대교입구,35952,867,260,867,260,0,37.57
청라한내로72번길,89533,89,26,89,26,0,3.83
청라한내로72번길,89534,62,213,62,213,0,9.17
청라한양수자인레이크블루,89348,2468,2816,2468,2816,0,176.13
청라한양수자인레이크블루,89351,2723,1494,2723,1494,0,140.57
청라한화꿈에그린,89123,2470,654,2470,654,0,104.13
청라한화꿈에그린,89124,613,1505,613,1505,0,70.6
청라호반베르디움.포리공원,42899,2182,505,2182,505,0,89.57
청라호반베르디움.포리공원,42919,894,2225,894,2225,0,103.97
청라호수공원(남측),42861,2797,692,2797,692,0,116.3
청라호수공원(남측),42863,808,2797,808,2797,0,120.17
청라호수공원(동축),89531,330,6,330,6,0,11.2
청라호수공원(동축),89532,8,146,8,146,0,5.13
청라호수공원(서측),89535,102,25,102,25,0,4.23
청라호수공원(서측),89536,28,306,28,306,0,11.13
청라호수공원한신더휴,42870,8363,1750,8363,1750,0,337.1
청라호수공원한신더휴아파트,89291,18006,5951,18006,5951,0,798.57
청라힐스테이트,42987,1155,2757,1155,2757,0,130.4
청라힐스테이트,42988,2909,801,2909,801,0,123.67
청람중학교,89018,1786,2160,1786,2160,0,131.53
청람중학교,89019,2442,2262,2442,2262,0,156.8
청람초등학교,89279,10342,10453,10342,10453,0,693.17
청람초등학교,89280,11083,12608,11083,12608,0,789.7
청량중학교,38086,10739,5090,10739,5090,0,527.63
청련사입구,43766,109,351,108,351,1,15.33
청련사입구,43841,292,45,291,45,1,11.23
청룡정,41633,203,30,203,30,0,7.77
청룡정,41634,7,214,7,214,0,7.37
청소년수련관,42612,2347,175,2347,175,0,84.07
청소년수련관,42613,75,2461,75,2461,0,84.53
청소년수련관,43078,101,248,101,248,0,11.63
청소년수련관,43079,103,106,103,106,0,6.97
청소년수련관·어린이과학관·체육센터,41307,11236,7944,11236,7944,0,639.33
청소년수련관·어린이과학관·체육센터,41308,5981,8075,5981,8075,0,468.53
청송1단지.중흥S클래스,80090,239,265,239,265,0,16.8
청송1단지.중흥S클래스,80102,664,175,664,175,0,27.97
청송2.3단지,80089,103,93,103,93,0,6.53
청송2.3단지,80101,265,101,265,101,0,12.2
청송마을.성우오스타,80329,226,133,226,133,0,11.97
청송부락,90092,0,4,0,4,0,0.13
청송부락,90093,80,163,79,163,1,8.1
청수농장,35928,1,5,1,5,0,0.2
청수농장,35929,0,1,0,1,0,0.03
청수사거리,40582,3910,6792,3910,6792,0,356.73
청수사거리,40586,17111,7501,17111,7501,0,820.4
청양골,42775,2,69,2,69,0,2.37
청운대삼거리(하늘꿈교회),37433,5343,4720,5343,4720,0,335.43
청운대삼거리(하늘꿈교회),37500,3260,3526,3260,3526,0,226.2
청운대후문.한전제물포지사,37632,170,269,170,269,0,14.63
청운대후문.한전제물포지사,37633,169,1290,169,1290,0,48.63
청정주말농장,39852,3,224,3,224,0,7.57
청천1동행정복지센터,40938,1247,349,1247,349,0,53.2
청천1동행정복지센터,40939,351,2169,351,2169,0,84
청천농장,40538,205,1172,205,1172,0,45.9
청천농장,42511,1495,329,1495,329,0,60.8
청천농장(종점),40520,2687,2846,2687,2846,0,184.43
청천농장입구,40558,358,20,358,20,0,12.6
청천농장입구,40809,4,354,4,354,0,11.93
청천농장입구,40941,28,1000,28,1000,0,34.27
청천도서관,40426,1198,1994,1198,1994,0,106.4
청천도서관,40427,970,813,970,813,0,59.43
청천동,40808,787,770,787,770,0,51.9
청천동무지개아파트,40617,838,3810,838,3810,0,154.93
청천동무지개아파트,40618,3523,868,3523,868,0,146.37
청천동아이즈빌아울렛,40587,3252,8463,3252,8463,0,390.5
청천동아이즈빌아울렛,40818,3826,2130,3826,2130,0,198.53
청천동차고지,40925,2349,3094,2349,3094,0,181.43
청천오거리,40568,676,1170,676,1170,0,61.53
청천중학교,40449,1728,7579,1728,7579,0,310.23
청천중학교,40455,1678,5262,1678,5262,0,231.33
청천천공영주차장,40896,661,2338,661,2338,0,99.97
청천천공영주차장,41639,679,2025,679,2025,0,90.13
청천초등학교후문,40574,1908,14317,1908,14317,0,540.83
청천초등학교후문,40579,15003,1681,15003,1681,0,556.13
청천치안센터,40533,35494,15664,35494,15664,0,1705.27
청천치안센터,40537,12245,17598,12245,17598,0,994.77
청천푸르지오아파트,40488,10044,9427,10044,9427,0,649.03
청천푸르지오아파트,40515,11748,1812,11748,1812,0,452
청천푸르지오아파트,40516,1891,8247,1891,8247,0,337.93
청천푸르지오아파트,40811,8438,2144,8438,2144,0,352.73
청천푸르지오아파트,40812,1621,5266,1621,5266,0,229.57
청천푸르지오아파트,40894,33,2073,33,2073,0,70.2
청천하우스디아파트,40475,7071,2465,7071,2465,0,317.87
청천하우스디아파트,40477,1061,4646,1061,4646,0,190.23
청학동.한국전력남인천지사,38230,2637,3627,2637,3627,0,208.8
청학문화센터,38239,8002,6677,8002,6677,0,489.3
청학사거리,38256,24670,16014,24670,16014,0,1356.13
청학사거리,38259,11562,16020,11562,16020,0,919.4
청학사거리,38509,1727,1867,1727,1867,0,119.8
청학아파트,38236,10193,6422,10193,6422,0,553.83
청학아파트,38341,7317,7936,7317,7936,0,508.43
청학중학교,38160,3667,4796,3667,4796,0,282.1
청학중학교,38161,3091,2404,3091,2404,0,183.17
청학중학교,38496,954,383,954,383,0,44.57
청학초등학교,38181,2648,3469,2648,3469,0,203.9
청학초등학교,38185,3283,2871,3283,2871,0,205.13
청학초등학교,38190,2118,2858,2118,2858,0,165.87
체육공원,90214,41,58,41,58,0,3.3
체육공원앞,35605,31,1324,31,1324,0,45.17
체육공원앞,35606,1113,12,1113,12,0,37.5
초은고등학교,89025,11089,6874,11089,6874,0,598.77
초은고등학교,89026,4934,12451,4934,12451,0,579.5
초정마을,41252,3728,2390,3728,2390,0,203.93
초정마을,41254,2029,1084,2029,1084,0,103.77
초지,43016,10,69,9,69,1,2.63
초지대교,43017,239,485,239,485,0,24.13
초지대교,43071,1646,538,1646,538,0,72.8
초지대교,43106,286,841,286,841,0,37.57
초지리,43026,65,305,65,305,0,12.33
초지리,43093,9,42,9,42,0,1.7
초지삼거리,43112,139,23,139,23,0,5.4
초지삼거리,43147,2,20,2,20,0,0.73
초지삼거리,43508,16,125,16,125,0,4.7
초지진,43024,37,82,37,82,0,3.97
초지진,43025,309,134,309,134,0,14.77
초지큰말,43260,30,0,30,0,0,1
초지큰말,43512,0,17,0,17,0,0.57
축현초등학교.인천시립박물관,38151,4931,3786,4931,3786,0,290.57
축현초등학교.인천시립박물관,38152,3038,4417,3038,4417,0,248.5
축협,43061,1805,982,1790,982,15,92.9
충렬사,43629,57,50,57,50,0,3.57
충성아파트,40117,1191,2021,1191,2021,0,107.07
치마바위,43247,2,32,2,32,0,1.13
치마바위,43646,11,4,11,4,0,0.5
카페거리,35727,114,36,114,36,0,5
카페거리,35728,26,227,26,227,0,8.43
칼빈매니토바국제학교,38370,2181,5003,2181,5003,0,239.47
칼빈매니토바국제학교,38435,4290,725,4290,725,0,167.17
칼빈매니토바국제학교,38500,4313,2363,4313,2363,0,222.53
캐슬해모로,39845,1261,338,1261,338,0,53.3
캐슬해모로,39846,5198,833,5198,833,0,201.03
캐슬해모로,39848,822,1054,822,1054,0,62.53
캐슬해모로,39849,1129,4746,1129,4746,0,195.83
캠퍼스타운역,38419,13312,23726,13312,23726,0,1234.6
캠퍼스타운역,38420,13422,9445,13422,9445,0,762.23
캠퍼스타운역(3번출구),38388,32,3011,32,3011,0,101.43
캠퍼스타운역(3번출구),38717,913,24,913,24,0,31.23
커넬워크,38415,2138,638,2138,638,0,92.53
커넬워크,38417,3547,3363,3547,3363,0,230.33
커넬워크,38753,46,2738,46,2738,0,92.8
커넬워크(4동),38527,459,1072,459,1072,0,51.03
컨벤시아,38372,1444,2757,1444,2757,0,140.03
코세스물류창고,89197,66,11,66,11,0,2.57
코스모스아파트,42098,292,1102,292,1102,0,46.47
코오롱더프라우,38439,13,1198,13,1198,0,40.37
코오롱아파트작전중.고.여고,41117,3010,3637,3010,3637,0,221.57
"쿠팡16,17센터",35865,543,1227,543,1227,0,59
쿠팡물류센터,89157,6,681,6,681,0,22.9
큐티엘,90218,14,18,14,18,0,1.07
크리스탈로102번길,89529,108,3,108,3,0,3.7
크리스탈로102번길,89530,11,86,11,86,0,3.23
큰말,43937,42,0,42,0,0,1.4
큰말,43938,0,11,0,11,0,0.37
큰말,43949,4,9,4,9,0,0.43
큰말,90309,3,3,2,3,1,0.2
큰무리선착장,35710,151,81,151,81,0,7.73
큰무리선착장,35712,36,289,36,289,0,10.83
큰방죽사거리,39144,1999,745,1999,745,0,91.47
큰방죽사거리,39145,302,2266,302,2266,0,85.6
큰방죽삼거리,39575,84,203,84,203,0,9.57
큰방죽삼거리,39576,52,385,52,385,0,14.57
큰산너머입구,44013,9,156,9,156,0,5.5
큰산너머입구,44014,162,27,162,27,0,6.3
킹스빌타운,41315,3046,3317,3046,3317,0,212.1
타운하우스공장.명진화학,89226,17,527,17,527,0,18.13
타운하우스공장.명진화학,89227,646,20,646,20,0,22.2
탄토마을,90378,1,11,1,11,0,0.4
탄토마을,90381,18,1,18,1,0,0.63
탑재,43115,0,73,0,73,0,2.43
탑재,43327,237,282,237,282,0,17.3
탑재,43579,277,241,276,241,1,17.27
태경아파트,38275,8476,9854,8476,9854,0,611
태산.대진아파트,38294,2884,2979,2884,2979,0,195.43
태산아파트,41193,8507,11321,8507,11321,0,660.93
태산아파트,42227,531,448,531,448,0,32.63
태산아파트·하나아파트,41578,1364,2559,1364,2559,0,130.77
태신보세창고,89236,84,791,84,791,0,29.17
태신보세창고,89237,2558,74,2558,74,0,87.73
태양공단,42147,3817,2565,3817,2565,0,212.73
태양공단,42148,4868,3334,4868,3334,0,273.4
태양주택,40204,3,2114,3,2114,0,70.57
태양주택,40936,2718,20,2718,20,0,91.27
태영아파트,42298,2999,2956,2999,2956,0,198.5
태영아파트,42300,3090,2685,3090,2685,0,192.5
태평1차아파트,39241,3329,483,3329,483,0,127.07
태평1차아파트,39242,409,3686,409,3686,0,136.5
태평1차아파트,39516,9483,1645,9483,1645,0,370.93
태평1차아파트,39517,1935,10761,1935,10761,0,423.2
태평2차아파트,39225,12588,3809,12588,3809,0,546.57
태평2차아파트,39518,3814,8804,3814,8804,0,420.6
태평아파트,38083,8572,7181,8572,7181,0,525.1
태평아파트,41183,1495,151,1495,151,0,54.87
태평아파트.주안한신휴플러스아파트,37180,2924,4413,2924,4413,0,244.57
태평아파트.주안한신휴플러스아파트,37183,1664,2270,1664,2270,0,131.13
태평아파트1차(A),42326,4683,14612,4683,14612,0,643.17
태평아파트1차(B),42325,13770,4795,13770,4795,0,618.83
태평아파트2차(A),42317,3075,3817,3075,3817,0,229.73
태평아파트2차(B),42318,6865,3677,6865,3677,0,351.4
태평아파트입구,39274,142,1470,142,1470,0,53.73
태평아파트입구,39276,591,268,591,268,0,28.63
태평양산업,39066,2846,593,2846,593,0,114.63
태평양인천물류센터,42012,1387,2006,1387,2006,0,113.1
태화.두진아파트,39441,8101,6680,8101,6680,0,492.7
태화두진아파트,39445,6827,7603,6827,7603,0,481
태화아파트,37413,4131,4235,4131,4235,0,278.87
태화아파트,37416,5826,4369,5826,4369,0,339.83
태화아파트,40545,9388,4813,9388,4813,0,473.37
태화아파트,40810,2146,59,2146,59,0,73.5
태화아파트,42123,2779,11023,2779,11023,0,460.07
태화아파트,42124,11405,5643,11405,5643,0,568.27
태화한진아파트,41132,4619,2646,4619,2646,0,242.17
태화한진아파트612동,41135,1388,3587,1388,3587,0,165.83
택리,43233,12,3,12,3,0,0.5
택리,43859,10,38,10,38,0,1.6
택리교회,43229,18,78,18,78,0,3.2
택리교회,43860,112,9,112,9,0,4.03
테니스장,40456,274,401,274,401,0,22.5
테일코리아,89430,549,79,549,79,0,20.93
테일코리아,89431,744,680,744,680,0,47.47
테크노파크IT센타,39726,920,3264,920,3264,0,139.47
테크노파크IT센타,39727,3855,2311,3855,2311,0,205.53
테크노파크IT센터,39938,3661,6502,3661,6502,0,338.77
테크노파크역,38421,39966,24974,39966,24974,0,2164.67
테크노파크역,38422,38242,32698,38242,32698,0,2364.67
토지금고,37114,8639,2631,8639,2631,0,375.67
토지금고,37115,3906,12504,3906,12504,0,547
토지금고시장,37102,18149,12737,18149,12737,0,1029.53
토지금고시장앞,37509,11046,13042,11046,13042,0,802.93
통진성당,80137,1140,265,1140,265,0,46.83
통진성당,80138,219,1075,219,1075,0,43.13
통진중고등학교,35073,5365,633,5365,633,0,199.93
통진중고등학교,35074,642,5091,642,5091,0,191.1
트러스(서구장애인직업재활시설),42809,564,2,564,2,0,18.87
트러스(서구장애인직업재활시설),42810,0,311,0,311,0,10.37
트레지움1단지.다니엘병원,55076,2299,1016,2299,1016,0,110.5
트레지움1단지.다니엘병원,55077,844,1831,844,1831,0,89.17
트루엘에코시티아파트,42047,2451,4617,2451,4617,0,235.6
트루엘에코시티아파트,89528,1840,1959,1840,1959,0,126.63
트루엘에코시티아파트(후문),42049,1861,1366,1861,1366,0,107.57
트루엘에코시티아파트(후문),42050,1899,1296,1899,1296,0,106.5
파라곤보타닉파크,89422,2424,794,2424,794,0,107.27
파라곤보타닉파크(고산터널),89395,6502,6702,6502,6702,0,440.13
파라다이스공원,43391,128,19,126,19,2,4.9
파라다이스공원,43828,15,144,15,144,0,5.3
파크골프장후문,35944,86,17,82,17,4,3.43
팔도주유소,40175,333,396,333,396,0,24.3
팔도주유소,40774,11060,6901,11060,6901,0,598.7
패션단지,18780,246,6,246,6,0,8.4
팬더아파트,39968,382,2,382,2,0,12.8
팬더아파트,39980,1,294,1,294,0,9.83
펜션마을,90392,1,2,1,2,0,0.1
펜션마을,90393,2,0,2,0,0,0.07
평산기공,39138,3371,8879,3371,8879,0,408.33
평전,43258,1,80,1,80,0,2.7
평화전망대,43743,37,99,37,99,0,4.53
평화전망대,43760,1,3,1,3,0,0.13
포내교회,35874,8,2,8,2,0,0.33
포내교회,35875,3,28,2,28,1,1.03
포도마을,55039,2722,3597,2722,3597,0,210.63
포도마을사거리.현대백화점.이마트,55055,10393,9450,10393,9450,0,661.43
포도밭,43939,12,7,11,7,1,0.63
포도밭,43940,9,17,9,17,0,0.87
포레나루원시티아파트,42980,387,509,387,509,0,29.87
포레나루원시티아파트,42981,7,537,7,537,0,18.13
포레시안101동앞,39729,6316,5519,6316,5519,0,394.5
포레시안101동앞,39730,4619,3969,4619,3969,0,286.27
포스코타워앤쉐라톤호텔,38491,3221,2097,3221,2097,0,177.27
푸르지오더베뉴(3216동),89442,1083,1808,1083,1808,0,96.37
푸르지오더베뉴후문,89423,1236,2214,1236,2214,0,115
푸르지오더스카이,35844,5112,2606,5112,2606,0,257.27
푸르지오더스카이,35845,2810,3290,2810,3290,0,203.33
푸르지오더스카이256동,35508,128,17,128,17,0,4.83
푸르지오더스카이256동,35509,41,223,41,223,0,8.8
푸르지오월드마크,38471,8840,15498,8840,15498,0,811.27
푸르지오하버뷰,38456,270,711,270,711,0,32.7
푸르지오하버뷰,38522,1465,3076,1465,3076,0,151.37
푸른나래사거리.영종복합문화센터,35950,8,1,8,1,0,0.3
푸른나래사거리.영종복합문화센터,35951,1,12,1,12,0,0.43
풍류산,90129,0,32,0,32,0,1.07
풍류산,90130,32,0,32,0,0,1.07
풍림1단지정문,70007,6,766,6,766,0,25.73
풍림1차205동,35255,3628,8144,3628,8144,0,392.4
풍림1차205동,35256,11152,4869,11150,4869,2,534.03
풍림1차아파트,42969,13659,4380,13659,4380,0,601.3
풍림1차아파트,42970,4232,13512,4232,13512,0,591.47
풍림2.3차아파트,38350,9155,2305,9155,2305,0,382
풍림2단지,70010,1,1304,1,1304,0,43.5
풍림2차아파트,38049,5959,14152,5959,14152,0,670.37
풍림2차아파트,38050,7651,6311,7651,6311,0,465.4
풍림3단지정문,70003,105,127,105,127,0,7.73
풍림3차아파트,42366,8984,5135,8984,5135,0,470.63
풍림6단지,35124,2251,604,2251,604,0,95.17
풍림아이원,36114,118,1244,118,1244,0,45.4
풍림아이원,36115,6737,2143,6737,2143,0,296
풍림아이원,36121,3000,10438,3000,10438,0,447.93
풍림아이원,41441,3905,2114,3905,2114,0,200.63
풍림아이원1차·금호어울림아파트,42642,4934,70,4934,70,0,166.8
풍림아이원1차·금호어울림아파트,42646,12,4177,12,4177,0,139.63
풍림아이원2차아파트,42485,9418,53,9418,53,0,315.7
풍림아이원4차아파트,42645,16,5949,16,5949,0,198.83
풍림아이원8단지,35915,150,311,150,311,0,15.37
풍림아이원아파트,37034,20454,9960,20454,9960,0,1013.8
풍림아파트,36122,8123,827,8123,827,0,298.33
풍림아파트,37245,27831,7496,27831,7496,0,1177.57
풍림아파트,37246,6375,14691,6375,14691,0,702.2
풍림아파트,38255,4218,7636,4218,7636,0,395.13
풍림아파트,39162,7859,11077,7859,11077,0,631.2
풍림아파트,39163,11902,6173,11902,6173,0,602.5
풍림아파트,41374,2391,2635,2391,2635,0,167.53
풍림아파트,70008,582,2,582,2,0,19.47
풍림아파트(소래마을),39120,1429,3852,1429,3852,0,176.03
풍림아파트104동,40898,9057,7763,9057,7763,0,560.67
풍림아파트104동,40899,6088,7233,6088,7233,0,444.03
풍림아파트상가,70043,216,478,216,478,0,23.13
풍림아파트상가,70044,444,142,444,142,0,19.53
풍림엑슬루타워,42830,6729,8838,6729,8838,0,518.9
풍무역,80167,746,5368,746,5368,0,203.8
풍무역,80168,4870,931,4870,931,0,193.37
풍물시장,35054,230,883,230,883,0,37.1
풍물시장,35055,271,79,271,79,0,11.67
풍물시장,43941,527,10107,524,10107,3,354.47
풍산빌라입구,90384,15,12,15,12,0,0.9
풍산특수금속,90219,9,6,9,6,0,0.5
프라임,39643,6001,1834,6001,1834,0,261.17
프리상뜨아파트,40230,16,4352,16,4352,0,145.6
프린피아통합물류센터,89235,458,5,458,5,0,15.43
하나개삼거리,35733,14,89,14,89,0,3.43
하나개삼거리,35734,41,60,41,60,0,3.37
하나개해수욕장,35737,3332,3048,3329,3048,3,212.67
하나글로벌캠퍼스,89444,2510,1037,2510,1037,0,118.23
하나글로벌캠퍼스,89445,788,5061,788,5061,0,194.97
하나금융그룹통합데이터센터,89265,351,2254,351,2254,0,86.83
하나금융그룹통합데이터센터,89294,193,168,193,168,0,12.03
하나로쇼핑,37118,4062,9667,4062,9667,0,457.63
하나아파트,37051,1603,6577,1603,6577,0,272.67
하나아파트,37052,8778,3413,8778,3413,0,406.37
하나아파트,40546,1271,1966,1271,1966,0,107.9
하나아파트,41250,4844,6464,4844,6464,0,376.93
하나아파트,41574,3116,1055,3116,1055,0,139.03
하늘고등학교,35924,25,60,25,60,0,2.83
하늘고등학교,35925,29,39,29,39,0,2.27
하늘도시중심상가,35821,1597,381,1597,381,0,65.93
하늘도시중심상가,35822,372,1474,371,1474,1,61.53
하늘문화센터,35826,15,121,15,121,0,4.53
하늘문화센터,35827,139,31,137,31,2,5.67
하늘문화센터입구,35766,1,308,1,308,0,10.3
하늘문화센터입구,35767,88,13,88,13,0,3.37
하늘중학교,35823,1154,2882,1154,2882,0,134.53
하늘초등학교후문·한신더휴2차후문,35499,1468,692,1468,692,0,72
하늘초등학교후문·한신더휴2차후문,35500,589,2021,589,2021,0,87
하늘휴게소,70220,3463,16290,3463,16290,0,658.43
하늘휴게소,70221,14705,3299,14705,3299,0,600.13
하룩,43157,18,200,18,200,0,7.27
하룩,43281,260,48,259,48,1,10.27
하리마을회관,90243,2,20,2,20,0,0.73
하리마을회관,90244,19,0,19,0,0,0.63
하리선착장,90240,6,26,6,26,0,1.07
하야동,41438,395,524,395,524,0,30.63
하야동,41439,534,817,534,817,0,45.03
하얀마을,55035,3063,2994,3063,2994,0,201.9
하얀집민박,43440,13,0,13,0,0,0.43
하얀집민박,43497,0,19,0,19,0,0.63
하얏트호텔,35028,1482,9487,1482,9487,0,365.63
하얏트호텔,35206,3077,3968,3075,3968,2,234.83
하우고개,43275,98,162,98,162,0,8.67
하우고개,43577,196,127,196,127,0,10.77
하우스앞,43174,13,1,13,1,0,0.47
하우스앞,43231,0,15,0,15,0,0.5
하우스토리,41569,274,206,274,206,0,16
하우스토리,41570,102,1193,102,1193,0,43.17
하우스토리,41606,399,451,399,451,0,28.33
하우스토리,41626,648,374,648,374,0,34.07
하우스토리만수아파트,39301,1331,1079,1331,1079,0,80.33
하일부락입구,43967,2,2,2,2,0,0.13
하일부락입구,43971,0,14,0,14,0,0.47
하점공단,43448,0,83,0,83,0,2.77
하점공단,43755,12,13,12,13,0,0.83
하점면사무소,43738,461,212,454,212,7,22.43
하점면사무소,43834,223,423,220,423,3,21.53
하점순복음교회,90222,181,8,176,8,5,6.3
하점순복음교회,90223,3,35,3,35,0,1.27
하점우체국,43817,499,65,489,65,10,18.8
하점우체국,43838,61,615,61,615,0,22.53
하점초등학교,43739,23,127,23,127,0,5
하점초등학교,43836,129,13,128,13,1,4.73
하정놀이공원,40942,5685,4461,5685,4461,0,338.2
하정초등학교,40044,2109,1361,2109,1361,0,115.67
하정초등학교,40046,1346,2650,1346,2650,0,133.2
학마을한진아파트정문,41293,2515,3118,2515,3118,0,187.77
학산사거리,37025,5535,280,5535,280,0,193.83
학산사거리,37027,262,3775,262,3775,0,134.57
학산소극장,37169,19613,4188,19613,4188,0,793.37
학산소극장,37173,8586,17850,8586,17850,0,881.2
학생안전체험관,39284,3285,5496,3285,5496,0,292.7
학익.원흥아파트,37015,2093,46,2093,46,0,71.3
학익2동행정복지센터,37150,15101,7927,15101,7927,0,767.6
학익2동행정복지센터,37151,8717,15154,8717,15154,0,795.7
학익SKVIEW·동아풍림아파트,37562,3726,2297,3726,2297,0,200.77
학익고등학교·학익SKVIEW,37029,14143,4022,14143,4022,0,605.5
학익고등학교·학익SKVIEW,37505,4660,10464,4660,10464,0,504.13
학익동구치소,37139,535,1125,535,1125,0,55.33
학익동성당앞,37630,1647,47,1647,47,0,56.47
학익동성당앞,37631,116,844,116,844,0,32
학익동아풍림아파트·SKVIEW,37058,43,786,43,786,0,27.63
학익사거리,37075,4366,1694,4366,1694,0,202
학익사거리,37077,2811,8838,2811,8838,0,388.3
학익사거리(동아풍림아파트),37084,11377,5776,11377,5776,0,571.77
학익사거리(동아풍림아파트),37089,10624,10596,10624,10596,0,707.33
학익시장,37106,15759,5532,15759,5532,0,709.7
학익시장,37112,3230,14236,3230,14236,0,582.2
학익시장(법원검찰청),37080,13583,7207,13583,7207,0,693
학익시장앞,37082,5558,5601,5558,5601,0,371.97
학익여자고등학교,37140,465,1247,465,1247,0,57.07
학익여자고등학교,37566,775,683,775,683,0,48.6
학익풍림아파트,37487,16,3255,16,3255,0,109.03
한가라지고개,90157,1,1,1,1,0,0.07
한가라지고개,90158,4,18,4,18,0,0.73
한가라지입구,90159,36,8,36,8,0,1.47
한가라지입구,90160,1,1,1,1,0,0.07
한가람마을우미린.호수이편한세상,80318,1327,3632,1327,3632,0,165.3
한강로사거리,35291,147,922,147,922,0,35.63
한강로사거리,35295,1072,240,1072,240,0,43.73
한강센트럴블루힐.모아엘가2차,80375,279,371,279,371,0,21.67
한국가스공사,39061,1083,1230,1083,1230,0,77.1
한국가스공사,89273,222,578,222,578,0,26.67
한국가스공사,89274,135,569,135,569,0,23.47
한국가스공사인천지역본부,89114,148,226,148,226,0,12.47
한국가스공사인천지역본부,89115,126,143,126,143,0,8.97
한국거래소,19158,441,24,441,24,0,15.5
한국건설생활환경시험연구원,39312,553,398,553,398,0,31.7
한국건설생활환경시험연구원,39315,901,3619,901,3619,0,150.67
한국공항공사,25002,34,795,34,795,0,27.63
한국공항공사,25144,37,24,37,24,0,2.03
한국국토정보공사인천북부지사,42278,4928,6704,4928,6704,0,387.73
한국국토정보공사인천북부지사,42280,5927,3102,5927,3102,0,300.97
한국글로벌셰프고등학교,43246,155,102,154,102,1,8.57
한국글로벌셰프고등학교,43381,31,67,31,67,0,3.27
한국단자공업연구소,38763,152,755,152,755,0,30.23
한국단자공업연구소,38764,125,262,125,262,0,12.9
한국도심공항터미널,35400,5,78,5,78,0,2.77
한국도심공항터미널,35408,13,198,13,198,0,7.03
한국도심공항터미널,35417,69,22,69,22,0,3.03
한국도심공항터미널앞,35645,51,4,51,4,0,1.83
한국마쓰이,39055,669,1128,669,1128,0,59.9
한국마쓰이,39057,2382,1485,2382,1485,0,128.9
한국만화박물관,40583,5442,14093,5442,14093,0,651.17
한국무역센터.삼성역,23201,4814,1388,4814,1388,0,206.73
한국무역센터.삼성역,23251,274,1603,274,1603,0,62.57
한국산업단지공단,39060,697,132,697,132,0,27.63
한국산업단지공단,39067,89,610,89,610,0,23.3
한국생산기술연구원,38448,477,535,477,535,0,33.73
한국생산기술연구원(주조기술센터),42271,218,1043,218,1043,0,42.03
한국생산기술연구원(주조기술센터),42719,747,374,747,374,0,37.37
한국선교역사기념관,40673,2245,962,2245,962,0,106.9
한국아파트,37017,4122,10536,4122,10536,0,488.6
한국아파트,37682,8453,1756,8453,1756,0,340.3
한국아파트,38154,3584,1937,3584,1937,0,184.03
한국아파트,40790,15464,15710,15464,15710,0,1039.13
한국아파트,40791,14967,13724,14967,13724,0,956.37
한국아파트,40792,3389,13293,3389,13293,0,556.07
한국아파트,40816,11193,9690,11193,9690,0,696.1
한국아파트,41206,5824,3279,5824,3279,0,303.43
한국아파트,41208,2189,3655,2189,3655,0,194.8
한국아파트,80057,2108,52,2108,52,0,72
한국외대송도캠퍼스,38768,2,153,2,153,0,5.17
한국은행,35898,4884,6952,4884,6952,0,394.53
한국전력,42947,22,209,22,209,0,7.7
한국지엠기술교육원,40560,3328,6507,3328,6507,0,327.83
한국지엠기술교육원,40570,5216,3426,5216,3426,0,288.07
한국지엠청라주행시험장,89412,750,1090,750,1090,0,61.33
한국지엠청라주행시험장,89413,1704,2662,1704,2662,0,145.53
한국콘베어공업,92049,18,0,18,0,0,0.6
한국타이어인천물류센터,89221,1517,1740,1517,1740,0,108.57
한국타이어인천물류센터,89222,858,1334,858,1334,0,73.07
한국특수주물(주),42575,240,113,240,113,0,11.77
한국폴리텍2대학남인천캠퍼스,37448,1323,971,1323,971,0,76.47
한국폴리텍2대학남인천캠퍼스,37450,707,558,707,558,0,42.17
한남시티플라자,40253,19517,14012,19517,14012,0,1117.63
한들마을입구(유아교육진흥원),42370,8646,5716,8646,5716,0,478.73
한들마을입구(유아교육진흥원),42371,5032,5215,5032,5215,0,341.57
한라비발디,35459,8761,4764,8748,4764,13,450.83
한라비발디,35460,11231,15566,11230,15566,1,893.23
한라비발디,89180,2357,1468,2357,1468,0,127.5
한라비발디,89181,1528,3612,1528,3612,0,171.33
한라비발디정문,89373,43,1250,43,1250,0,43.1
한라비발디후문.화성파크드림,35658,1476,837,1474,837,2,77.1
한라시멘트,35291,280,395,280,395,0,22.5
한라아파트,39117,1944,3737,1944,3737,0,189.37
한라아파트,39118,6010,1952,6010,1952,0,265.4
한라웨스턴파크송도,38801,146,303,146,303,0,14.97
한림병원,41130,15028,10837,15028,10837,0,862.17
한림병원,41131,12089,17997,12089,17997,0,1002.87
한미반도체,42754,679,1393,679,1393,0,69.07
한미반도체,42755,322,299,322,299,0,20.7
한빛초교앞,39773,1904,7671,1904,7671,0,319.17
한빛초교앞,39774,6645,3187,6645,3187,0,327.73
한사랑어린이집,42461,13,212,13,212,0,7.5
한성아파트,89020,1715,2143,1715,2143,0,128.6
한성자동차학원,42091,570,1477,570,1477,0,68.23
한수조경,43681,1,8,1,8,0,0.3
한수조경,43882,3,3,3,3,0,0.2
한스엔지니어링,42276,563,179,563,179,0,24.73
한스엔지니어링,42279,190,630,190,630,0,27.33
한신더휴2차,35911,2299,932,2296,932,3,107.7
한신더휴스카이파크,35654,1702,2770,1702,2770,0,149.07
한신더휴스카이파크,35655,3069,1686,3069,1686,0,158.5
한신더휴어반파크,89521,1501,771,1501,771,0,75.73
한신더휴테라스,35761,139,87,139,87,0,7.53
한신더휴테라스,35762,125,112,125,112,0,7.9
한신빌리지(A),42249,553,2640,553,2640,0,106.43
한신빌리지(B),42246,3795,699,3795,699,0,149.8
한신빌리지(C),42229,2687,562,2687,562,0,108.3
한신빌리지아파트,42230,848,1200,848,1200,0,68.27
한신삼부아파트,40806,2338,2996,2338,2996,0,177.8
한신아파트,37262,5066,5541,5066,5541,0,353.57
한신아파트,37264,8412,7651,8412,7651,0,535.43
한신아파트,37267,11738,9231,11738,9231,0,698.97
한신아파트,41066,1118,1287,1118,1287,0,80.17
한신아파트,41067,1764,1225,1764,1225,0,99.63
한신아파트,42095,32,1046,32,1046,0,35.93
한신휴아파트,42105,43263,20339,43263,20339,0,2120.07
한신휴아파트,42106,3267,2210,3267,2210,0,182.57
한양2차아파트,37512,10859,4367,10859,4367,0,507.53
한양2차아파트,38055,6643,5495,6643,5495,0,404.6
한양공구,39664,569,10,569,10,0,19.3
한양공구,39753,12,567,12,567,0,19.3
한양공구,42071,251,8099,251,8099,0,278.33
한양쇼핑,40331,1664,7863,1664,7863,0,317.57
한양쇼핑,40333,4348,2047,4348,2047,0,213.17
한양수자인,35450,4163,423,4163,423,0,152.87
한양수자인,42893,3173,5017,3173,5017,0,273
한양수자인(후문),35537,5041,621,5041,621,0,188.73
한양아파트,37076,1772,6502,1772,6502,0,275.8
한양아파트,37079,7007,612,7007,612,0,253.97
한양아파트,40269,440,322,440,322,0,25.4
한양아파트,40310,15272,4650,15272,4650,0,664.07
한양아파트,40356,14647,9970,14647,9970,0,820.57
한양아파트,40905,84,385,84,385,0,15.63
한양아파트,41124,4704,5491,4704,5491,0,339.83
한양아파트2차,38062,4204,6459,4204,6459,0,355.43
한양화학,42523,5052,1990,5052,1990,0,234.73
한일금속,89487,3,1358,3,1358,0,45.37
한일금속,89488,1571,3,1571,3,0,52.47
한일베라체,42839,4351,1537,4351,1537,0,196.27
한일베라체,42865,1703,3286,1703,3286,0,166.3
한일베라체,42948,5127,2657,5127,2657,0,259.47
한일아파트,41295,1069,2097,1069,2097,0,105.53
한일아파트,41296,2176,1162,2176,1162,0,111.27
한일아파트,80195,54,1206,54,1206,0,42
한일튜브(주),42576,340,220,340,220,0,18.67
한전사거리,89069,9,174,9,174,0,6.1
한전사거리,89070,142,526,142,526,0,22.27
한전사택,44090,7,23,7,23,0,1
한전온수출장소,43012,614,527,614,527,0,38.03
한주글로벌,89306,131,1208,131,1208,0,44.63
한진,38540,0,379,0,379,0,12.63
한진,38541,465,2,465,2,0,15.57
한진아파트,38016,21914,17587,21914,17587,0,1316.7
한진아파트,41355,264,619,264,619,0,29.43
한진아파트후문,41300,2342,552,2342,552,0,96.47
한풍산업,39014,534,721,534,721,0,41.83
한화2차,40363,3888,1334,3888,1334,0,174.07
한화꿈에그린,42860,1223,570,1223,570,0,59.77
한화꿈에그린,42872,449,1219,449,1219,0,55.6
한화꿈에그린정문,89372,2717,2241,2717,2241,0,165.27
한화아파트,40351,12042,7383,12042,7383,0,647.5
한화아파트,40379,4223,2820,4223,2820,0,234.77
한화아파트,40380,4714,3364,4714,3364,0,269.27
한화아파트,41375,3734,2802,3734,2802,0,217.87
한화지구공원앞,39654,1952,1061,1952,1061,0,100.43
한희빌딩,39311,2014,4822,2014,4822,0,227.87
함박도서관,38286,8689,7036,8689,7036,0,524.17
함박도서관,38742,605,2313,605,2313,0,97.27
함박마을,38277,7463,2610,7463,2610,0,335.77
함박마을문화복지센터,38291,6809,3440,6809,3440,0,341.63
함박마을문화복지센터,38741,468,2496,468,2496,0,98.8
함박마을입구,38285,3280,8945,3280,8945,0,407.5
함허동천,43352,7,73,6,73,1,2.67
함허동천,43403,131,22,130,22,1,5.1
합동청사역,35207,20113,5935,20113,5935,0,868.27
합정역,14220,177,16328,177,16328,0,550.17
합정역,23029,166,40152,166,40152,0,1343.93
합정역(중),14012,53206,488,53206,488,0,1789.8
항동7가버스차고지,35609,1171,26,1171,26,0,39.9
항동7가버스차고지,35610,59,1119,59,1119,0,39.27
항동7가버스차고지(삼거리),35704,2,379,2,379,0,12.7
항동7가버스차고지(삼거리),35705,616,15,616,15,0,21.03
항운아파트,35065,18614,4076,18614,4076,0,756.33
항운아파트,35481,963,9506,963,9506,0,348.97
항운아파트,35602,357,1964,357,1964,0,77.37
항진축산,39056,541,1595,541,1595,0,71.2
항진축산,39058,1769,1005,1769,1005,0,92.47
항청리종점,43558,95,63,89,63,6,5.27
항포,90248,4,1,4,1,0,0.17
해광병원,40292,82,2863,82,2863,0,98.17
해넘이마을,90135,31,37,31,37,0,2.27
해넘이마을,90136,75,44,75,44,0,3.97
해돋이공원,38008,38,121,38,121,0,5.3
해돋이공원,38010,418,889,418,889,0,43.57
해돋이공원,38718,105,100,105,100,0,6.83
해돋이도서관,38729,182,14,182,14,0,6.53
해돋이도서관,38730,13,548,13,548,0,18.7
해뜨는집앞,35531,26,0,26,0,0,0.87
해뜨는집앞,35726,6,39,6,39,0,1.5
해망,90352,0,2,0,2,0,0.07
해망,90353,5,0,5,0,0,0.17
해명초등학교앞,90179,42,43,42,43,0,2.83
해명초등학교앞,90180,42,91,42,91,0,4.43
해모로월드뷰,39794,1915,545,1915,545,0,82
해모로월드뷰,39805,578,1582,578,1582,0,72
해물탕거리,40782,3866,2046,3866,2046,0,197.07
해병2사단.향동,80054,880,794,880,794,0,55.8
해사고등학교,35503,1597,22,1597,22,0,53.97
해사고등학교.한국이민사박물관,35126,69,2055,69,2055,0,70.8
해서초등학교,41166,592,849,592,849,0,48.03
해서초등학교,41168,637,1547,637,1547,0,72.8
해성단조,42813,251,4,251,4,0,8.5
해송노인요양병원,35552,1,173,1,173,0,5.8
해송노인요양병원,35553,8,3,8,3,0,0.37
해수워터피아,42082,3973,981,3973,981,0,165.13
해수워터피아,42083,988,6657,988,6657,0,254.83
해안도로신항만교,39001,344,1128,344,1128,0,49.07
해안도로신항만교,39002,1084,708,1084,708,0,59.73
해암약수,90161,15,27,12,27,3,1.4
해암약수,90162,3,13,3,13,0,0.53
해양경찰청,38014,2073,3341,2073,3341,0,180.47
해양경찰청,38015,6795,3565,6795,3565,0,345.33
해양경찰청,38411,10196,8367,10196,8367,0,618.77
해양기계,39532,10,63,10,63,0,2.43
해양기계,39696,9,147,9,147,0,5.2
해오름민박,43413,54,21,54,21,0,2.5
해오름민박,43442,5,65,5,65,0,2.33
해원고등학교,42964,80,596,80,596,0,22.53
해원중학교,42972,2281,252,2281,252,0,84.43
해원중학교,42973,172,1032,172,1032,0,40.13
해원중학교후문,42965,2157,1295,2157,1295,0,115.07
해찬나래사거리(환승정류소),35947,1714,427,1714,427,0,71.37
해찬나래사거리(환승정류소),35948,223,1769,223,1769,0,66.4
해피타운앞,44139,7,2,7,2,0,0.3
해피타운앞,44198,35,77,35,77,0,3.73
핸즈코퍼레이션,89262,12,2036,12,2036,0,68.27
핸즈코퍼레이션,89263,1855,100,1855,100,0,65.17
햇내로,35907,5,21,5,21,0,0.87
햇내로,35908,7,11,7,11,0,0.6
햇내로공원입구,35777,37,167,37,167,0,6.8
햇내로공원입구,35784,157,80,157,80,0,7.9
행복마을입구,35687,17,41,17,41,0,1.93
행복육교,40132,80,583,80,583,0,22.1
행자골,43350,1,26,1,26,0,0.9
행자골,43583,26,9,26,9,0,1.17
행정복지센터사거리,40332,873,3152,873,3152,0,134.17
향나무골,43131,5,13,5,13,0,0.6
향나무골,43648,22,9,22,9,0,1.03
향동해병2사단,80055,1045,997,1045,997,0,68.07
향촌휴먼시아2단지,39741,9780,14925,9780,14925,0,823.5
허브주유소,35446,430,583,430,583,0,33.77
허브주유소,35447,532,8738,532,8738,0,309
허튼개,90119,0,26,0,26,0,0.87
허튼개,90120,32,1,31,1,1,1.1
헤나무,43199,1,32,1,32,0,1.1
헤나무,43317,30,3,30,3,0,1.1
현광아파트,37007,2367,10,2367,10,0,79.23
현광아파트,37488,6,2460,6,2460,0,82.2
현광아파트,39380,17268,17448,17268,17448,0,1157.2
현광아파트,41071,6938,2236,6938,2236,0,305.8
현광아파트,41432,3096,6576,3096,6576,0,322.4
현광아파트,42258,71,278,71,278,0,11.63
현광아파트(호산부인과),39376,30625,18390,30625,18390,0,1633.83
현광아파트·포레나루원시티아파트,42260,634,259,634,259,0,29.77
현광아파트후문,37560,2288,13,2288,13,0,76.7
현광아파트후문앞,37559,5,1565,5,1565,0,52.33
현대.태화아파트,41402,605,3754,605,3754,0,145.3
현대102동,40146,2281,726,2281,726,0,100.23
현대121동,40137,5053,665,5053,665,0,190.6
현대1단지관리사무소,40740,147,2915,147,2915,0,102.07
현대1차아파트,38061,6618,4324,6618,4324,0,364.73
현대1차아파트,41365,9729,1000,9729,1000,0,357.63
현대1차아파트정문,41367,95,374,95,374,0,15.63
현대207동,40168,257,7181,257,7181,0,247.93
현대209동,40167,8924,374,8924,374,0,309.93
현대2차아파트,38173,2101,2522,2101,2522,0,154.1
현대2차아파트,41106,852,4860,852,4860,0,190.4
현대2차아파트,41112,8485,781,8485,781,0,308.87
현대2차아파트,41366,627,6543,627,6543,0,239
현대2차아파트정문,41364,450,5834,450,5834,0,209.47
현대310동(서중학교),40097,498,2599,498,2599,0,103.23
현대3단지,40127,10042,7756,10042,7756,0,593.27
현대3단지,40129,9777,12191,9777,12191,0,732.27
현대3차아파트,38168,19996,10927,19996,10927,0,1030.77
현대3차아파트,38342,17246,15256,17246,15256,0,1083.4
현대4차아파트,38158,2299,2941,2299,2941,0,174.67
현대4차아파트,38183,2394,2869,2394,2869,0,175.43
현대4차아파트,38186,3386,1527,3386,1527,0,163.77
현대5차,40405,10636,7395,10636,7395,0,601.03
현대5차,40408,6874,4331,6874,4331,0,373.5
현대5차아파트,38176,4272,1551,4272,1551,0,194.1
현대동부시장,36041,13307,6682,13307,6682,0,666.3
현대모닝.임광그대가아파트,39579,8323,3626,8323,3626,0,398.3
현대슈퍼,43376,629,17,626,17,3,21.53
현대슈퍼,43617,2,94,2,94,0,3.2
현대시장,36042,9573,7207,9573,7207,0,559.33
현대시장,36043,8320,10403,8320,10403,0,624.1
현대시장,36118,8358,8829,8358,8829,0,572.9
현대써비스,42021,3348,2809,3348,2809,0,205.23
현대아파트,35396,518,28,518,28,0,18.2
현대아파트,37154,2807,6601,2807,6601,0,313.6
현대아파트,37161,5874,3302,5874,3302,0,305.87
현대아파트,39267,5614,5604,5614,5604,0,373.93
현대아파트,39271,6049,4451,6049,4451,0,350
현대아파트,40112,37079,30587,37079,30587,0,2255.53
현대아파트,40681,1502,7396,1502,7396,0,296.6
현대아파트,40682,7713,1266,7713,1266,0,299.3
현대아파트,40737,752,2244,752,2244,0,99.87
현대아파트,40788,38322,36553,38322,36553,0,2495.83
현대아파트,43082,18,180,18,180,0,6.6
현대아파트,43083,1140,210,1140,210,0,45
현대아파트.소망마을,35727,92,2374,92,2374,0,82.2
현대아파트.통진도서관,80135,154,717,154,717,0,29.03
현대아파트.통진도서관,80136,854,107,854,107,0,32.03
현대아파트105동,40734,94,968,94,968,0,35.4
현대아파트105동,40735,828,230,828,230,0,35.27
현대아파트113동,40105,12118,6916,12118,6916,0,634.47
현대아파트116동,40732,1399,157,1399,157,0,51.87
현대아파트119동,40733,55,4390,55,4390,0,148.17
현대아파트120동앞,40140,179,3892,179,3892,0,135.7
현대아파트313동,40103,6093,14901,6093,14901,0,699.8
현대오일뱅크,41459,2025,1387,2025,1387,0,113.73
현대제철,36086,586,1217,586,1217,0,60.1
현대제철,36123,2565,848,2565,848,0,113.77
현대제철정문,36133,676,1477,676,1477,0,71.77
현대철강레이져,90220,1,1,1,1,0,0.07
현대철강레이져,90221,17,0,17,0,0,0.57
현송중학교.힐스테이트레이크송도3차,38744,9028,3061,9028,3061,0,402.97
현송중학교.힐스테이트레이크송도3차,38745,5673,6268,5673,6268,0,398.03
형제마트,40004,394,1424,394,1424,0,60.6
형제마트,40006,1237,468,1237,468,0,56.83
혜덕,90217,3,0,3,0,0,0.1
혜성프라자,40393,22615,14828,22615,14828,0,1248.1
혜성프라자,40395,16972,17780,16972,17780,0,1158.4
호구포역,39784,6490,7865,6490,7865,0,478.5
호구포역,39785,10591,8405,10591,8405,0,633.2
호구포역2번출구,92040,1679,722,1679,722,0,80.03
호명사입구,40093,6,880,6,880,0,29.53
호박골,43437,9,22,8,22,1,1.03
호박골,43784,59,7,59,7,0,2.2
호박골사거리,43123,5,42,5,42,0,1.57
호박골사거리,43124,47,11,45,11,2,1.93
호박골사거리,43706,15,218,15,218,0,7.77
호박골사거리,43804,97,15,97,15,0,3.73
호반베르디움,42855,794,4595,794,4595,0,179.63
호반베르디움14단지,42880,1405,4183,1405,4183,0,186.27
호반베르디움214동앞,42998,474,752,474,752,0,40.87
호반베르디움2차,89112,1470,1472,1470,1472,0,98.07
호반베르디움2차,89113,1475,984,1475,984,0,81.97
호반베르디움3차아파트,42743,2590,7503,2590,7503,0,336.43
호반베르디움3차아파트,42908,1753,4680,1753,4680,0,214.43
호반베르디움아파트,39922,2712,1760,2712,1760,0,149.07
호반베르디움아파트107동,92011,5542,377,5542,377,0,197.3
호반써밋1차3101동,89393,125,3170,125,3170,0,109.83
호반써밋1차3101동,89394,1639,92,1639,92,0,57.7
호반써밋1차아파트,89472,1798,187,1798,187,0,66.17
호반써밋1차아파트,89473,590,2216,590,2216,0,93.53
호반써밋송도,38637,6616,163,6616,163,0,225.97
호반써밋송도(109동),38634,2521,2991,2521,2991,0,183.73
호반써밋스카이센트럴1차아파트,35892,373,1717,373,1717,0,69.67
호반써밋스카이센트럴1차아파트,35893,1524,443,1524,443,0,65.57
호불사입구,38180,2807,3334,2807,3334,0,204.7
호불사입구,38182,2855,2725,2855,2725,0,186
호세요양원,43221,29,95,29,95,0,4.13
호세요양원,43311,5,14,5,14,0,0.63
호수공원,89103,166,560,166,560,0,24.2
호수공원,89104,3044,803,3044,803,0,128.23
호수공원음악분수,89027,2965,1810,2965,1810,0,159.17
호수공원음악분수,89028,1608,3373,1608,3373,0,166.03
호수마을5단지후문,35270,62,126,62,126,0,6.27
호수마을5단지후문,35735,124,107,124,107,0,7.7
호수마을이편한세상.한가람우미린,80319,1379,578,1379,578,0,65.23
홈씨씨인천점,42955,4,303,4,303,0,10.23
홈씨씨인천점,42957,63,12,63,12,0,2.5
홈씨씨인천점,89188,662,1058,662,1058,0,57.33
홈플러스,35218,273,1056,273,1056,0,44.3
홈플러스,80070,206,2535,206,2535,0,91.37
홈플러스,89225,789,605,789,605,0,46.47
홈플러스.산림조합,80018,2622,128,2622,128,0,91.67
홍대입구역,23011,691,14323,691,14323,0,500.47
홍대입구역,23031,75217,289,75217,289,0,2516.87
홍대입구역,23032,689,42261,689,42261,0,1431.67
홍예문·공영주차장,35794,7,546,7,546,0,18.43
홍예문·공영주차장,35806,31,578,31,578,0,20.3
홍의사거리,43798,80,19,80,19,0,3.3
홍의사거리,43813,5,25,5,25,0,1
홍의삼거리,43441,14,26,14,26,0,1.33
홍의삼거리,43613,31,18,31,18,0,1.63
홍익자원,35514,1670,677,1670,677,0,78.23
홍익자원,35515,74,969,74,969,0,34.77
홍현마을,90002,33,4,33,4,0,1.23
홍현마을,90003,7,31,5,31,2,1.27
화개사입구,90034,4,67,4,67,0,2.37
화개사입구,90035,70,2,68,2,2,2.4
화개정원,90405,153,246,152,246,1,13.3
화곡역,16147,60751,70966,60751,70966,0,4390.57
화도,43077,92,110,90,110,2,6.73
화도고개,36027,1743,2224,1743,2224,0,132.23
화도고개,36028,1498,3948,1498,3948,0,181.53
화도돈대,43676,22,9,22,9,0,1.03
화도돈대,43863,4,33,4,33,0,1.23
화도진공원.화도진도서관,36033,11015,3621,11015,3621,0,487.87
화도진공원.화도진도서관,36035,3602,11781,3602,11781,0,512.77
화도진중학교,36064,3302,885,3302,885,0,139.57
화도진중학교,36066,1199,3410,1199,3410,0,153.63
화도터미널,43104,1192,1542,1187,1542,5,91.13
화도터미널,43105,1405,880,1405,880,0,76.17
화력발전소,42628,880,964,880,964,0,61.47
화문석문화관,43452,1,15,1,15,0,0.53
화문석문화관,43697,7,1,7,1,0,0.27
화물터미널,35039,15,1241,15,1241,0,41.87
화물터미널,35040,935,19,935,19,0,31.8
화성보일러,39107,2825,5844,2825,5844,0,288.97
화성파크드림.스카이시티자이,35651,7622,2770,7605,2770,17,346.4
화성파크드림오션브릿지,35872,2280,2627,2280,2627,0,163.57
화성파크드림후문.한라비발디,35659,533,2101,533,2101,0,87.8
화수부두,36147,619,1564,619,1564,0,72.77
화수사거리,36072,2351,805,2351,805,0,105.2
화수사거리,36104,312,1305,312,1305,0,53.9
화전초교사거리,41087,1282,1774,1282,1774,0,101.87
화전초등학교,41085,88,10,88,10,0,3.27
화전초등학교,41086,16,61,16,61,0,2.57
화평철교.화평동냉면거리,36014,3459,3943,3459,3943,0,246.73
화평철교.화평동냉면거리,36016,16129,21628,16129,21628,0,1258.57
화훼단지,89489,29,10,29,10,0,1.3
화훼단지·당미교,41462,119,305,119,305,0,14.13
화훼단지·당미교,41463,121,226,121,226,0,11.57
환경공단강화사업소,90109,0,18,0,18,0,0.6
환경공단강화사업소,90110,4,2,4,2,0,0.2
황곡노인정,89310,76,7,76,7,0,2.77
황곡노인정,89320,90,82,88,82,2,5.73
황곡상회,89311,29,2,29,2,0,1.03
황곡상회,89330,0,35,0,35,0,1.17
황골,43992,13,79,13,79,0,3.07
황골,43993,58,9,58,9,0,2.23
황골마을,43135,1,8,1,8,0,0.3
황골마을,43277,19,0,19,0,0,0.63
황련사입구,43328,87,79,87,79,0,5.53
황련사입구,43630,10,5,10,5,0,0.5
황룡사,89624,0,22,0,22,0,0.73
황산도,43263,13,3,13,3,0,0.53
황산도,43635,1,6,1,6,0,0.23
황산도관광밸트,43873,2,12,2,12,0,0.47
황산도관광밸트,43876,1,4,1,4,0,0.17
황산도입구,43636,41,7,41,7,0,1.6
황산도입구,43861,12,16,12,16,0,0.93
황청리종점,90207,1,0,1,0,0,0.03
효성2동치안센터,41024,2653,9715,2653,9715,0,412.27
효성고등학교,41074,869,621,869,621,0,49.67
효성고등학교,41075,594,1913,594,1913,0,83.57
효성남초등학교,41040,5984,3078,5984,3078,0,302.07
효성노인문화센터,41409,798,2824,798,2824,0,120.73
효성노인문화센터,41410,1204,909,1204,909,0,70.43
효성농협,41039,2312,1304,2312,1304,0,120.53
효성뉴서울아파트,41060,10167,2230,10167,2230,0,413.23
효성뉴서울아파트,41061,2821,12162,2821,12162,0,499.43
효성뉴서울아파트202동,41078,2007,15534,2007,15534,0,584.7
효성뉴서울아파트204동,41368,13637,2101,13637,2101,0,524.6
효성대신아파트,41041,5878,2561,5878,2561,0,281.3
효성대신아파트,41042,405,4329,405,4329,0,157.8
효성도서관,41420,3259,451,3259,451,0,123.67
효성동동화운수차고지,41573,11568,4162,11568,4162,0,524.33
효성명현초등학교,41065,2358,767,2358,767,0,104.17
효성사거리,41017,983,5973,983,5973,0,231.87
효성사거리,41018,12993,4400,12993,4400,0,579.77
효성사거리,41019,6281,8482,6281,8482,0,492.1
효성사거리,41631,1411,843,1411,843,0,75.13
효성상아아파트,39357,14788,17366,14788,17366,0,1071.8
효성상아아파트,39358,20402,14267,20402,14267,0,1155.63
효성서초등학교,41557,4023,983,4023,983,0,166.87
효성서초등학교,41558,973,3715,973,3715,0,156.27
효성서초등학교,41579,209,496,209,496,0,23.5
효성서초등학교,41580,1356,741,1356,741,0,69.9
효성성모병원,41022,9193,310,9193,310,0,316.77
효성소방파출소,41023,10333,3680,10333,3680,0,467.1
효성신사거리,41030,1852,8458,1852,8458,0,343.67
효성신사거리,41031,7829,1545,7829,1545,0,312.47
효성아파트,42166,10685,2591,10685,2591,0,442.53
효성아파트,42168,2931,10178,2931,10178,0,436.97
효성중앙교회,41021,240,11721,240,11721,0,398.7
효성프라자,41052,11698,7274,11698,7274,0,632.4
효성프라자,41055,4635,5504,4635,5504,0,337.97
효성현대3차,41049,1555,3419,1555,3419,0,165.8
효성현대3차아파트,41051,864,426,864,426,0,43
효성현대4차,41035,2372,3816,2372,3816,0,206.27
효성현대4차아파트,41036,3822,1397,3822,1397,0,173.97
효자교앞,90199,16,1,16,1,0,0.57
효자교앞,90200,7,11,7,11,0,0.6
효정아파트,38260,1304,2097,1304,2097,0,113.37
후정초등학교.삼산도서관,40685,181,1397,181,1397,0,52.6
후지테크,39051,2265,1473,2265,1473,0,124.6
후지테크,39052,492,2025,492,2025,0,83.9
후포항입구,43431,18,85,18,85,0,3.43
후포항입구,43481,67,17,66,17,1,2.8
휴먼시아1단지,40837,3131,6479,3131,6479,0,320.33
휴먼시아1단지,40838,6604,1822,6604,1822,0,280.87
휴먼시아1단지,40840,1130,2,1130,2,0,37.73
휴먼시아1단지,40852,101,2088,101,2088,0,72.97
휴먼시아푸르내마을13단지,39617,5654,2385,5654,2385,0,267.97
휴먼시아푸르내마을13단지,39618,1836,3784,1836,3784,0,187.33
휴먼시아푸르내마을13단지후문,39611,3441,7134,3441,7134,0,352.5
휴먼시아후문,42885,10061,4104,10061,4104,0,472.17
흥성리,18804,4,245,4,245,0,8.3
흥성리,62029,258,3,258,3,0,8.7
흥왕2리마을회관앞,43122,18,37,18,37,0,1.83
흥왕2리마을회관앞,43520,44,11,44,11,0,1.83
흥왕리,90073,0,2,0,2,0,0.07
흥왕리,90074,2,16,0,16,2,0.6
흥왕상회,43502,36,14,36,14,0,1.67
흥왕상회,43516,16,9,15,9,1,0.83
희경산업·남동스카이장례식장,39031,387,297,387,297,0,22.8
희경산업·남동스카이장례식장,39961,96,395,96,395,0,16.37
희망찬요양병원,38126,4975,7568,4975,7568,0,418.1
희망천입구,40091,4894,4325,4894,4325,0,307.3
희망천입구,40799,5033,5138,5033,5138,0,339.03
희망체육공원입구,40912,5298,5703,5298,5703,0,366.7
희성금속,42018,190,545,190,545,0,24.5
힐데스하임,42876,8964,2823,8964,2823,0,392.9
힐스테이트,35457,15003,12738,14965,12738,38,924.7
힐스테이트,35458,8384,5415,8382,5415,2,459.97
힐스테이트레이크송도(후문),38630,2497,1490,2497,1490,0,132.9
힐스테이트레이크송도(후문),38656,1430,1875,1430,1875,0,110.17
힐스테이트레이크송도1차입구,38655,1585,1027,1585,1027,0,87.07
힐스테이트레이크송도1차입구,38751,667,1297,667,1297,0,65.47
힐스테이트레이크송도2차(201동),38641,2825,2773,2825,2773,0,186.6
힐스테이트레이크송도2차(201동),38657,2463,1743,2463,1743,0,140.2
힐스테이트레이크송도4차,38784,487,2235,487,2235,0,90.73
힐스테이트레이크송도4차,38789,1100,528,1100,528,0,54.27
힐스테이트레이크송도4차403동,38804,98,771,98,771,0,28.97
힐스테이트레이크송도4차정문,38802,5853,885,5853,885,0,224.6
힐스테이트레이크송도4차정문,38803,1018,5998,1018,5998,0,233.87
힐스테이트레이크송도4차후문,38805,169,993,169,993,0,38.73
힐스테이트레이크송도4차후문,38806,701,78,701,78,0,25.97
힐스테이트송도더스카이,38796,3181,7553,3181,7553,0,357.8
힐스테이트송도더테라스(정문),38715,2695,928,2695,928,0,120.77
힐스테이트송도더테라스(정문),38716,940,1564,940,1564,0,83.47
힐스테이트송도더테라스(후문),38713,2604,1906,2604,1906,0,150.33
힐스테이트송도더테라스(후문),38714,1517,2183,1517,2183,0,123.33
힐스테이트신검단센트럴,89572,4100,6461,4100,6461,0,352.03
힐스테이트인천시청역,39260,4139,4409,4139,4409,0,284.93
힐스테이트인천시청역,39261,3720,3481,3720,3481,0,240.03
힐스테이트자이계양아파트,41072,1668,2850,1668,2850,0,150.6
힐스테이트푸르지오주안,37293,35313,40506,35313,40506,0,2527.3
힐스테이트푸르지오주안아파트,37680,14321,14475,14321,14475,0,959.87
힐스테이트학익,37022,5052,10026,5052,10026,0,502.6
힐스테이트학익,37023,7547,9775,7547,9775,0,577.4
힐스테이트학익104동앞,37669,1531,2388,1531,2388,0,130.63
힐스테이트학익104동앞,37670,9646,5631,9646,5631,0,509.23
힐캐슬프라자,39329,12631,19326,12631,19326,0,1065.23
힐캐슬프라자,39331,21022,10543,21022,10543,0,1052.17
힘찬병원,40891,5415,7688,5415,7688,0,436.77
힘찬병원,40892,4421,3307,4421,3307,0,257.6
